tier	owner	function	file
A_PREDICT	AITrustNetworkAI	recordPositivePrediction	v3/scoring/AITrustNetworkAI.kt
G_PROTOCOL	AcceptanceInvariantAuthority6501	checkJournalVsLedger	engine/truth/AcceptanceInvariantAuthority6501.kt
A_PREDICT	AdaptiveLearningEngine	calculateOutcomeScore	engine/AdaptiveLearningEngine.kt
A_PREDICT	AdaptiveLearningEngine	extractPatterns	engine/AdaptiveLearningEngine.kt
A_PREDICT	BehaviorAI	isPatternBoosted	v3/scoring/BehaviorAI.kt
A_PREDICT	BehaviorAI	isPatternSuppressed	v3/scoring/BehaviorAI.kt
A_PREDICT	BehaviorLearning	getTopBadPatterns	engine/BehaviorLearning.kt
A_PREDICT	BehaviorLearning	getTopGoodPatterns	engine/BehaviorLearning.kt
A_PREDICT	BlueChipTraderAI	getStockTrustScore	v3/scoring/BlueChipTraderAI.kt
A_PREDICT	BotBrain	getBlendedWinRate	engine/BotBrain.kt
D_DISPLAY	BrainNetworkView	updateLayerAccuracy	ui/BrainNetworkView.kt
G_PROTOCOL	CanonicalEntryPipeline6398	buildScoreEnvelope	engine/truth/CanonicalEntryPipeline6398.kt
G_PROTOCOL	CanonicalFill6393	confidence	engine/truth/ForensicFinalityAndTuner6393.kt
G_PROTOCOL	CanonicalFill6393	scoreFloorBlock	engine/truth/ForensicFinalityAndTuner6393.kt
A_PREDICT	CashGenerationAI	getCurrentConfidenceThreshold	v3/scoring/CashGenerationAI.kt
A_PREDICT	CashGenerationAI	getCurrentScoreThreshold	v3/scoring/CashGenerationAI.kt
A_PREDICT	ClassificationProvenanceGuard6450	qualifyQuality	engine/truth/ClassificationProvenanceGuard6450.kt
A_PREDICT	CoinGeckoTrending	getSolanaEcosystemMomentum	network/CoinGeckoTrending.kt
A_PREDICT	ColdStartPriors	coldStartScoreFloor	engine/ColdStartPriors.kt
D_DISPLAY	CollectiveBrainActivity	updateBoostState	ui/CollectiveBrainActivity.kt
A_PREDICT	CollectiveIntelligenceAI	analyzePatternQuality	v3/scoring/CollectiveIntelligenceAI.kt
A_PREDICT	CollectiveIntelligenceAI	getCreatorReputation	v3/scoring/CollectiveIntelligenceAI.kt
A_PREDICT	CollectiveIntelligenceAI	getSourceReliability	v3/scoring/CollectiveIntelligenceAI.kt
A_PREDICT	CollectiveIntelligenceAI	synthesizeConsensus	v3/scoring/CollectiveIntelligenceAI.kt
A_PREDICT	CollectiveLearning	getHighLossPatterns	collective/CollectiveLearning.kt
A_PREDICT	CollectiveLearning	getHighWinPatterns	collective/CollectiveLearning.kt
A_PREDICT	CollectiveLearning	getNetworkBoostForMint	collective/CollectiveLearning.kt
H_MUTATOR	CollectiveLearning	uploadLocalPatternAggregates	collective/CollectiveLearning.kt
A_PREDICT	CommonSenseTradePlaybook	fluidScore6020	engine/CommonSenseTradePlaybook.kt
A_PREDICT	CorrelationScanner	getActionableSignals	perps/CorrelationScanner.kt
A_PREDICT	CrossAssetLeadLagAI	getRotationProbability	v4/meta/CrossAssetLeadLagAI.kt
A_PREDICT	CrossTalkFusionEngine	getLatestSignal	v4/meta/CrossTalkFusionEngine.kt
A_PREDICT	CrossTalkFusionEngine	getSignalsForMarket	v4/meta/CrossTalkFusionEngine.kt
A_PREDICT	CrossTalkFusionEngine	getSignalsForSymbol	v4/meta/CrossTalkFusionEngine.kt
A_PREDICT	DataOrchestrator	scoreSentimentWithLlm	engine/DataOrchestrator.kt
A_PREDICT	EdgeLearning	getApprovalAccuracy	engine/EdgeLearning.kt
A_PREDICT	EdgeLearning	getPatternCount	engine/EdgeLearning.kt
A_PREDICT	EdgeOptimizer	calculateWeightedScores	engine/EdgeOptimizer.kt
A_PREDICT	EducationSubLayerAI	getApprovalPatterns	v3/scoring/EducationSubLayerAI.kt
A_PREDICT	EducationSubLayerAI	getEdgeLedger	v3/scoring/EducationSubLayerAI.kt
A_PREDICT	EducationSubLayerAI	getLayerAccuracyRaw	v3/scoring/EducationSubLayerAI.kt
H_MUTATOR	EducationSubLayerAI	recordGeneralSignal	v3/scoring/EducationSubLayerAI.kt
H_MUTATOR	EntryRejectionTelemetry6396	emitScoreFloorReject	engine/truth/EntryRejectionTelemetry6396.kt
F_DEAD	ExecutableEntryAuthority6450	scoreFloorDelta6487	engine/truth/ExecutableEntryAuthority6450.kt
A_PREDICT	ExecutableEntryAuthority6450	scoreFloorDeltaFor6488	engine/truth/ExecutableEntryAuthority6450.kt
A_PREDICT	ExecutableOpenGate	mutableSignalCanVeto6519	engine/ExecutableOpenGate.kt
A_PREDICT	ExplorationBudget	allowShadowSignal	engine/learning/ExplorationBudget.kt
A_PREDICT	FluidLearning	getExitTagWinRate	engine/FluidLearning.kt
F_DEAD	FluidLearningAI	getAltsSpotScoreThreshold	v3/scoring/FluidLearningAI.kt
A_PREDICT	FluidLearningAI	getBootstrapConfidenceBoost	v3/scoring/FluidLearningAI.kt
A_PREDICT	FluidLearningAI	getHeuristicSignal	v3/scoring/FluidLearningAI.kt
G_PROTOCOL	ForensicEventEnvelope6430	setLedgerEpoch	engine/truth/ForensicEventEnvelope6430.kt
A_PREDICT	HistoricalChartScanner	getBestModeForConditions	engine/HistoricalChartScanner.kt
A_PREDICT	HistoricalChartScanner	getHistoricalRecommendation	engine/HistoricalChartScanner.kt
H_MUTATOR	HostWalletTokenTracker	recordExitSignalled	engine/HostWalletTokenTracker.kt
A_PREDICT	InsiderTrackerAI	getAlphaWallets	v3/scoring/InsiderTrackerAI.kt
A_PREDICT	InsiderTrackerAI	getSignalsByToken	v3/scoring/InsiderTrackerAI.kt
A_PREDICT	InsiderTrackerAI	getSignalsByWallet	v3/scoring/InsiderTrackerAI.kt
H_MUTATOR	InsiderWalletTracker	setSignalCallback	perps/InsiderWalletTracker.kt
A_PREDICT	LiveBreakEvenGuard	expectedEdgePct	engine/LiveBreakEvenGuard.kt
A_PREDICT	LiveBreakEvenGuard	requiredEdgePct	engine/LiveBreakEvenGuard.kt
A_PREDICT	LiveStylePivotRouter	bestQualityLane	engine/LiveStylePivotRouter.kt
A_PREDICT	LiveStylePivotRouter	canGreenBootstrapFullQualityRelease	engine/LiveStylePivotRouter.kt
A_PREDICT	LiveStylePivotRouter	pivotThinDepthToQuality	engine/LiveStylePivotRouter.kt
A_PREDICT	LiveStylePivotRouter	promoteQuality	engine/LiveStylePivotRouter.kt
A_PREDICT	LiveStylePivotRouter	qualityReleaseMultiplier	engine/LiveStylePivotRouter.kt
A_PREDICT	LiveTradeLogStore	terminalPhaseFor	engine/LiveTradeLogStore.kt
A_PREDICT	ManipulatedTraderAI	calcManipScore	v3/scoring/ManipulatedTraderAI.kt
A_PREDICT	MarketStructureRouter	fluidScoreBonus	v3/modes/MarketStructureRouter.kt
A_PREDICT	MetaCognitionAI	patternMapToJson	v3/scoring/MetaCognitionAI.kt
H_MUTATOR	MetaCognitionAI	recordEntryPredictions	v3/scoring/MetaCognitionAI.kt
A_PREDICT	MomentumPredictorAI	getPredictionAccuracy	engine/MomentumPredictorAI.kt
A_PREDICT	MomentumPredictorAI	getStrongMomentumTokens	engine/MomentumPredictorAI.kt
A_PREDICT	NoHardScoreEntryGateGuard6400	hardScoreGateActive	engine/truth/NoHardScoreEntryGateGuard6400.kt
A_PREDICT	OperatorFingerprintAI	scoreHint	v3/scoring/OperatorFingerprintAI.kt
A_PREDICT	OrthogonalSignals	calculateAgePatternScore	engine/OrthogonalSignals.kt
A_PREDICT	PatternBacktester	getConfidenceAdjustments	engine/PatternBacktester.kt
A_PREDICT	PatternClassifier	liveWinRate	engine/PatternClassifier.kt
A_PREDICT	PatternClassifier	liveWinRatePct	engine/PatternClassifier.kt
A_PREDICT	PatternClassifier	paperWinRate	engine/PatternClassifier.kt
A_PREDICT	PatternGoldenGoose	scoreBias	engine/PatternGoldenGoose.kt
A_PREDICT	PerpsAdvancedAI	getHourlyWinRate	perps/PerpsAdvancedAI.kt
A_PREDICT	PerpsAdvancedAI	getMomentumRanking	perps/PerpsAdvancedAI.kt
A_PREDICT	PerpsAutoReplayLearner	getLosingPatterns	perps/PerpsAutoReplayLearner.kt
A_PREDICT	PerpsAutoReplayLearner	getWinningPatterns	perps/PerpsAutoReplayLearner.kt
A_PREDICT	PerpsAutoReplayLearner	matchesLosingPattern	perps/PerpsAutoReplayLearner.kt
A_PREDICT	PerpsAutoReplayLearner	matchesWinningPattern	perps/PerpsAutoReplayLearner.kt
A_PREDICT	PerpsDirection	getSignalStrength	perps/PerpsModels.kt
A_PREDICT	PerpsDirection	isHighConfidence	perps/PerpsModels.kt
G_PROTOCOL	PerpsHandoffIdempotency6632	acknowledgeReceipt	engine/truth/PerpsHandoffIdempotency6632.kt
G_PROTOCOL	PerpsHandoffIdempotency6632	sweepUnacknowledged6632	engine/truth/PerpsHandoffIdempotency6632.kt
A_PREDICT	PerpsLearningBridge	getAccuracy	perps/PerpsLearningBridge.kt
A_PREDICT	PerpsLearningBridge	getStockLayerRecommendations	perps/PerpsLearningBridge.kt
H_MUTATOR	PerpsNotificationManager	notifyPatternDiscovered	perps/PerpsNotificationManager.kt
H_MUTATOR	PerpsNotificationManager	notifyStrongSignal	perps/PerpsNotificationManager.kt
A_PREDICT	PerpsPerformanceAttribution	getLayerRankings	perps/PerpsPerformanceAttribution.kt
A_PREDICT	PerpsTradeHeatmap	getAIRecommendation	perps/PerpsTradeHeatmap.kt
A_PREDICT	PerpsTradeHeatmap	getHeatScore	perps/PerpsTradeHeatmap.kt
A_PREDICT	PerpsTraderAI	getLifetimeWinRatePct	perps/PerpsTraderAI.kt
A_PREDICT	PositionSizing	getRecommendedSize	engine/PositionSizing.kt
A_PREDICT	PythOracle	getConfidencePct	perps/PythOracle.kt
A_PREDICT	QualityTraderAI	getRecommendedLeverage	v3/scoring/QualityTraderAI.kt
A_PREDICT	QuantMetrics	calculateWinRateStats	engine/quant/QuantMetrics.kt
A_PREDICT	QuantMindV2	getEdgeDecay	engine/quant/QuantMindV2.kt
A_PREDICT	QuantMindV2	getMomentumDecomposition	engine/quant/QuantMindV2.kt
A_PREDICT	QuantMindV2	getMomentumState	engine/quant/QuantMindV2.kt
H_MUTATOR	QuantMindV2	updateMomentum	engine/quant/QuantMindV2.kt
H_MUTATOR	ReentryGuard	onBadMemoryScore	engine/ReentryGuard.kt
A_PREDICT	RuntimeTune6833	exitWorkerShouldBoost	engine/truth/RuntimeTune6833.kt
A_PREDICT	RuntimeTune6833	isHighEdge	engine/truth/RuntimeTune6833.kt
A_PREDICT	ScoreComponent	sourceScore	v3/scoring/ScoreCard.kt
A_PREDICT	ScoreDistributionHistogram6396	recommendAdaptiveBaseline	engine/truth/ScoreDistributionHistogram6396.kt
H_MUTATOR	SemanticPatternGraph	addEdge	engine/SemanticPatternGraph.kt
A_PREDICT	SemanticPatternGraph	edgeCount6512	engine/SemanticPatternGraph.kt
H_MUTATOR	SentientPersonality	onTrustScoreChange	engine/SentientPersonality.kt
A_PREDICT	ShadowLearningEngine	getAvoidAccuracy	v3/learning/ShadowLearningEngine.kt
A_PREDICT	ShadowLearningEngine	getPerformanceByConfidence	v3/learning/ShadowLearningEngine.kt
A_PREDICT	ShadowLearningEngine	getPerformanceRanking	engine/ShadowLearningEngine.kt
A_PREDICT	SignalQualityTracker	isPredictive	engine/SignalQualityTracker.kt
A_PREDICT	SmartExitOptimizer	getMinConfidenceAdvisory	engine/SmartExitOptimizer.kt
A_PREDICT	SocialVelocityAI	getBoostAmount	v3/scoring/SocialVelocityAI.kt
A_PREDICT	SocialVelocityAI	isBoosted	v3/scoring/SocialVelocityAI.kt
A_PREDICT	SocialVelocityAI	refreshBoostedTokens	v3/scoring/SocialVelocityAI.kt
A_PREDICT	SocialVelocityAI	refreshBoostedTokensAsync	v3/scoring/SocialVelocityAI.kt
A_PREDICT	SoftScoreShaping6400	softConfidenceFor	engine/truth/SoftScoreShaping6400.kt
E_INFILE	SourceTimingRegistry	isLateSignal	v3/arb/SourceTimingRegistry.kt
A_PREDICT	SuperBrainEnhancements	getAggregatedSignal	engine/SuperBrainEnhancements.kt
A_PREDICT	SymbolicContext	getAllSignals	engine/SymbolicContext.kt
E_INFILE	TacticSwitcher	posteriorLossProbAboveForTest	engine/learning/TacticSwitcher.kt
A_PREDICT	ToolkitSignalSheet	causalScore	engine/ToolkitSignalSheet.kt
A_PREDICT	ToxicModeCircuitBreaker	isToxicPattern	engine/ToxicModeCircuitBreaker.kt
H_MUTATOR	TradeDatabase	clearBadPattern	engine/TradeDatabase.kt
A_PREDICT	TradeDatabase	getSignalWinRate	engine/TradeDatabase.kt
A_PREDICT	TradeHistoryStore	getWinRate24h	engine/TradeHistoryStore.kt
A_PREDICT	TradeLessonRecorder	getWinRateForLane	v4/meta/TradeLessonRecorder.kt
A_PREDICT	TradeLifecycle	noSignal	engine/TradeLifecycle.kt
A_PREDICT	TradingCopilot	confidenceFloor	engine/TradingCopilot.kt
A_PREDICT	TradingCopilot	convictionBoost	engine/TradingCopilot.kt
A_PREDICT	TradingMemory	getPatternWinRate	engine/TradingMemory.kt
A_PREDICT	TradingMemory	matchesRugPattern	engine/TradingMemory.kt
A_PREDICT	TrailingStopManager	getRecommendedStopType	engine/TrailingStopManager.kt
A_PREDICT	TursoClient	getMarketsAssetRankings	collective/TursoClient.kt
H_MUTATOR	TursoClient	savePerpsPattern	collective/TursoClient.kt
A_PREDICT	UnifiedPolicyHead	brierScore	engine/UnifiedPolicyHead.kt
A_PREDICT	UnifiedScorer	scoreWithArb	v3/scoring/UnifiedScorer.kt
G_PROTOCOL	V3VerdictContract6622	softConfidenceMultiplier6622	engine/truth/V3VerdictContract6622.kt
A_PREDICT	WhaleWalletTracker	getWhaleScore	engine/WhaleWalletTracker.kt
A_PREDICT	WhaleWalletTracker	isWhaleReliable	engine/WhaleWalletTracker.kt
B_RISK	AdaptiveVetoConsensusAuthority6728	isHardVeto	engine/truth/AdaptiveVetoConsensusAuthority6728.kt
B_RISK	AntiRewardHackingGuard6439	canExpandRisk	engine/truth/AntiRewardHackingGuard6439.kt
B_RISK	BaseQuoteMintGuard	isBlockedMint	engine/guard/BaseQuoteMintGuard.kt
B_RISK	BaseQuoteMintGuard	isBlockedSymbol	engine/guard/BaseQuoteMintGuard.kt
B_RISK	BotBrain	isInDangerZone	engine/BotBrain.kt
G_PROTOCOL	CanonicalEconomicIdentity6470	breachCount	engine/truth/CanonicalEconomicIdentity6470.kt
G_PROTOCOL	CanonicalFill6393	neverIncreaseRiskForBehindTarget	engine/truth/ForensicFinalityAndTuner6393.kt
G_PROTOCOL	CanonicalFill6393	safetyHardBlock	engine/truth/ForensicFinalityAndTuner6393.kt
G_PROTOCOL	CanonicalLedger6387	canonicalRiskPositionIds	engine/truth/CanonicalLedger6387.kt
G_PROTOCOL	CanonicalLedger6387	canonicalRiskPositionMints	engine/truth/CanonicalLedger6387.kt
B_RISK	CollectiveLearning	getCollectiveTotalTradeCount	collective/CollectiveLearning.kt
H_MUTATOR	DistributionFadeAvoider	clearSuppression	engine/DistributionFadeAvoider.kt
B_RISK	EarlyEntryScout6390	isDistributionRisk	engine/truth/EarlyEntryAndPeakCapture6390.kt
F_DEAD	EdgeLearning	getVetoStickyMinutes	engine/EdgeLearning.kt
B_RISK	EmergentGuardrails	shouldBlockPromotion	engine/EmergentGuardrails.kt
G_PROTOCOL	EntryGateBlockCache6398	shouldEmitCanonicalBlock	engine/truth/EntryGateBlockCache6398.kt
G_PROTOCOL	EvidenceEpochFilter6388	canPassForensicRegressionGuard	engine/truth/GovernorRecoverySubstrate6388.kt
B_RISK	ExitCoordinatorHeartbeat	duplicateSweepsSuppressedCount	engine/ExitCoordinatorHeartbeat.kt
B_RISK	ExternalAlphaFeeds	enrichSafety	v4/meta/ExternalAlphaFeeds.kt
B_RISK	GeminiCopilot	assessRisk	engine/GeminiCopilot.kt
B_RISK	LaneShadowProofLoop	blacklistedLanes	engine/LaneShadowProofLoop.kt
B_RISK	LaneShadowProofLoop	blockLaneResume	engine/LaneShadowProofLoop.kt
E_INFILE	LaneShadowProofLoop	isResumeBlocked	engine/LaneShadowProofLoop.kt
B_RISK	LiquidityCycleAI	getRiskLevel	v3/scoring/LiquidityCycleAI.kt
B_RISK	LiquidityCycleAI	isRisky	v3/scoring/LiquidityCycleAI.kt
B_RISK	LivePipelineTrace6431	bumpBlockReason	engine/truth/LivePipelineTrace6431.kt
F_DEAD	LosingStreakReflex6439	shouldBlockNewBuys	engine/truth/LosingStreakReflex6439.kt
B_RISK	MemeExecutionRouteStack	stackExhausted	engine/execution/MemeExecutionRouteStack.kt
B_RISK	MemePipelineTracer	blockReasons	engine/MemePipelineTracer.kt
B_RISK	MintWorkCoordinator6450	isOpenBlocked	engine/truth/MintWorkCoordinator6450.kt
B_RISK	MoonshotHoldProfileRegistry6415	shouldSuppressTp	engine/truth/MoonshotHoldProfileRegistry6415.kt
G_PROTOCOL	OwnershipClassification6391	isRealExhaustion	engine/truth/SellOnlyHoldRepair6391.kt
B_RISK	PerpsSandbox6463	evaluateRiskExit	engine/truth/PerpsSandbox6463.kt
B_RISK	PositionIdentity6411	guardMerge	engine/truth/PositionIdentity6411.kt
B_RISK	PositionSizing	calculateRiskBasedSize	engine/PositionSizing.kt
B_RISK	ProfitabilityLayer	shouldBlockFeeBandExit	engine/ProfitabilityLayer.kt
B_RISK	ReentryGuard	getBlockedCount	engine/ReentryGuard.kt
B_RISK	ReentryGuard	getBlockedMints	engine/ReentryGuard.kt
B_RISK	ReentryGuard	manualBlock	engine/ReentryGuard.kt
B_RISK	RunnerAutoCompound6422	liveTotalLift	engine/truth/RunnerAutoCompound6422.kt
G_PROTOCOL	SameMintCandidateEpoch6402	totalSuppressed	engine/truth/SameMintCandidateEpoch6402.kt
F_DEAD	SellOnlySafeMode	blockLiveBuyReason	engine/sell/SellOnlySafeMode.kt
B_RISK	SellOnlySafeMode	blockedBuyCount	engine/sell/SellOnlySafeMode.kt
H_MUTATOR	SoftScoreShaping6400	recordMechanicalMinBlock	engine/truth/SoftScoreShaping6400.kt
B_RISK	TelegramBot	alertRisk	engine/TelegramBot.kt
B_RISK	TokenBlacklist	getBlacklistSize	engine/TokenBlacklist.kt
B_RISK	TokenMapVersionGuard6411	guardMetricWrite	engine/truth/TokenMapVersionGuard6411.kt
B_RISK	TradeDatabase	getSuppressionStrength	engine/TradeDatabase.kt
B_RISK	TradeLifecycle	forceExpireBlocked	engine/TradeLifecycle.kt
B_RISK	TradingMemory	getCreatorRugCount	engine/TradingMemory.kt
B_RISK	TradingMemory	getFeatureBucketRisk	engine/TradingMemory.kt
B_RISK	TrailingStopManager	shouldMoveToBreakeven	engine/TrailingStopManager.kt
B_RISK	UltraFastRugDetectorAI	getRugsSaved	v3/scoring/UltraFastRugDetectorAI.kt
B_RISK	V3Adapter	toRiskState	v3/bridge/V3Adapter.kt
B_RISK	V3EngineManager	blockFatal	v3/V3EngineManager.kt
C_EXIT	AdvancedExitManager	calculateExitTargets	v3/scoring/AdvancedExitManager.kt
C_EXIT	AdvancedExitManager	calculateProgressiveTrailingStop	v3/scoring/AdvancedExitManager.kt
C_EXIT	AdvisorIntegrityHold6466	isHold	engine/truth/AdvisorIntegrityHold6466.kt
D_DISPLAY	AnimatedBrainLogoView	stopAnimations	ui/AnimatedBrainLogoView.kt
C_EXIT	BehaviorAI	getStopLossModPct	v3/scoring/BehaviorAI.kt
C_EXIT	BirdeyeApi	getHolderDistribution	network/BirdeyeApi.kt
C_EXIT	BotBrain	effectiveExitThreshold	engine/BotBrain.kt
H_MUTATOR	BotBrain	resetThresholds	engine/BotBrain.kt
C_EXIT	BotRuntimeController	runtimeJobActiveButUiStopped	engine/BotRuntimeController.kt
H_MUTATOR	BuyResult6621	assertOpenedOrCountPremature6621	engine/truth/BuyResult6621.kt
C_EXIT	CanonicalCloseFinality6389	hasDuplicateSellSignature	engine/truth/CanonicalSettlement6389.kt
G_PROTOCOL	CanonicalCloseFinality6389	lastPublishedAt	engine/truth/CanonicalSettlement6389.kt
G_PROTOCOL	CanonicalCloseFinality6389	sellSolReceivedUi	engine/truth/CanonicalSettlement6389.kt
G_PROTOCOL	CanonicalExecutionReceipt6394	applySellCAS	engine/truth/CanonicalExecutionTruth6394.kt
G_PROTOCOL	CanonicalExecutionReceipt6394	computeSellRaw	engine/truth/CanonicalExecutionTruth6394.kt
C_EXIT	CanonicalExecutionReceipt6394	withSell	engine/truth/CanonicalExecutionTruth6394.kt
G_PROTOCOL	CanonicalFill6393	canEnterHoldFromPerformance	engine/truth/ForensicFinalityAndTuner6393.kt
G_PROTOCOL	CanonicalFill6393	catastrophicBackstopPct	engine/truth/ForensicFinalityAndTuner6393.kt
G_PROTOCOL	CanonicalFill6393	protectiveStopRangePct	engine/truth/ForensicFinalityAndTuner6393.kt
G_PROTOCOL	CanonicalFill6393	roundTripInvariantHolds	engine/truth/ForensicFinalityAndTuner6393.kt
G_PROTOCOL	CanonicalFill6393	sizeMultiplierFromDrawdown	engine/truth/ForensicFinalityAndTuner6393.kt
G_PROTOCOL	CanonicalLedger6387	commitSell	engine/truth/CanonicalLedger6387.kt
G_PROTOCOL	CanonicalLotQuantity6464	reserveForSell	engine/truth/CanonicalLotQuantity6464.kt
C_EXIT	CanonicalLotQuantity6464	sellable	engine/truth/CanonicalLotQuantity6464.kt
C_EXIT	CanonicalLotQuantity6464	sellable	engine/truth/CanonicalLotQuantity6464.kt
G_PROTOCOL	CanonicalPositionAuthority6441	activeMintProjections6489	engine/truth/CanonicalPositionAuthority6441.kt
G_PROTOCOL	CanonicalTokenAmount	requireValidForSell	engine/truth/CanonicalTokenAmount6522.kt
G_PROTOCOL	CounterParityLedger6399	recordSellExecutorInvocation	engine/truth/CounterParityLedger6399.kt
C_EXIT	CounterfactualReplayEngine	mctsExitPolicyHint	engine/CounterfactualReplayEngine.kt
C_EXIT	CryptoBrain	laneExitVerdict	perps/crypto/brain/CryptoBrain.kt
C_EXIT	CryptoLaneExitTuner	profitFactor	perps/crypto/brain/CryptoLaneExitTuner.kt
C_EXIT	EarlyEntryScout6390	peakGainPctFor	engine/truth/EarlyEntryAndPeakCapture6390.kt
C_EXIT	EarlyEntryScout6390	shouldExitOnTrail	engine/truth/EarlyEntryAndPeakCapture6390.kt
C_EXIT	EarlyEntryScout6390	trailPctForPeakGain	engine/truth/EarlyEntryAndPeakCapture6390.kt
C_EXIT	EconomicOutcome6472	ofSell	engine/truth/EconomicOutcome6472.kt
C_EXIT	EducationSubLayerAI	getCurriculumHoldStats	v3/scoring/EducationSubLayerAI.kt
C_EXIT	EmergentLlmClient	narrateExit	network/EmergentLlmClient.kt
G_PROTOCOL	EvidenceEpochFilter6388	buildFullExitPlan	engine/truth/GovernorRecoverySubstrate6388.kt
G_PROTOCOL	EvidenceEpochFilter6388	p1FaultLiveReconcilerMissingWithHoldings	engine/truth/GovernorRecoverySubstrate6388.kt
G_PROTOCOL	EvidenceEpochFilter6388	requiresFullExit	engine/truth/GovernorRecoverySubstrate6388.kt
G_PROTOCOL	ExecutionAttemptLease	activeSellLeases	engine/ExecutionAttemptLease.kt
G_PROTOCOL	ExecutionCounterContract	recordJournalSellWrite	engine/runtime/ExecutionCounterContract.kt
G_PROTOCOL	ExecutorCanonicalMirror6442	sellIdempotencyKey	engine/truth/ExecutorCanonicalMirror6442.kt
C_EXIT	ExitIntelligence	confirmPartialExit	engine/ExitIntelligence.kt
C_EXIT	ExitIntelligence	getLearnedMaxHoldMinutes	engine/ExitIntelligence.kt
C_EXIT	ExitIntelligence	getProfitableRate	engine/ExitIntelligence.kt
C_EXIT	ExitManager	shouldPartialSell	engine/ExitManager.kt
G_PROTOCOL	ExitPipelineInvariant6411	onExitSweepStart	engine/truth/ExitPipelineInvariant6411.kt
H_MUTATOR	FeeAccumulator	setFlushThresholdSol	engine/FeeAccumulator.kt
C_EXIT	FinalizedSellProof6386	classifyPartial	engine/truth/FinalizedSellProof6386.kt
C_EXIT	FluidLearning	getSimulatedPeak	engine/FluidLearning.kt
C_EXIT	FluidLearningAI	calculateNetPnl	v3/scoring/FluidLearningAI.kt
F_DEAD	FluidLearningAI	getAltsLevTpPct	v3/scoring/FluidLearningAI.kt
F_DEAD	FluidLearningAI	getAltsSpotConfThreshold	v3/scoring/FluidLearningAI.kt
F_DEAD	FluidLearningAI	getAltsSpotTpPct	v3/scoring/FluidLearningAI.kt
C_EXIT	FluidLearningAI	getBreakoutThreshold	v3/scoring/FluidLearningAI.kt
C_EXIT	FluidLearningAI	getFeeAdjustedTakeProfit	v3/scoring/FluidLearningAI.kt
C_EXIT	FluidLearningAI	getLayerHoldParams	v3/scoring/FluidLearningAI.kt
E_INFILE	FluidLearningAI	getMarketsTakeProfitPct	v3/scoring/FluidLearningAI.kt
F_DEAD	FluidLearningAI	getMarketsUncappedTpPct	v3/scoring/FluidLearningAI.kt
C_EXIT	FluidLearningAI	getMinProfitableExitPct	v3/scoring/FluidLearningAI.kt
C_EXIT	FluidLearningAI	isHoldTimeExceeded	v3/scoring/FluidLearningAI.kt
C_EXIT	FluidLearningAI	isNetProfitable	v3/scoring/FluidLearningAI.kt
C_EXIT	ForexStrategy	tpSlPips	perps/strategy/ForexStrategy.kt
C_EXIT	ForexStrategy	tpSlPrices	perps/strategy/ForexStrategy.kt
H_MUTATOR	GlobalCapitalArbitration6617	recordSpecialistProposal6617	engine/truth/GlobalCapitalArbitration6617.kt
C_EXIT	GlobalTradeRegistry	getProbationStats	engine/GlobalTradeRegistry.kt
C_EXIT	GovernorRecovery6388	lastPromotionReason	engine/truth/GovernorRecovery6388.kt
C_EXIT	HistoricalChartScanner	getProgress	engine/HistoricalChartScanner.kt
C_EXIT	HoldTimeOptimizerAI	getCurrentHoldSeconds	v3/scoring/HoldTimeOptimizerAI.kt
C_EXIT	HoldTimeOptimizerAI	isHoldTimeOptimal	v3/scoring/HoldTimeOptimizerAI.kt
C_EXIT	HoldingLogicLayer	getHoldParams	engine/HoldingLogicLayer.kt
C_EXIT	HostWalletTokenTracker	getPendingOrOpenCount	engine/HostWalletTokenTracker.kt
C_EXIT	HostWalletTokenTracker	isSellInFlight	engine/HostWalletTokenTracker.kt
H_MUTATOR	HostWalletTokenTracker	markSellNoSignatureUnlocked	engine/HostWalletTokenTracker.kt
H_MUTATOR	HostWalletTokenTracker	recordSellPending	engine/HostWalletTokenTracker.kt
C_EXIT	HotPathLaneGate	mayProceedHotPath	engine/HotPathLaneGate.kt
G_PROTOCOL	IdempotencyKeyStore6437	sellKey	engine/truth/IdempotencyKeyStore6437.kt
G_PROTOCOL	JournalReceiptAccounting6663	getPaperStats	engine/TradeJournal.kt
C_EXIT	JupiterPerps	getPoolInfo	perps/JupiterPerps.kt
C_EXIT	LaneStrategyEvaluator	defaultProfiles	engine/LaneStrategyEvaluator.kt
C_EXIT	LearnerRuntimeBudgetGuard6441	shouldStop	engine/truth/LearnerRuntimeBudgetGuard6441.kt
G_PROTOCOL	LiveContinuityPolicy6392	cadenceInvariantHolds	engine/truth/LiveContinuity6392.kt
C_EXIT	LiveContinuityPolicy6392	inventoryConservationHolds	engine/truth/LiveContinuity6392.kt
C_EXIT	LiveContinuityPolicy6392	profitPartialAcceptable	engine/truth/LiveContinuity6392.kt
C_EXIT	LiveExecutionGate	sellCompleted	engine/LiveExecutionGate.kt
C_EXIT	LiveExecutionGate	trySell	engine/LiveExecutionGate.kt
C_EXIT	LiveExitOnlyMode6387	classifyForStop	engine/truth/LiveTruthExitAuthority6387.kt
H_MUTATOR	LivePositionCloseAuthority	purgeSellResidue	engine/sell/LivePositionCloseAuthority.kt
C_EXIT	LiveSafetyCircuitBreaker	isSessionDrawdownPressureActive	engine/LiveSafetyCircuitBreaker.kt
C_EXIT	LiveSafetyCircuitBreaker	sessionDrawdownPressureReason	engine/LiveSafetyCircuitBreaker.kt
C_EXIT	LiveStrategyTuner	holdMultiplier	engine/LiveStrategyTuner.kt
C_EXIT	LiveStrategyTuner	partialTriggerMultiplier	engine/LiveStrategyTuner.kt
E_INFILE	LiveStrategyTuner	tpMultiplier	engine/LiveStrategyTuner.kt
C_EXIT	LiveWinDNAStore	holdTimeStats	engine/LiveWinDNAStore.kt
C_EXIT	LiveWinDNAStore	losingExitReasons	engine/LiveWinDNAStore.kt
C_EXIT	LiveWinDNAStore	winningExitReasons	engine/LiveWinDNAStore.kt
C_EXIT	MarketStructureRouter	fluidThreshold	v3/modes/MarketStructureRouter.kt
C_EXIT	MarketStructureRouter	getPositionParams	v3/modes/MarketStructureRouter.kt
C_EXIT	ModeSpecificScanners	getMinLiquidityThreshold	engine/ModeSpecificScanners.kt
C_EXIT	MoonshotHoldProfileRegistry6415	trailStopPctFromPeak	engine/truth/MoonshotHoldProfileRegistry6415.kt
C_EXIT	OrderbookImbalancePulseAI	getRecentPulse	v3/scoring/OrderbookImbalancePulseAI.kt
C_EXIT	OrthogonalSignals	calculateHolderEntropy	engine/OrthogonalSignals.kt
G_PROTOCOL	OwnershipClassification6391	allowSellOrEmergencyProbe	engine/truth/SellOnlyHoldRepair6391.kt
H_MUTATOR	OwnershipClassification6391	startPlan	engine/truth/SellOnlyHoldRepair6391.kt
H_MUTATOR	PaperAccountLedger6430	onSellProvenanced6737	engine/truth/PaperAccountLedger6430.kt
C_EXIT	PeakDrawdownLock	mfeProfitFloorPct	engine/PeakDrawdownLock.kt
C_EXIT	PerpsAdvancedAI	getPartialExitPlan	perps/PerpsAdvancedAI.kt
C_EXIT	PerpsAdvancedAI	shouldPartialExit	perps/PerpsAdvancedAI.kt
C_EXIT	PerpsLaneGate	canAdmitPerpsTrade	engine/PerpsLaneGate.kt
C_EXIT	PerpsMarketDataFetcher	getPriceSource	perps/PerpsMarketDataFetcher.kt
C_EXIT	PerpsTrailingStop	getTrailStop	perps/PerpsTrailingStop.kt
H_MUTATOR	PerpsUnifiedScorerBridge	recordHold	perps/PerpsUnifiedScorerBridge.kt
C_EXIT	PersonalityTraitMultipliers	takeProfitBiasPct	engine/PersonalityTraitMultipliers.kt
C_EXIT	PersonalityTraitMultipliers	trailSlackMultiplier	engine/PersonalityTraitMultipliers.kt
C_EXIT	PipelineHealthCollector	sellLike	engine/PipelineHealthCollector.kt
G_PROTOCOL	PortfolioInvariants6405	verifyWalletParity	engine/truth/PortfolioInvariants6405.kt
C_EXIT	PositionIdentity6395	activeExitIntent	engine/truth/PositionIdentity6395.kt
H_MUTATOR	PositionStateLedger6454	onPartial	engine/truth/PositionStateLedger6454.kt
C_EXIT	PriceAggregator	getPrunedSymbols	perps/PriceAggregator.kt
C_EXIT	PriceDenomination6387	isAuthoritativeForExit	engine/truth/CanonicalTokenPrice6387.kt
C_EXIT	ProcessorAmountPlanner	planSellFromConfirmed	engine/ProcessorAmountPlanner.kt
C_EXIT	PumpPortalKillSwitch	recentPartialAttempts	engine/sell/PumpPortalKillSwitch.kt
H_MUTATOR	PumpPortalKillSwitch	recordPartialAttempt	engine/sell/PumpPortalKillSwitch.kt
C_EXIT	QuantMetrics	calculateProfitFactor	engine/quant/QuantMetrics.kt
H_MUTATOR	ReEntryLockout	clearOnNewPeak	engine/ReEntryLockout.kt
H_MUTATOR	RecoveredHoldGuard	clearOnFullExit	engine/RecoveredHoldGuard.kt
C_EXIT	RecoveredHoldGuard	isEmergencyExitOverride	engine/RecoveredHoldGuard.kt
C_EXIT	RecoveredHoldGuard	isInHoldGrace	engine/RecoveredHoldGuard.kt
C_EXIT	RouteValidator	validateFinalOutput	engine/execution/RouteValidator.kt
C_EXIT	RuntimeRepairState	requestPaperMode	engine/RuntimeRepairState.kt
C_EXIT	ScannerHeatPublisher6398	currentPct01	engine/truth/ScannerHeatPublisher6398.kt
E_INFILE	SellAmountAuthority	isEmergencyExitReason	engine/sell/SellAmountAuthority.kt
E_INFILE	SellAmountAuthority	isProfitProtectExitReason	engine/sell/SellAmountAuthority.kt
F_DEAD	SellAmountAuthority	resolveSellAmount	engine/sell/SellAmountAuthority.kt
C_EXIT	SellIntentQuantityAuthority6401	validateSellIntentFromUi	engine/truth/SellIntentQuantityAuthority6401.kt
C_EXIT	SellQuantityBoundary6459	admitSell	engine/truth/SellQuantityBoundary6459.kt
C_EXIT	SentienceHooks	lastPostMortemAgeMs	engine/SentienceHooks.kt
C_EXIT	ShadowLearningEngine	getPerformanceByMode	v3/learning/ShadowLearningEngine.kt
C_EXIT	SmartExitOptimizer	getExitPressure	engine/SmartExitOptimizer.kt
H_MUTATOR	SmartSizer	resetSessionPeak	engine/SmartSizer.kt
C_EXIT	SolanaWallet	getPublicKeyOnly	network/SolanaWallet.kt
C_EXIT	SourceTimingRegistry	getPriceChangeSinceFirstSeen	v3/arb/SourceTimingRegistry.kt
C_EXIT	TacticBleedPivot	getLastPivot	engine/TacticBleedPivot.kt
C_EXIT	TelegramBot	alertExit	engine/TelegramBot.kt
C_EXIT	TelegramBot	alertPartialSell	engine/TelegramBot.kt
C_EXIT	TelegramNotifier	partialMsg	engine/TelegramNotifier.kt
G_PROTOCOL	TerminalFinalityAuthority6405	allowExit	engine/truth/TerminalFinalityAuthority6405.kt
C_EXIT	ToxicModeCircuitBreaker	activateEmergencyStop	engine/ToxicModeCircuitBreaker.kt
C_EXIT	ToxicModeCircuitBreaker	deactivateEmergencyStop	engine/ToxicModeCircuitBreaker.kt
C_EXIT	TradeHistoryStore	getPnl24hSol	engine/TradeHistoryStore.kt
H_MUTATOR	TradeHistoryStore	recordPartialProfit	engine/TradeHistoryStore.kt
C_EXIT	TradeIdentityManager	auditTrail	engine/TradeIdentity.kt
C_EXIT	TrailingStopManager	calculateBreakevenStop	engine/TrailingStopManager.kt
C_EXIT	TreasuryOpportunityEngine	getPendingOpportunities	engine/TreasuryOpportunityEngine.kt
H_MUTATOR	TreasuryOpportunityEngine	updateDeploymentPnl	engine/TreasuryOpportunityEngine.kt
C_EXIT	TreasuryWalletManager	importPrivateKey	engine/TreasuryWalletManager.kt
D_DISPLAY	AIStartupCoordinator	getLayerStatus	v3/core/AIStartupCoordinator.kt
D_DISPLAY	AdaptiveFloorBrain6397	snapshotFor	engine/truth/AdaptiveFloorBrain6397.kt
D_DISPLAY	AdaptiveLearningEngine	getLabelDistribution	engine/AdaptiveLearningEngine.kt
D_DISPLAY	AdaptiveLearningEngine	getPatternReport	engine/AdaptiveLearningEngine.kt
D_DISPLAY	AmountTypes6386	toSolDisplay	engine/truth/AmountTypes6386.kt
D_DISPLAY	AsyncStrategyLab	markLatestSymbolicReviewed	engine/AsyncStrategyLab.kt
D_DISPLAY	AsyncStrategyLab	markSymbolicReviewed	engine/AsyncStrategyLab.kt
D_DISPLAY	AsyncStrategyLab	pendingForReview	engine/AsyncStrategyLab.kt
D_DISPLAY	AuthorityInvariants6399	reportScoreFloorAfterTicket	engine/truth/AuthorityInvariants6399.kt
D_DISPLAY	AuthoritySnapshotVersion6464	snapshotVersion	engine/truth/AuthoritySnapshotVersion6464.kt
D_DISPLAY	AutonomousMetaPolicy	contextKey	engine/AutonomousMetaPolicy.kt
D_DISPLAY	BandLossVetoGuard	snapshotForReport	engine/BandLossVetoGuard.kt
D_DISPLAY	BehaviorAI	getReasonStatsSnapshot	v3/scoring/BehaviorAI.kt
D_DISPLAY	BirdeyeApi	getPairOverview	network/BirdeyeApi.kt
D_DISPLAY	BotBrain	getBadBehaviourReport	engine/BotBrain.kt
D_DISPLAY	BotBrain	getFullBadBehaviourReport	engine/BotBrain.kt
D_DISPLAY	BotBrain	getLearningStatus	engine/BotBrain.kt
D_DISPLAY	BotBrain	getMemorySummary	engine/BotBrain.kt
D_DISPLAY	CanonicalAssetEntryCandidate6551	cardinalitySnapshot6647	engine/truth/CanonicalAssetEntryContract6551.kt
D_DISPLAY	CanonicalAssetEntryCandidate6551	markCancelled	engine/truth/CanonicalAssetEntryContract6551.kt
D_DISPLAY	CanonicalCloseFinality6389	buildDisplay	engine/truth/CanonicalSettlement6389.kt
D_DISPLAY	CanonicalCloseFinality6389	repairedRowCount	engine/truth/CanonicalSettlement6389.kt
D_DISPLAY	CanonicalEconomicEvent6635	snapshotCommittedFlags	engine/truth/CanonicalEconomicEvent6635.kt
D_DISPLAY	CanonicalEntryAuthority6540	producerLivenessReport6569	engine/truth/CanonicalEntryAuthority6540.kt
D_DISPLAY	CanonicalExecutionReceipt6394	byStatus	engine/truth/CanonicalExecutionTruth6394.kt
D_DISPLAY	CanonicalExecutionReceipt6394	renderHealthReportBlock	engine/truth/CanonicalExecutionTruth6394.kt
D_DISPLAY	CanonicalFill6393	boundsForCell	engine/truth/ForensicFinalityAndTuner6393.kt
D_DISPLAY	CanonicalLedger6387	classificationsSnapshot	engine/truth/CanonicalLedger6387.kt
D_DISPLAY	CanonicalOutcomeClassifier6576	reportConsumerClass	engine/truth/CanonicalOutcomeClassifier6576.kt
D_DISPLAY	CanonicalPaperTransaction6486	displayAdded	engine/truth/CanonicalPaperTransaction6486.kt
D_DISPLAY	CanonicalTokenMetricsSnapshot6725	toDiagnostic	engine/truth/CanonicalTokenMetricsSnapshot6725.kt
D_DISPLAY	CoachingCurriculum	detailReport	engine/CoachingCurriculum.kt
D_DISPLAY	CollectiveBrainActivity	addRow	ui/CollectiveBrainActivity.kt
D_DISPLAY	ConfidenceBreakdown	preRunnerSnapshot	v3/decision/DecisionEngine.kt
D_DISPLAY	CorrelationScanner	getDisplayCorrelation	perps/CorrelationScanner.kt
D_DISPLAY	CrossAssetRawSignalReceipt6633	statusLine6633	engine/truth/CrossAssetRawSignalReceipt6633.kt
D_DISPLAY	CryptoAltActivity	detailRow	ui/CryptoAltActivity.kt
D_DISPLAY	CryptoAltActivity	loadChart	ui/CryptoAltActivity.kt
D_DISPLAY	CryptoAltActivity	statCell	ui/CryptoAltActivity.kt
D_DISPLAY	CryptoAltActivity	statPill	ui/CryptoAltActivity.kt
D_DISPLAY	DashboardDataProvider	getModePerformanceCards	engine/DashboardDataProvider.kt
D_DISPLAY	DashboardDataProvider	getStrategyTruthCard	engine/DashboardDataProvider.kt
D_DISPLAY	DataPipeline	formatAlphaSignals	engine/DataPipeline.kt
D_DISPLAY	DataProviderFaultCircuits6468	recordHttpStatus	engine/truth/DataProviderFaultCircuits6468.kt
D_DISPLAY	EducationSubLayerAI	getReasonLearningSnapshot	v3/scoring/EducationSubLayerAI.kt
D_DISPLAY	EducationSubLayerAI	hivePeerAccuracyStatus6880	v3/scoring/EducationSubLayerAI.kt
D_DISPLAY	ElevenLabsApi	voiceDesignPreviews	engine/voice/ElevenLabsApi.kt
D_DISPLAY	EmergentGuardrails	formatPriceChange	engine/EmergentGuardrails.kt
D_DISPLAY	EntryStrategySnapshot6450	rowCountForTest	engine/truth/EntryStrategySnapshot6450.kt
D_DISPLAY	EvidenceEpochFilter6388	legacyStatusFor	engine/truth/GovernorRecoverySubstrate6388.kt
D_DISPLAY	ExecutableOpenGate	restoreExecStateFromFrozenSnapshot	engine/ExecutableOpenGate.kt
D_DISPLAY	ExecutionAttemptLease	formatForReport	engine/ExecutionAttemptLease.kt
D_DISPLAY	ExitManager	getExitReasonDisplay	engine/ExitManager.kt
D_DISPLAY	FeeAccrualObservability6439	tagCountsSnapshot	engine/truth/FeeAccrualObservability6439.kt
D_DISPLAY	FillLotLedger6344	snapshotForMint	engine/FillLotLedger6344.kt
D_DISPLAY	FirstTradeReadiness6348	snapshotBlock	engine/FirstTradeReadiness6348.kt
D_DISPLAY	FirstTradeReadiness6348	toSnapshot	engine/FirstTradeReadiness6348.kt
D_DISPLAY	FluidLearningAI	getBootstrapStatus	v3/scoring/FluidLearningAI.kt
D_DISPLAY	GlobalTradeRegistry	sourceMixSnapshot	engine/GlobalTradeRegistry.kt
D_DISPLAY	HistoricalEconomicQuarantine6496	reportPaperReplayDivergence	engine/truth/HistoricalEconomicQuarantine6496.kt
D_DISPLAY	HostWalletTokenTracker	purgeOrphanRecoveredRows	engine/HostWalletTokenTracker.kt
D_DISPLAY	InsiderCopyEngine	activeSignalRows	engine/InsiderCopyEngine.kt
D_DISPLAY	JournalEconomicReplay6619	displayToRaw	engine/truth/JournalEconomicReplay6619.kt
D_DISPLAY	JournalReceiptAccounting6663	exportCombinedDiagnosticCsv	engine/TradeJournal.kt
D_DISPLAY	LanePolicy	snapshotForBucket	engine/learning/LanePolicy.kt
D_DISPLAY	LanePolicy	snapshotForLane	engine/learning/LanePolicy.kt
D_DISPLAY	LaneQuarantineController	quarantineSnapshot	engine/LaneQuarantineController.kt
D_DISPLAY	LaneStrategyEvaluator	logReport	engine/LaneStrategyEvaluator.kt
D_DISPLAY	LegacyReplayIsolation6630	statusLine6630	engine/truth/LegacyReplayIsolation6630.kt
D_DISPLAY	LiveContinuityPolicy6392	displaySol	engine/truth/LiveContinuity6392.kt
D_DISPLAY	LiveContinuityPolicy6392	displayTokenAmount	engine/truth/LiveContinuity6392.kt
D_DISPLAY	LiveContinuityPolicy6392	pendingRowCount	engine/truth/LiveContinuity6392.kt
D_DISPLAY	LiveWinDNAStore	losingChartPatternFrequency	engine/LiveWinDNAStore.kt
D_DISPLAY	LlmLabEngine	externalOutcomeSummary6078	engine/lab/LlmLabEngine.kt
D_DISPLAY	LockedEntryMetrics6634	statusLine6634	engine/truth/LockedEntryMetrics6634.kt
D_DISPLAY	MarketsScanner	getChangeEmoji	perps/MarketsScanner.kt
D_DISPLAY	MarketsScanner	getDisplayChange	perps/MarketsScanner.kt
D_DISPLAY	MomentumPredictorAI	getMomentumReport	engine/MomentumPredictorAI.kt
D_DISPLAY	MultiAgentCriticStack	review	engine/MultiAgentCriticStack.kt
D_DISPLAY	NarrativeFlowAI	getNarrativeReport	v4/meta/NarrativeFlowAI.kt
D_DISPLAY	NoTradeObservationStore	completeRows	engine/learning/NoTradeObservationStore.kt
D_DISPLAY	NoTradeObservationStore	persistCoalescedRows	engine/learning/NoTradeObservationStore.kt
D_DISPLAY	NoTradeObservationStore	recentRows	engine/learning/NoTradeObservationStore.kt
D_DISPLAY	NoTradeObservationStore	totalRows	engine/learning/NoTradeObservationStore.kt
D_DISPLAY	OnDeviceMLEngine	calibrationStatus6881	ml/OnDeviceMLEngine.kt
D_DISPLAY	OwnershipClassification6391	pillarReady	engine/truth/SellOnlyHoldRepair6391.kt
D_DISPLAY	PaperAccountLedger6430	repairCashFromDisplayed6448	engine/truth/PaperAccountLedger6430.kt
D_DISPLAY	PatchWriterAI	planFromDiagnosis	engine/PatchWriterAI.kt
D_DISPLAY	PatternBacktester	formatReport	engine/PatternBacktester.kt
D_DISPLAY	PerformanceAnalytics	formatSummary	engine/PerformanceAnalytics.kt
D_DISPLAY	PerpsLearningInsightsPanel	getDisplayText	perps/PerpsLearningInsightsPanel.kt
D_DISPLAY	PerpsLearningInsightsPanel	getFormattedInsightsText	perps/PerpsLearningInsightsPanel.kt
D_DISPLAY	PersistentLearning	exportBackup	engine/PersistentLearning.kt
D_DISPLAY	PersistentLearning	getStorageSummary	engine/PersistentLearning.kt
D_DISPLAY	Personalities	displayNames	engine/Personalities.kt
D_DISPLAY	PipelineHealthActivity	deliverReport6308	ui/PipelineHealthActivity.kt
D_DISPLAY	PipelineReportFileExporter6401	writeReportSyncToDir	engine/execution/PipelineReportFileExporter6401.kt
D_DISPLAY	PipelineTracer	getLoopSnapshot	engine/PipelineTracer.kt
D_DISPLAY	PortfolioAnalytics	generateFullReport	engine/quant/PortfolioAnalytics.kt
D_DISPLAY	PortfolioStore6405	rowCounts	engine/truth/PortfolioStore6405.kt
D_DISPLAY	PositionViewModelStore6395	allViews	engine/truth/PositionViewModelStore6395.kt
D_DISPLAY	PriceResolverFallback	cacheSnapshot	engine/sell/PriceResolverFallback.kt
D_DISPLAY	QuantMetrics	generateReport	engine/quant/QuantMetrics.kt
D_DISPLAY	RawTokenAmount	displayQuantity	engine/RawTokenAmount.kt
D_DISPLAY	RawTokenAmount	ofDisplaySafe	engine/RawTokenAmount.kt
D_DISPLAY	ReportingHub	exportForensicFile	engine/ReportingHub.kt
D_DISPLAY	ReportingHub	label6098	engine/ReportingHub.kt
D_DISPLAY	ResearchScout	freeSourceStatus	engine/ResearchScout.kt
D_DISPLAY	RiskExitPriorityDomain6461	laneStatsSnapshot	engine/truth/RiskExitPriorityDomain6461.kt
D_DISPLAY	RiskExitPriorityDomain6461	publishLaneStatsSnapshot	engine/truth/RiskExitPriorityDomain6461.kt
D_DISPLAY	RunTracker30D	dailyReport	engine/RunTracker30D.kt
D_DISPLAY	RunTracker30D	exportDailyReport	engine/RunTracker30D.kt
D_DISPLAY	RunTracker30D	exportEquityCurve	engine/RunTracker30D.kt
D_DISPLAY	RunTracker30D	exportFinalReport	engine/RunTracker30D.kt
D_DISPLAY	RunTracker30D	exportTradeLog	engine/RunTracker30D.kt
D_DISPLAY	RunTracker30D	finalReport	engine/RunTracker30D.kt
D_DISPLAY	RunTracker30D	getEquityLabel	engine/RunTracker30D.kt
D_DISPLAY	RunTracker30D	getHeaderString	engine/RunTracker30D.kt
D_DISPLAY	RunTracker30D	getSystemScoreString	engine/RunTracker30D.kt
D_DISPLAY	RuntimeDoctor	latestSnapshot	engine/RuntimeDoctor.kt
D_DISPLAY	RuntimeRepairState	disabledLaneSnapshot	engine/RuntimeRepairState.kt
D_DISPLAY	RuntimeRepairState	disabledScannerSourceSnapshot	engine/RuntimeRepairState.kt
D_DISPLAY	RuntimeTune6833	handoffSnapshot6833	engine/truth/RuntimeTune6833.kt
D_DISPLAY	RuntimeTune6833	statusLine6833	engine/truth/RuntimeTune6833.kt
D_DISPLAY	SelfHealingDiagnostics	getStatusEmoji	engine/SelfHealingDiagnostics.kt
D_DISPLAY	SelfHealingDiagnostics	runDiagnosis	engine/SelfHealingDiagnostics.kt
D_DISPLAY	SellAmountAuthority	txParseSnapshot	engine/sell/SellAmountAuthority.kt
D_DISPLAY	ShadowLearningEngine	getBlockedTradesReport	engine/ShadowLearningEngine.kt
D_DISPLAY	SherpaTtsBridge	writeString	engine/SherpaTtsBridge.kt
D_DISPLAY	SmartChartScanner	getBiasEmoji	engine/SmartChartScanner.kt
D_DISPLAY	SmartChartScanner	getScanSummary	engine/SmartChartScanner.kt
D_DISPLAY	SoftScoreShaping6400	reportForbiddenScoreFloorReject	engine/truth/SoftScoreShaping6400.kt
D_DISPLAY	SpecialistCausalInvariants6627	statusLine6627	engine/truth/CausalAuthorityRepair6627.kt
D_DISPLAY	SpecialistCausalInvariants6627	statusLine6627	engine/truth/CausalAuthorityRepair6627.kt
D_DISPLAY	StartupExitOnlyLatch6401	blockingPillars	engine/truth/StartupExitOnlyLatch6401.kt
D_DISPLAY	SymbolicExitReasoner	ruleTrustSnapshot	engine/SymbolicExitReasoner.kt
D_DISPLAY	SymbolicVote	toCompactString	engine/CandidateSymbolicContext.kt
D_DISPLAY	TelegramBot	alertDailySummary	engine/TelegramBot.kt
D_DISPLAY	TradeIdentityManager	funnelReport	engine/TradeIdentity.kt
D_DISPLAY	TreasuryCashflowMissionReport	emitSnapshot	engine/TreasuryCashflowMissionReport.kt
D_DISPLAY	TreasuryScannerFeed	watchlistSnapshot	engine/TreasuryScannerFeed.kt
D_DISPLAY	TursoClient	saveRegimeSnapshot	collective/TursoClient.kt
D_DISPLAY	UiRefreshGate	snapshotSuppressed	engine/runtime/UiRefreshGate.kt
D_DISPLAY	UnifiedModeOrchestrator	getDashboardSummary	engine/UnifiedModeOrchestrator.kt
D_DISPLAY	UnifiedPositionRegistry	snapshotAllOpen	engine/UnifiedPositionRegistry.kt
D_DISPLAY	UniversalBridgeEngine	mintLabel	engine/UniversalBridgeEngine.kt
D_DISPLAY	VoiceManager	previewPersona	engine/VoiceManager.kt
D_DISPLAY	WrRecoveryPartial	statusTag	engine/WrRecoveryPartial.kt
E_INFILE	BotService	backgroundRuntimeHealth6487	engine/BotService.kt
E_INFILE	BotService	bridgeOverrideAllowed	engine/BotService.kt
E_INFILE	BotService	cashGenProofOk	engine/BotService.kt
E_INFILE	BotService	creditUnifiedPaperSol	engine/BotService.kt
E_INFILE	BotService	forceScannerSoftResetIfPossible	engine/BotService.kt
E_INFILE	BotService	heldPositionCountForRescue	engine/BotService.kt
E_INFILE	BotService	intakePhaseForShadow	engine/BotService.kt
E_INFILE	BotService	isAllowedStopSource	engine/BotService.kt
E_INFILE	BotService	isBatteryOptWhitelisted	engine/BotService.kt
E_INFILE	BotService	isConfirmedManualStopSource	engine/BotService.kt
E_INFILE	BotService	isFreshSolanaSource	engine/BotService.kt
E_INFILE	BotService	isHighConvictionUnseen	engine/BotService.kt
E_INFILE	BotService	isManualStopRequested	engine/BotService.kt
E_INFILE	BotService	isMarketsLaneEnabled	engine/BotService.kt
E_INFILE	BotService	isStrategyPausedByTrust	engine/BotService.kt
E_INFILE	BotService	liveHeldOrManagedMint	engine/BotService.kt
E_INFILE	BotService	logBuyHandoff	engine/BotService.kt
E_INFILE	BotService	logLayerSkip	engine/BotService.kt
E_INFILE	BotService	logNoBuy	engine/BotService.kt
E_INFILE	BotService	logPipeline	engine/BotService.kt
E_INFILE	BotService	playSoundForTrade	engine/BotService.kt
E_INFILE	BotService	qualityLaneProofOk	engine/BotService.kt
E_INFILE	BotService	resolveLivePrice	engine/BotService.kt
E_INFILE	BotService	runSafetyCheck	engine/BotService.kt
E_INFILE	BotService	runV3Execution	engine/BotService.kt
E_INFILE	BotService	supervisorNoteCycleElapsedForThrottle	engine/BotService.kt
E_INFILE	FinalDecisionGate	getAdaptiveConfidence	engine/FinalDecisionGate.kt
E_INFILE	FinalDecisionGate	getAdjustedThresholds	engine/FinalDecisionGate.kt
E_INFILE	FinalDecisionGate	getClosedLoopConfidenceAdjustment	engine/FinalDecisionGate.kt
E_INFILE	FinalDecisionGate	getModeRecentLosses	engine/FinalDecisionGate.kt
E_INFILE	FinalDecisionGate	getRemainingCooldownMinutes	engine/FinalDecisionGate.kt
E_INFILE	FinalDecisionGate	getVetoRemainingSeconds	engine/FinalDecisionGate.kt
E_INFILE	FinalDecisionGate	isAdaptiveRelaxationActive	engine/FinalDecisionGate.kt
E_INFILE	FinalDecisionGate	isBenchmarkQuality	engine/FinalDecisionGate.kt
E_INFILE	FinalDecisionGate	isExploration	engine/FinalDecisionGate.kt
E_INFILE	FinalDecisionGate	isInDistributionCooldown	engine/FinalDecisionGate.kt
E_INFILE	FinalDecisionGate	recordModeLoss	engine/FinalDecisionGate.kt
E_INFILE	FinalDecisionGate	recordTradeExecuted	engine/FinalDecisionGate.kt
E_INFILE	FinalDecisionGate	shouldBypassSoftBlock	engine/FinalDecisionGate.kt
E_INFILE	FinalDecisionGate	tierShape	engine/FinalDecisionGate.kt
E_INFILE	MainActivity	cachedDrawable	ui/MainActivity.kt
E_INFILE	MainActivity	compactUsd	ui/MainActivity.kt
E_INFILE	MainActivity	firstPositive	ui/MainActivity.kt
E_INFILE	MainActivity	journalEntryPrice	ui/MainActivity.kt
E_INFILE	MainActivity	latestBuy	ui/MainActivity.kt
E_INFILE	MainActivity	liveOpenPanelTruth4570	ui/MainActivity.kt
E_INFILE	MainActivity	recoverRenderablePricing	ui/MainActivity.kt
E_INFILE	MainActivity	updateCyclicPanel	ui/MainActivity.kt
E_INFILE	MintEntryMarketSnapshot	acquirePaperSellLock	engine/Executor.kt
E_INFILE	MintEntryMarketSnapshot	applyRehydrate	engine/Executor.kt
E_INFILE	MintEntryMarketSnapshot	buyAttemptTrace4576	engine/Executor.kt
E_INFILE	MintEntryMarketSnapshot	buySizeSol	engine/Executor.kt
E_INFILE	MintEntryMarketSnapshot	buyTerminalFail	engine/Executor.kt
E_INFILE	MintEntryMarketSnapshot	buyTerminalOk	engine/Executor.kt
E_INFILE	MintEntryMarketSnapshot	canonicalExecutableLane	engine/Executor.kt
E_INFILE	MintEntryMarketSnapshot	checkPartialSell	engine/Executor.kt
E_INFILE	MintEntryMarketSnapshot	checkProfitLock	engine/Executor.kt
E_INFILE	MintEntryMarketSnapshot	clearAllPaperSellLocks	engine/Executor.kt
E_INFILE	MintEntryMarketSnapshot	clearPaperAuthorities6514	engine/Executor.kt
E_INFILE	MintEntryMarketSnapshot	doGraduatedAdd	engine/Executor.kt
E_INFILE	MintEntryMarketSnapshot	doTopUp	engine/Executor.kt
E_INFILE	MintEntryMarketSnapshot	emitLiveEntryDecision	engine/Executor.kt
E_INFILE	MintEntryMarketSnapshot	fromCanonicalMark6735	engine/Executor.kt
E_INFILE	MintEntryMarketSnapshot	getRecoveryCandidates	engine/Executor.kt
E_INFILE	MintEntryMarketSnapshot	graduatedInitialPct	engine/Executor.kt
E_INFILE	MintEntryMarketSnapshot	isMeaningfulLaneName	engine/Executor.kt
E_INFILE	MintEntryMarketSnapshot	isPaperScratchTrade	engine/Executor.kt
E_INFILE	MintEntryMarketSnapshot	liveAbortDesync	engine/Executor.kt
E_INFILE	MintEntryMarketSnapshot	liveAbortLaneContract	engine/Executor.kt
E_INFILE	MintEntryMarketSnapshot	liveStage	engine/Executor.kt
E_INFILE	MintEntryMarketSnapshot	markPaperBuyNotOpened	engine/Executor.kt
E_INFILE	MintEntryMarketSnapshot	markPaperTicketDispatched6514	engine/Executor.kt
E_INFILE	MintEntryMarketSnapshot	markPaperTicketTerminalOpen6514	engine/Executor.kt
E_INFILE	MintEntryMarketSnapshot	missingTokenMapFields	engine/Executor.kt
E_INFILE	MintEntryMarketSnapshot	observeOnlyLiveEntry	engine/Executor.kt
E_INFILE	MintEntryMarketSnapshot	paperBuy	engine/Executor.kt
E_INFILE	MintEntryMarketSnapshot	reconcileCanonicalClosed6509	engine/Executor.kt
E_INFILE	MintEntryMarketSnapshot	releasePaperBuyNonTerminal6514	engine/Executor.kt
E_INFILE	MintEntryMarketSnapshot	requestPartialSell	engine/Executor.kt
E_INFILE	MintEntryMarketSnapshot	riskCheck	engine/Executor.kt
E_INFILE	MintEntryMarketSnapshot	rollbackPaperEntry6485	engine/Executor.kt
E_INFILE	MintEntryMarketSnapshot	sanitizeEntryTs	engine/Executor.kt
E_INFILE	MintEntryMarketSnapshot	sanitizeHeldMins	engine/Executor.kt
E_INFILE	MintEntryMarketSnapshot	shouldGraduatedAdd	engine/Executor.kt
E_INFILE	MintEntryMarketSnapshot	shouldTopUp	engine/Executor.kt
E_INFILE	MintEntryMarketSnapshot	softExitProtectedBySymbolicPatience	engine/Executor.kt
E_INFILE	MintEntryMarketSnapshot	symbolicWantsPatience	engine/Executor.kt
E_INFILE	MintEntryMarketSnapshot	topUpSizeSol	engine/Executor.kt
E_INFILE	MintEntryMarketSnapshot	trailingFloor	engine/Executor.kt
E_INFILE	MintEntryMarketSnapshot	trailingFloorBasic	engine/Executor.kt
E_INFILE	MintEntryMarketSnapshot	tryPersistedEntryRouteHarvest6099	engine/Executor.kt
E_INFILE	MintEntryMarketSnapshot	tryRouteRealClaimMismatchHarvest6029	engine/Executor.kt
E_INFILE	ScannerLearning	getCachedRcScore	engine/SolanaMarketScanner.kt
E_INFILE	ScannerLearning	getDiscoveryBonus	engine/SolanaMarketScanner.kt
E_INFILE	ScannerLearning	getScannerPrefs	engine/SolanaMarketScanner.kt
E_INFILE	ScannerLearning	getSourceWinRate	engine/SolanaMarketScanner.kt
E_INFILE	ScannerLearning	getThroughputTelemetry	engine/SolanaMarketScanner.kt
E_INFILE	ScannerLearning	hasZeroOutputFor	engine/SolanaMarketScanner.kt
E_INFILE	ScannerLearning	markTokenRejected	engine/SolanaMarketScanner.kt
E_INFILE	ScannerLearning	resetMode	engine/SolanaMarketScanner.kt
E_INFILE	ScannerLearning	resetTelemetry	engine/SolanaMarketScanner.kt
F_DEAD	AIStartupCoordinator	isInitialized	v3/core/AIStartupCoordinator.kt
F_DEAD	AITrustNetworkAI	trustWeight	v3/scoring/AITrustNetworkAI.kt
F_DEAD	AITrustNetworkAI	weightedValue	v3/scoring/AITrustNetworkAI.kt
F_DEAD	AdaptiveFloorBrain6397	activeAdvisories	engine/truth/AdaptiveFloorBrain6397.kt
F_DEAD	AdaptiveFloorBrain6397	laneStat	engine/truth/AdaptiveFloorBrain6397.kt
F_DEAD	AdaptiveFloorBrain6397	scannerHeat	engine/truth/AdaptiveFloorBrain6397.kt
F_DEAD	AdaptiveLaneReproof6684	proofPasses	engine/AdaptiveLaneReproof6684.kt
F_DEAD	AdaptiveVetoConsensusAuthority6728	resetForTest6728	engine/truth/AdaptiveVetoConsensusAuthority6728.kt
F_DEAD	AdvancedExitManager	calculateTimePressure	v3/scoring/AdvancedExitManager.kt
F_DEAD	AdvancedExitManager	shouldCutLoss	v3/scoring/AdvancedExitManager.kt
F_DEAD	AntiChokeManager	currentLevel	engine/AntiChokeManager.kt
F_DEAD	AntiRewardHackingGuard6439	currentHigh	engine/truth/AntiRewardHackingGuard6439.kt
F_DEAD	ArbCoordinator	evaluateWithPreference	v3/arb/ArbCoordinator.kt
F_DEAD	ArbCoordinator	hasOpportunity	v3/arb/ArbCoordinator.kt
F_DEAD	ArbLearning	getTypeStats	v3/arb/ArbLearning.kt
F_DEAD	AssetClass	dispatch	engine/CanonicalLearning.kt
F_DEAD	AssetClass	isRealLearningSize	engine/CanonicalLearning.kt
F_DEAD	AssetClass	neutralVote	engine/CanonicalLearning.kt
F_DEAD	AssetClass	normalizeAssetClass	engine/CanonicalLearning.kt
F_DEAD	AssetClass	normalizeOutcomeBeforeLearning	engine/CanonicalLearning.kt
F_DEAD	AssetClass	readinessOf	engine/CanonicalLearning.kt
F_DEAD	AssetClass	recordEducation	engine/CanonicalLearning.kt
F_DEAD	AsyncStrategyLab	requestBackgroundProviderHypothesis	engine/AsyncStrategyLab.kt
F_DEAD	AuthorityInvariants6399	assertNotDenylistedInLivePath	engine/truth/AuthorityInvariants6399.kt
F_DEAD	AuthorityInvariants6399	assertNotShadowInLivePath	engine/truth/AuthorityInvariants6399.kt
F_DEAD	AutoCompoundEngine	dailyRebalance	engine/AutoCompoundEngine.kt
F_DEAD	AutoCompoundEngine	withdrawFromPool	engine/AutoCompoundEngine.kt
F_DEAD	AutoEndpointMigrator	clearMigration	engine/AutoEndpointMigrator.kt
F_DEAD	AutoEndpointMigrator	forceMigrate	engine/AutoEndpointMigrator.kt
F_DEAD	AutoModeEngine	clearCopy	engine/AutoModeEngine.kt
F_DEAD	AutoPipelineAdvisor6462	neutral6898	engine/truth/AutoPipelineAdvisor6462.kt
F_DEAD	AutoPipelineAdvisor6462	voteFor	engine/truth/AutoPipelineAdvisor6462.kt
F_DEAD	BackgroundTradingAuthority6469	currentJobId	engine/truth/BackgroundTradingAuthority6469.kt
F_DEAD	BackgroundTradingAuthority6469	jobReplacements	engine/truth/BackgroundTradingAuthority6469.kt
F_DEAD	BackgroundTradingAuthority6469	screenOffTicks	engine/truth/BackgroundTradingAuthority6469.kt
F_DEAD	BackgroundTradingAuthority6469	uiAbsentTicks	engine/truth/BackgroundTradingAuthority6469.kt
F_DEAD	BacktestEngine	assetClassBreakdown	backtest/BacktestEngine.kt
F_DEAD	BacktestEngine	compareStrategies	backtest/BacktestEngine.kt
F_DEAD	BacktestEngine	runAndLog	backtest/BacktestEngine.kt
F_DEAD	BalanceProofWaitState	getWaiting	engine/sell/BalanceProofWaitState.kt
F_DEAD	BalanceProofWaitState	totalMergeCount	engine/sell/BalanceProofWaitState.kt
F_DEAD	BannedTokens	getBanTimestamp	engine/BannedTokens.kt
F_DEAD	BannedTokens	getBannedList	engine/BannedTokens.kt
F_DEAD	BannedTokens	getDetailedBannedList	engine/BannedTokens.kt
F_DEAD	BannedTokens	getReason	engine/BannedTokens.kt
F_DEAD	BannedTokens	reload	engine/BannedTokens.kt
F_DEAD	BehaviorAI	getAggressionName	v3/scoring/BehaviorAI.kt
F_DEAD	BehaviorLearning	getBroadSignature	engine/BehaviorLearning.kt
F_DEAD	BehaviorLearning	getFineSignature	engine/BehaviorLearning.kt
F_DEAD	BehaviorLearning	getRichSignature	engine/BehaviorLearning.kt
F_DEAD	BehaviorLearning	getSignature	engine/BehaviorLearning.kt
F_DEAD	BehaviorLearning	getWinLossCount	engine/BehaviorLearning.kt
F_DEAD	BirdeyeApi	getAllTimeStats	network/BirdeyeApi.kt
F_DEAD	BirdeyeApi	getTokenPrice	network/BirdeyeApi.kt
F_DEAD	BirdeyeApi	getTokenSecurity	network/BirdeyeApi.kt
F_DEAD	BirdeyeApi	getTraderGainersLosers	network/BirdeyeApi.kt
F_DEAD	BirdeyeBudgetGate	isLockedDown	engine/BirdeyeBudgetGate.kt
F_DEAD	BirdeyeBudgetGate	setDailyCap	engine/BirdeyeBudgetGate.kt
F_DEAD	BirdeyeCreationInfoProvider	isFreshDeploy	engine/BirdeyeCreationInfoProvider.kt
F_DEAD	BirdeyeCreationInfoProvider	isYoungToken	engine/BirdeyeCreationInfoProvider.kt
F_DEAD	BirdeyeWhaleFeeder	isKnownWhale	engine/BirdeyeWhaleFeeder.kt
F_DEAD	BleederLaneProbation6747	isOnProbation	engine/truth/BleederLaneProbation6747.kt
F_DEAD	BleederMemoryRouter	shouldPivot	engine/BleederMemoryRouter.kt
F_DEAD	BootstrapAdaptiveEngine	getMultiplier	v3/scoring/BootstrapAdaptiveEngine.kt
F_DEAD	BotBrain	decayBucket	engine/BotBrain.kt
F_DEAD	BotBrain	isRecentRegimeFavorable	engine/BotBrain.kt
F_DEAD	BotBrain	loadMemoryFromPrefs	engine/BotBrain.kt
F_DEAD	BotBrain	recordToMemory	engine/BotBrain.kt
F_DEAD	BotBrain	regimeSizeMultiplier	engine/BotBrain.kt
F_DEAD	BotBrain	saveMemoryToPrefs	engine/BotBrain.kt
F_DEAD	BotBrain	updateRegime	engine/BotBrain.kt
F_DEAD	BotLoopStageTiming6402	emitCycleDone	engine/truth/BotLoopStageTiming6402.kt
F_DEAD	BotLoopStageTiming6402	emitDone	engine/truth/BotLoopStageTiming6402.kt
F_DEAD	BotLoopStageTiming6402	emitStart	engine/truth/BotLoopStageTiming6402.kt
F_DEAD	BotLoopStageTiming6402	newCycleId	engine/truth/BotLoopStageTiming6402.kt
F_DEAD	BrainMultiplierFloor6363	bypassCount	engine/BrainMultiplierFloor6363.kt
F_DEAD	BrainMultiplierFloor6363	liftCount	engine/BrainMultiplierFloor6363.kt
F_DEAD	BrainNetworkView	botTradingHot	ui/BrainNetworkView.kt
F_DEAD	BrainNetworkView	engineColor	ui/BrainNetworkView.kt
F_DEAD	BrainNetworkView	getActiveLayerCount	ui/BrainNetworkView.kt
F_DEAD	BrainNetworkView	getDormantLayerCount	ui/BrainNetworkView.kt
F_DEAD	BundleDetector	getCacheStats	engine/BundleDetector.kt
F_DEAD	BuyResult6621	byAttempt6621	engine/truth/BuyResult6621.kt
F_DEAD	BuyResult6621	entryLane6621	engine/truth/BuyResult6621.kt
F_DEAD	BuyResult6621	record6621	engine/truth/BuyResult6621.kt
F_DEAD	CanaryReleaseGate6386	canAcceptBuy	engine/truth/CanaryReleaseGate6386.kt
F_DEAD	CanaryReleaseGate6386	onCanaryBuyAccepted	engine/truth/CanaryReleaseGate6386.kt
F_DEAD	CanaryReleaseGate6386	onCleanRoundTrip	engine/truth/CanaryReleaseGate6386.kt
F_DEAD	CanaryReleaseGate6386	promoteToCanary	engine/truth/CanaryReleaseGate6386.kt
F_DEAD	CanaryReleaseGate6386	resetAllForTest	engine/truth/CanaryReleaseGate6386.kt
F_DEAD	CandidateAccumulator6430	topProviderConfluence	engine/truth/CandidateAccumulator6430.kt
F_DEAD	CanonicalAssetEntryCandidate6551	markDeferred	engine/truth/CanonicalAssetEntryContract6551.kt
F_DEAD	CanonicalCapitalAuthority6450	installMarkProvider	engine/truth/CanonicalCapitalAuthority6450.kt
F_DEAD	CanonicalCloseAuthority	acceptDustRemaining	engine/sell/CanonicalCloseAuthority.kt
F_DEAD	CanonicalCloseFinality6389	allocate	engine/truth/CanonicalSettlement6389.kt
F_DEAD	CanonicalCloseFinality6389	auditCount	engine/truth/CanonicalSettlement6389.kt
F_DEAD	CanonicalCloseFinality6389	buySolSpentUi	engine/truth/CanonicalSettlement6389.kt
F_DEAD	CanonicalCloseFinality6389	currentRunId	engine/truth/CanonicalSettlement6389.kt
F_DEAD	CanonicalCloseFinality6389	currentStartMs	engine/truth/CanonicalSettlement6389.kt
F_DEAD	CanonicalCloseFinality6389	eligibleForFreshMetrics	engine/truth/CanonicalSettlement6389.kt
F_DEAD	CanonicalCloseFinality6389	emitInvariantFail	engine/truth/CanonicalSettlement6389.kt
F_DEAD	CanonicalCloseFinality6389	expectedPnlLamports	engine/truth/CanonicalSettlement6389.kt
F_DEAD	CanonicalCloseFinality6389	isAmbiguous	engine/truth/CanonicalSettlement6389.kt
F_DEAD	CanonicalCloseFinality6389	isForbiddenSource	engine/truth/CanonicalSettlement6389.kt
F_DEAD	CanonicalCloseFinality6389	isLegalSource	engine/truth/CanonicalSettlement6389.kt
F_DEAD	CanonicalCloseFinality6389	learningExcludedCount	engine/truth/CanonicalSettlement6389.kt
F_DEAD	CanonicalCloseFinality6389	leaseInvariant	engine/truth/CanonicalSettlement6389.kt
F_DEAD	CanonicalCloseFinality6389	realisedPnlSolUi	engine/truth/CanonicalSettlement6389.kt
F_DEAD	CanonicalCloseFinality6389	recordMainThreadStall	engine/truth/CanonicalSettlement6389.kt
F_DEAD	CanonicalCloseFinality6389	recordRepair	engine/truth/CanonicalSettlement6389.kt
F_DEAD	CanonicalCloseFinality6389	recordSkewQuarantine	engine/truth/CanonicalSettlement6389.kt
F_DEAD	CanonicalCloseFinality6389	registerOrUpdate	engine/truth/CanonicalSettlement6389.kt
F_DEAD	CanonicalCloseFinality6389	releaseSkewQuarantine	engine/truth/CanonicalSettlement6389.kt
F_DEAD	CanonicalCloseFinality6389	setForTest	engine/truth/CanonicalSettlement6389.kt
F_DEAD	CanonicalCloseFinality6389	shouldInvalidate	engine/truth/CanonicalSettlement6389.kt
F_DEAD	CanonicalCloseFinality6389	stallCountAbove700ms	engine/truth/CanonicalSettlement6389.kt
F_DEAD	CanonicalCloseFinality6389	tryRelease	engine/truth/CanonicalSettlement6389.kt
F_DEAD	CanonicalCloseFinality6389	uiAmount	engine/truth/CanonicalSettlement6389.kt
F_DEAD	CanonicalCloseFinality6389	winsLosses	engine/truth/CanonicalSettlement6389.kt
F_DEAD	CanonicalEconomicEvent6635	allCommitted	engine/truth/CanonicalEconomicEvent6635.kt
F_DEAD	CanonicalEconomicEvent6635	anyCommitted	engine/truth/CanonicalEconomicEvent6635.kt
F_DEAD	CanonicalEconomicEvent6635	clearPositionIndex	engine/truth/CanonicalEconomicEvent6635.kt
F_DEAD	CanonicalEconomicEvent6635	eventById	engine/truth/CanonicalEconomicEvent6635.kt
F_DEAD	CanonicalEconomicEvent6635	eventsForCanonicalMint	engine/truth/CanonicalEconomicEvent6635.kt
F_DEAD	CanonicalEconomicEvent6635	mintEventId	engine/truth/CanonicalEconomicEvent6635.kt
F_DEAD	CanonicalEconomicEvent6635	openEventForPosition	engine/truth/CanonicalEconomicEvent6635.kt
F_DEAD	CanonicalEntryAuthority6540	assetClassStats6567	engine/truth/CanonicalEntryAuthority6540.kt
F_DEAD	CanonicalEntryAuthority6540	markAdapterDispatch	engine/truth/CanonicalEntryAuthority6540.kt
F_DEAD	CanonicalEntryAuthority6540	markOpenConfirmed	engine/truth/CanonicalEntryAuthority6540.kt
F_DEAD	CanonicalEntryPipeline6398	buildFloorEnvelope	engine/truth/CanonicalEntryPipeline6398.kt
F_DEAD	CanonicalEntryPipeline6398	findTicketFor	engine/truth/CanonicalEntryPipeline6398.kt
F_DEAD	CanonicalEntryPipeline6398	issueAndRegister	engine/truth/CanonicalEntryPipeline6398.kt
F_DEAD	CanonicalEntryPipeline6398	mintTicket	engine/truth/CanonicalEntryPipeline6398.kt
F_DEAD	CanonicalEntryPipeline6398	perfDeltaCap	engine/truth/CanonicalEntryPipeline6398.kt
F_DEAD	CanonicalEntryPipeline6398	revokeTicketFor	engine/truth/CanonicalEntryPipeline6398.kt
F_DEAD	CanonicalEntryPipeline6398	validateTicket	engine/truth/CanonicalEntryPipeline6398.kt
F_DEAD	CanonicalExecutionReceipt6394	currentExecutionId	engine/truth/CanonicalExecutionTruth6394.kt
F_DEAD	CanonicalExecutionReceipt6394	idempotencyKey	engine/truth/CanonicalExecutionTruth6394.kt
F_DEAD	CanonicalExecutionReceipt6394	isConsumed	engine/truth/CanonicalExecutionTruth6394.kt
F_DEAD	CanonicalExecutionReceipt6394	isTagged	engine/truth/CanonicalExecutionTruth6394.kt
F_DEAD	CanonicalExecutionReceipt6394	leaseExpired	engine/truth/CanonicalExecutionTruth6394.kt
F_DEAD	CanonicalExecutionReceipt6394	onWhaleBuy	engine/truth/CanonicalExecutionTruth6394.kt
F_DEAD	CanonicalExecutionReceipt6394	retryDelayMs	engine/truth/CanonicalExecutionTruth6394.kt
F_DEAD	CanonicalExecutionReceipt6394	totalAccrued	engine/truth/CanonicalExecutionTruth6394.kt
F_DEAD	CanonicalExecutionReceipt6394	tryTransition	engine/truth/CanonicalExecutionTruth6394.kt
F_DEAD	CanonicalFill6393	addProof	engine/truth/ForensicFinalityAndTuner6393.kt
F_DEAD	CanonicalFill6393	buyFailed	engine/truth/ForensicFinalityAndTuner6393.kt
F_DEAD	CanonicalFill6393	canonicalLearningEligible	engine/truth/ForensicFinalityAndTuner6393.kt
F_DEAD	CanonicalFill6393	commitCanonicalClose	engine/truth/ForensicFinalityAndTuner6393.kt
F_DEAD	CanonicalFill6393	computeUpdate	engine/truth/ForensicFinalityAndTuner6393.kt
F_DEAD	CanonicalFill6393	countHeld	engine/truth/ForensicFinalityAndTuner6393.kt
F_DEAD	CanonicalFill6393	countZero	engine/truth/ForensicFinalityAndTuner6393.kt
F_DEAD	CanonicalFill6393	defaultLadder	engine/truth/ForensicFinalityAndTuner6393.kt
F_DEAD	CanonicalFill6393	eligibleForGovernorInfluence	engine/truth/ForensicFinalityAndTuner6393.kt
F_DEAD	CanonicalFill6393	eligibleForZeroClose	engine/truth/ForensicFinalityAndTuner6393.kt
F_DEAD	CanonicalFill6393	isValidTransition	engine/truth/ForensicFinalityAndTuner6393.kt
F_DEAD	CanonicalFill6393	isWalletBalanceAuthority	engine/truth/ForensicFinalityAndTuner6393.kt
F_DEAD	CanonicalFill6393	neverMartingaleSize	engine/truth/ForensicFinalityAndTuner6393.kt
F_DEAD	CanonicalFill6393	preauthAllow	engine/truth/ForensicFinalityAndTuner6393.kt
F_DEAD	CanonicalFill6393	proofOf	engine/truth/ForensicFinalityAndTuner6393.kt
F_DEAD	CanonicalFill6393	recordProof	engine/truth/ForensicFinalityAndTuner6393.kt
F_DEAD	CanonicalFill6393	runnerFraction	engine/truth/ForensicFinalityAndTuner6393.kt
F_DEAD	CanonicalFill6393	shouldRotate	engine/truth/ForensicFinalityAndTuner6393.kt
F_DEAD	CanonicalFinalizedTradeBus6464	isExcluded	engine/truth/CanonicalFinalizedTradeBus6464.kt
F_DEAD	CanonicalFinalizedTradeBus6464	parity	engine/truth/CanonicalFinalizedTradeBus6464.kt
F_DEAD	CanonicalIdentityModel6464	getIdentity	engine/truth/CanonicalIdentityModel6464.kt
F_DEAD	CanonicalInstanceIdentity6472	bumpEpoch	engine/truth/CanonicalInstanceIdentity6472.kt
F_DEAD	CanonicalInstanceIdentity6472	instanceId	engine/truth/CanonicalInstanceIdentity6472.kt
F_DEAD	CanonicalIntegrityGuards6449	clampToRemaining	engine/truth/CanonicalIntegrityGuards6449.kt
F_DEAD	CanonicalIntegrityGuards6449	clampToRemainingStrict	engine/truth/CanonicalIntegrityGuards6449.kt
F_DEAD	CanonicalLaneIdentity6506	aliasesForTest	engine/truth/CanonicalLaneIdentity6506.kt
F_DEAD	CanonicalLaneIdentity6506	sameLane	engine/truth/CanonicalLaneIdentity6506.kt
F_DEAD	CanonicalLedger6387	canonicalClosedIdsCurrentEpoch	engine/truth/CanonicalLedger6387.kt
F_DEAD	CanonicalLedger6387	commitBuy	engine/truth/CanonicalLedger6387.kt
F_DEAD	CanonicalLedger6387	findActive	engine/truth/CanonicalLedger6387.kt
F_DEAD	CanonicalLedger6387	rollEpoch	engine/truth/CanonicalLedger6387.kt
F_DEAD	CanonicalLedger6387	setClassification	engine/truth/CanonicalLedger6387.kt
F_DEAD	CanonicalLedgerParityHold6387	cleanCycleCount	engine/truth/SafetyHolds6387.kt
F_DEAD	CanonicalMintOccupancyRegistry6464	markInFlightEntry	engine/truth/CanonicalMintOccupancyRegistry6464.kt
F_DEAD	CanonicalMintOccupancyRegistry6464	markPendingEntry	engine/truth/CanonicalMintOccupancyRegistry6464.kt
F_DEAD	CanonicalOutcomeClassifier6576	counts	engine/truth/CanonicalOutcomeClassifier6576.kt
F_DEAD	CanonicalOutcomeClassifier6576	divergenceCount	engine/truth/CanonicalOutcomeClassifier6576.kt
F_DEAD	CanonicalPaperPartialOperation6510	resetForTest6613	engine/truth/CanonicalPaperPartialOperation6510.kt
F_DEAD	CanonicalPaperPartialOperation6510	tierState6613	engine/truth/CanonicalPaperPartialOperation6510.kt
F_DEAD	CanonicalPaperTerminalBridge6469	emitCanonicalFanout	engine/truth/CanonicalPaperTerminalBridge6469.kt
F_DEAD	CanonicalPaperTransaction6486	permitsLegacyQuantityRepair6736	engine/truth/CanonicalPaperTransaction6486.kt
F_DEAD	CanonicalPaperTransaction6486	reconcileForensicBoundary6666	engine/truth/CanonicalPaperTransaction6486.kt
F_DEAD	CanonicalPerformanceFilter6395	reasons	engine/truth/CanonicalPerformanceFilter6395.kt
F_DEAD	CanonicalPositionAuthority6441	canAffordPaperBuy	engine/truth/CanonicalPositionAuthority6441.kt
F_DEAD	CanonicalPositionAuthority6441	classifyLifecycles	engine/truth/CanonicalPositionAuthority6441.kt
F_DEAD	CanonicalPositionAuthority6441	observeLiveCash	engine/truth/CanonicalPositionAuthority6441.kt
F_DEAD	CanonicalPositionAuthority6441	openCountForValuation	engine/truth/CanonicalPositionAuthority6441.kt
F_DEAD	CanonicalPositionAuthority6441	openPositionsForValuation	engine/truth/CanonicalPositionAuthority6441.kt
F_DEAD	CanonicalPositionId6387	uniqueKey	engine/truth/CanonicalPosition6387.kt
F_DEAD	CanonicalProfitMultiple6387	checkContradiction	engine/truth/CanonicalProfitMultiple6387.kt
F_DEAD	CanonicalProfitMultiple6387	emitContradiction	engine/truth/CanonicalProfitMultiple6387.kt
F_DEAD	CanonicalProfitMultiple6387	emitRejection	engine/truth/CanonicalProfitMultiple6387.kt
F_DEAD	CanonicalProfitMultiple6387	requiredMinPct	engine/truth/CanonicalProfitMultiple6387.kt
F_DEAD	CanonicalPublishHelper	ageBucketFromMs	engine/CanonicalPublishHelper.kt
F_DEAD	CanonicalPublishHelper	liqBucketFromUsd	engine/CanonicalPublishHelper.kt
F_DEAD	CanonicalPublishHelper	mcapBucketFromUsd	engine/CanonicalPublishHelper.kt
F_DEAD	CanonicalRoundTripReconciler6738	observeAccountingDivergence	engine/truth/CanonicalRoundTripReconciler6738.kt
F_DEAD	CanonicalRoundTripReconciler6738	resetForTest6738	engine/truth/CanonicalRoundTripReconciler6738.kt
F_DEAD	CanonicalRoundTripReconciler6738	tripOf	engine/truth/CanonicalRoundTripReconciler6738.kt
F_DEAD	CanonicalTokenAmount	priceSol	engine/truth/CanonicalTokenAmount6522.kt
F_DEAD	CanonicalTokenAmount	rawRoundTrip	engine/truth/CanonicalTokenAmount6522.kt
F_DEAD	CanonicalTokenAmount	valueSol	engine/truth/CanonicalTokenAmount6522.kt
F_DEAD	CanonicalTokenMetricsSnapshot6725	isDyingToken	engine/truth/CanonicalTokenMetricsSnapshot6725.kt
F_DEAD	CanonicalTokenMetricsSnapshot6725	isHealthyRunner	engine/truth/CanonicalTokenMetricsSnapshot6725.kt
F_DEAD	CanonicalTradeFinalizedBus6450	economicInvalidReasonForTest6495	engine/truth/CanonicalTradeFinalizedBus6450.kt
F_DEAD	CanonicalTradeStream6501	isEligible	engine/truth/CanonicalTradeStream6501.kt
F_DEAD	CapitalConservationTracer6469	violationCount	engine/truth/CapitalConservationTracer6469.kt
F_DEAD	CapitalPreservationCreed6439	finalizedVerdict6486	engine/truth/CapitalPreservationCreed6439.kt
F_DEAD	CapitalPreservationCreed6439	isAlignedWithDailyTarget	engine/truth/CapitalPreservationCreed6439.kt
F_DEAD	CashGenerationAI	getCurrentTreasuryBalance	v3/scoring/CashGenerationAI.kt
F_DEAD	CatastrophicExitLatency	activeTraceCount	engine/CatastrophicExitLatency.kt
F_DEAD	CatastrophicExitLatency	emittedTraceCount	engine/CatastrophicExitLatency.kt
F_DEAD	CatastrophicExitLatency	onBroadcast	engine/CatastrophicExitLatency.kt
F_DEAD	CatastrophicExitLatency	onConfirmation	engine/CatastrophicExitLatency.kt
F_DEAD	CatastrophicExitLatency	onFinalisation	engine/CatastrophicExitLatency.kt
F_DEAD	CatastrophicExitLatency	onRouteReady	engine/CatastrophicExitLatency.kt
F_DEAD	CausalFeedbackAuthority6715	cohortLoserAdvisoryForBand	engine/truth/CausalFeedbackAuthority6715.kt
F_DEAD	CircuitBreakerState	wipeBytes	engine/SecurityGuard.kt
F_DEAD	ClassificationProvenanceGuard6450	qualifyBluechip	engine/truth/ClassificationProvenanceGuard6450.kt
F_DEAD	CloseLease	inBackoff	engine/sell/CloseLease.kt
F_DEAD	CloseLease	msUntilEligible	engine/sell/CloseLease.kt
F_DEAD	CloseLease	scheduleBackoff	engine/sell/CloseLease.kt
F_DEAD	CloseOutcomeLabelSanitizer	isDirtyForTraining	engine/CloseOutcomeLabelSanitizer.kt
F_DEAD	CloudLearningSync	blendWeights	engine/CloudLearningSync.kt
F_DEAD	CloudLearningSync	getCommunityStats	engine/CloudLearningSync.kt
F_DEAD	CloudLearningSync	isOptedIn	engine/CloudLearningSync.kt
F_DEAD	CloudLearningSync	isUsingCommunityWeights	engine/CloudLearningSync.kt
F_DEAD	CloudLearningSync	setOptIn	engine/CloudLearningSync.kt
F_DEAD	CloudLearningSync	setUseCommunityWeights	engine/CloudLearningSync.kt
F_DEAD	CoachingCurriculum	activeLessons	engine/CoachingCurriculum.kt
F_DEAD	CognitiveAdvisoryBridge6398	postLlm	engine/truth/CognitiveAdvisoryBridge6398.kt
F_DEAD	CognitiveAdvisoryBridge6398	postSsi	engine/truth/CognitiveAdvisoryBridge6398.kt
F_DEAD	CognitiveAdvisoryBridge6398	postSuperAgi	engine/truth/CognitiveAdvisoryBridge6398.kt
F_DEAD	CoinGeckoTrending	getTrending	network/CoinGeckoTrending.kt
F_DEAD	CoinGeckoTrending	getTrendingRank	network/CoinGeckoTrending.kt
F_DEAD	ColdStartPriors	coldStartLiquidityFloor	engine/ColdStartPriors.kt
F_DEAD	ColdStartPriors	isColdStart	engine/ColdStartPriors.kt
F_DEAD	ColdStreakDamper	currentLossStreak	engine/runtime/ColdStreakDamper.kt
F_DEAD	ColdStreakDamper	currentWinStreak	engine/runtime/ColdStreakDamper.kt
F_DEAD	ColdStreakDamper	gateNormalEntry	engine/runtime/ColdStreakDamper.kt
F_DEAD	ColdStreakDamper	recordCall	engine/runtime/ColdStreakDamper.kt
F_DEAD	ColdStreakDamper	shouldCall	engine/runtime/ColdStreakDamper.kt
F_DEAD	CollectiveAnalytics	clearForTesting	engine/CollectiveAnalytics.kt
F_DEAD	CollectiveAnalytics	recordModeSyncUpload	engine/CollectiveAnalytics.kt
F_DEAD	CollectiveBrainActivity	setTradeCount	ui/CollectiveBrainActivity.kt
F_DEAD	CollectiveIntelligenceAI	aggregateModePerformance	v3/scoring/CollectiveIntelligenceAI.kt
F_DEAD	CollectiveIntelligenceAI	getEndpointHealthRecords	v3/scoring/CollectiveIntelligenceAI.kt
F_DEAD	CollectiveIntelligenceAI	getMintMemory	v3/scoring/CollectiveIntelligenceAI.kt
F_DEAD	CollectiveLearning	downloadAll	collective/CollectiveLearning.kt
F_DEAD	CollectiveLearning	getActiveUsersCount	collective/CollectiveLearning.kt
F_DEAD	CollectiveLearning	getCollectiveTradeCount	collective/CollectiveLearning.kt
F_DEAD	CollectiveLearning	getLegalAgreementCount	collective/CollectiveLearning.kt
F_DEAD	CollectiveLearning	getWhaleEffectiveness	collective/CollectiveLearning.kt
F_DEAD	CollectiveLearning	uploadModePerformance	collective/CollectiveLearning.kt
F_DEAD	CommoditiesStrategy	seasonalBias	perps/strategy/CommoditiesStrategy.kt
F_DEAD	CommonSenseTradePlaybook	allowShaped	engine/CommonSenseTradePlaybook.kt
F_DEAD	CommonSenseTradePlaybook	warmAsync	engine/CommonSenseTradePlaybook.kt
F_DEAD	CompoundGrowthMentality	agiBias	engine/CompoundGrowthMentality.kt
F_DEAD	ConfidenceBreakdown	getStarvationRelief	v3/decision/DecisionEngine.kt
F_DEAD	ConfidenceBreakdown	recordExecute	v3/decision/DecisionEngine.kt
F_DEAD	ConfidenceBreakdown	recordNonExecute	v3/decision/DecisionEngine.kt
F_DEAD	ConservationInvariants6387	checkBasis	engine/truth/ConservationInvariants6387.kt
F_DEAD	ConservationInvariants6387	checkQuantity	engine/truth/ConservationInvariants6387.kt
F_DEAD	CopyTradeEngine	addWallet	engine/CopyTradeEngine.kt
F_DEAD	CopyTradeEngine	discoverTopWallets	engine/CopyTradeEngine.kt
F_DEAD	CorrelationScanner	analyzeCorrelationPair	perps/CorrelationScanner.kt
F_DEAD	CorrelationScanner	calculateCorrelation	perps/CorrelationScanner.kt
F_DEAD	CorrelationScanner	checkChinaCorrelation	perps/CorrelationScanner.kt
F_DEAD	CorrelationScanner	checkGoldMinersCorrelation	perps/CorrelationScanner.kt
F_DEAD	CorrelationScanner	checkSilverMinersCorrelation	perps/CorrelationScanner.kt
F_DEAD	CorrelationScanner	getCorrelationStrength	perps/CorrelationScanner.kt
F_DEAD	CorrelationScanner	getDataPointCounts	perps/CorrelationScanner.kt
F_DEAD	CorrelationScanner	hasEnoughData	perps/CorrelationScanner.kt
F_DEAD	CorrelationScanner	recordPrices	perps/CorrelationScanner.kt
F_DEAD	CorrelationScanner	scanAllCorrelations	perps/CorrelationScanner.kt
F_DEAD	CounterParityLedger6399	fdgCount	engine/truth/CounterParityLedger6399.kt
F_DEAD	CounterParityLedger6399	fdgTotal	engine/truth/CounterParityLedger6399.kt
F_DEAD	CounterfactualReplayEngine	bestMissedAlternatives	engine/CounterfactualReplayEngine.kt
F_DEAD	CrossAssetUniverseDiagnostic6727	recordAdvance	engine/truth/CrossAssetUniverseDiagnostic6727.kt
F_DEAD	CrossAssetUniverseDiagnostic6727	recordCandidate	engine/truth/CrossAssetUniverseDiagnostic6727.kt
F_DEAD	CrossAssetUniverseDiagnostic6727	recordStart	engine/truth/CrossAssetUniverseDiagnostic6727.kt
F_DEAD	CrossMarketRegimeAI	getCapitalBias	v4/meta/CrossMarketRegimeAI.kt
F_DEAD	CrossMarketRegimeAI	getRegimeFitMultiplier	v4/meta/CrossMarketRegimeAI.kt
F_DEAD	CrossMarketRegimeAI	lastAssessAgeMs	v4/meta/CrossMarketRegimeAI.kt
F_DEAD	CrossMarketRegimeAI	trackedMarketCount	v4/meta/CrossMarketRegimeAI.kt
F_DEAD	CryptoAltActivity	setCandles	ui/CryptoAltActivity.kt
F_DEAD	CryptoAltActivity	setSimpleLine	ui/CryptoAltActivity.kt
F_DEAD	CryptoAltActivity	statBox	ui/CryptoAltActivity.kt
F_DEAD	CryptoAltScannerAI	getAltBeta	perps/CryptoAltScannerAI.kt
F_DEAD	CryptoAltScannerAI	getTopSectors	perps/CryptoAltScannerAI.kt
F_DEAD	CryptoAltStrategy	classifyBtcRegime	perps/strategy/CryptoAltStrategy.kt
F_DEAD	CryptoAltStrategy	classifyVolRegime	perps/strategy/CryptoAltStrategy.kt
F_DEAD	CryptoAltTrader	getClosedPositions	perps/CryptoAltTrader.kt
F_DEAD	CryptoAltTrader	getLossCount	perps/CryptoAltTrader.kt
F_DEAD	CryptoAltTrader	hasPositionSymbol	perps/CryptoAltTrader.kt
F_DEAD	CryptoAltTrader	hasTrustedMark	perps/CryptoAltTrader.kt
F_DEAD	CryptoAltTrader	requestClose	perps/CryptoAltTrader.kt
F_DEAD	CryptoAltTrader	terminalDisposition6613	perps/CryptoAltTrader.kt
F_DEAD	CryptoBehavior	sentiment	perps/crypto/brain/CryptoBehavior.kt
F_DEAD	CryptoBrain	activeTactic	perps/crypto/brain/CryptoBrain.kt
F_DEAD	CryptoBrain	getLevConfFloor	perps/crypto/brain/CryptoBrain.kt
F_DEAD	CryptoBrain	getSlPct	perps/crypto/brain/CryptoBrain.kt
F_DEAD	CryptoBrain	shouldShadowOnly	perps/crypto/brain/CryptoBrain.kt
F_DEAD	CryptoBrainState	saveNow	perps/crypto/brain/CryptoBrainState.kt
F_DEAD	CryptoBridgeAdapter	missing	perps/crypto/CryptoBridgeAdapter.kt
F_DEAD	CryptoBridgeAdapter	readiness6647	perps/crypto/CryptoBridgeAdapter.kt
F_DEAD	CryptoCanonicalLearning	recordInconclusive	perps/crypto/brain/CryptoCanonicalLearning.kt
F_DEAD	CryptoCanonicalLearning	recordOther	perps/crypto/brain/CryptoCanonicalLearning.kt
F_DEAD	CryptoCexAdapter	placeOrder	perps/crypto/CryptoCexAdapter.kt
F_DEAD	CryptoFluidLearning	liveTradeCount	perps/crypto/brain/CryptoFluidLearning.kt
F_DEAD	CryptoFluidLearning	lossCount	perps/crypto/brain/CryptoFluidLearning.kt
F_DEAD	CryptoFluidLearning	paperPnlEma	perps/crypto/brain/CryptoFluidLearning.kt
F_DEAD	CryptoFluidLearning	paperTradeCount	perps/crypto/brain/CryptoFluidLearning.kt
F_DEAD	CryptoFluidLearning	winCount	perps/crypto/brain/CryptoFluidLearning.kt
F_DEAD	CryptoLaneExitTuner	netSol	perps/crypto/brain/CryptoLaneExitTuner.kt
F_DEAD	CryptoLosingPatternMemory	lossRate	perps/crypto/brain/CryptoLosingPatternMemory.kt
F_DEAD	CryptoLosingPatternMemory	meanPnl	perps/crypto/brain/CryptoLosingPatternMemory.kt
F_DEAD	CryptoPositionState	liveOnlyCount	engine/CryptoPositionState.kt
F_DEAD	CryptoWrappedAssetMapper	isNativeOnly	perps/crypto/CryptoWrappedAssetMapper.kt
F_DEAD	CultMomentumAI	countWithin	v3/scoring/CultMomentumAI.kt
F_DEAD	CycleProfiler6411	onCycleComplete	engine/truth/CycleProfiler6411.kt
F_DEAD	DailyCompoundingTracker	progressToTarget	engine/DailyCompoundingTracker.kt
F_DEAD	DashboardDataProvider	getIntelligenceDashboard	engine/DashboardDataProvider.kt
F_DEAD	DashboardDataProvider	getTreasuryDashboard	engine/DashboardDataProvider.kt
F_DEAD	DashboardDataProvider	lastCanonicalFinalized6485	engine/DashboardDataProvider.kt
F_DEAD	DataOrchestrator	onTokenRemoved	engine/DataOrchestrator.kt
F_DEAD	DataOrchestrator	setDevWallet	engine/DataOrchestrator.kt
F_DEAD	DataProviderFaultCircuits6468	isNetworkAllowed	engine/truth/DataProviderFaultCircuits6468.kt
F_DEAD	DataProviderFaultCircuits6468	releaseAuthLockout	engine/truth/DataProviderFaultCircuits6468.kt
F_DEAD	DeadAILayerFilter	isNotApplicable	engine/DeadAILayerFilter.kt
F_DEAD	DeadAILayerFilter	repairList	engine/DeadAILayerFilter.kt
F_DEAD	DeskPerformanceAuthority6648	reduce	engine/truth/DeskPerformanceAuthority6648.kt
F_DEAD	DexScreenerWebSocket	getSubscribedCount	network/DexScreenerWebSocket.kt
F_DEAD	DipHunterAI	getFluidRecoveryTarget	v3/scoring/DipHunterAI.kt
F_DEAD	DiscordNotifier	bigWinMsg	engine/DiscordNotifier.kt
F_DEAD	DistributionFadeAvoider	recordDistribution	engine/DistributionFadeAvoider.kt
F_DEAD	DownstreamWorkQueue	telemetry	engine/DownstreamWorkQueue.kt
F_DEAD	DynamicAltTokenRegistry	canonicalIdentity6544	perps/DynamicAltTokenRegistry.kt
F_DEAD	DynamicAltTokenRegistry	getDynamicCount	perps/DynamicAltTokenRegistry.kt
F_DEAD	DynamicAltTokenRegistry	getNewTokens	perps/DynamicAltTokenRegistry.kt
F_DEAD	DynamicAltTokenRegistry	getStaticCount	perps/DynamicAltTokenRegistry.kt
F_DEAD	DynamicAltTokenRegistry	getTokensBySector	perps/DynamicAltTokenRegistry.kt
F_DEAD	DynamicAltTokenRegistry	inferSector	perps/DynamicAltTokenRegistry.kt
F_DEAD	EVCalculator	getKellySize	engine/quant/EVCalculator.kt
F_DEAD	EVCalculator	isPositiveEV	engine/quant/EVCalculator.kt
F_DEAD	EarlyEntryScout6390	aggregateAlarm	engine/truth/EarlyEntryAndPeakCapture6390.kt
F_DEAD	EarlyEntryScout6390	firedRungs	engine/truth/EarlyEntryAndPeakCapture6390.kt
F_DEAD	EarlyEntryScout6390	isAlarm	engine/truth/EarlyEntryAndPeakCapture6390.kt
F_DEAD	EarlyEntryScout6390	nextRung	engine/truth/EarlyEntryAndPeakCapture6390.kt
F_DEAD	EconomicPurityGate6504	clearUntrusted	engine/truth/EconomicPurityGate6504.kt
F_DEAD	EdgeLearning	getLiveTradesSeen	engine/EdgeLearning.kt
F_DEAD	EdgeLearning	learnFromShadowTrade	engine/EdgeLearning.kt
F_DEAD	EdgeLearning	logStats	engine/EdgeLearning.kt
F_DEAD	EducationSubLayerAI	applyOutcomeToReasonStats	v3/scoring/EducationSubLayerAI.kt
F_DEAD	EducationSubLayerAI	getBootstrapRelaxation	v3/scoring/EducationSubLayerAI.kt
F_DEAD	EducationSubLayerAI	getLayerLevel	v3/scoring/EducationSubLayerAI.kt
F_DEAD	EducationSubLayerAI	getLayerLevelProgress	v3/scoring/EducationSubLayerAI.kt
F_DEAD	EducationSubLayerAI	getLayerTrustMultiplier	v3/scoring/EducationSubLayerAI.kt
F_DEAD	EducationSubLayerAI	getStockLearningStats	v3/scoring/EducationSubLayerAI.kt
F_DEAD	EducationSubLayerAI	getTopLosingReasons	v3/scoring/EducationSubLayerAI.kt
F_DEAD	EducationSubLayerAI	getTopWinningReasons	v3/scoring/EducationSubLayerAI.kt
F_DEAD	EducationSubLayerAI	markLayerOutcome	v3/scoring/EducationSubLayerAI.kt
F_DEAD	EducationSubLayerAI	markLayerOutcome	v3/scoring/EducationSubLayerAI.kt
F_DEAD	EducationSubLayerAI	recordLayerVote	v3/scoring/EducationSubLayerAI.kt
F_DEAD	EducationSubLayerAI	recordScanDecision	v3/scoring/EducationSubLayerAI.kt
F_DEAD	EducationSubLayerAI	saveForced	v3/scoring/EducationSubLayerAI.kt
F_DEAD	EfficiencyLayer	getTopCandidates	engine/EfficiencyLayer.kt
F_DEAD	EfficiencyLayer	promoteCandidate	engine/EfficiencyLayer.kt
F_DEAD	EfficiencyLayer	removeCandidate	engine/EfficiencyLayer.kt
F_DEAD	EfficiencyLayer	upsertCandidate	engine/EfficiencyLayer.kt
F_DEAD	ElevenLabsApi	cacheKeySfx	engine/voice/ElevenLabsApi.kt
F_DEAD	ElevenLabsApi	voiceDesignSave	engine/voice/ElevenLabsApi.kt
F_DEAD	EligibilityResult	isCoolingDown	v3/eligibility/EligibilityGate.kt
F_DEAD	EligibilityResult	isGlobalExposureMaxed	v3/eligibility/EligibilityGate.kt
F_DEAD	EligibilityResult	isTokenAlreadyOpen	v3/eligibility/EligibilityGate.kt
F_DEAD	EligibilityResult	maxPct	v3/eligibility/EligibilityGate.kt
F_DEAD	EligibilityResult	maxSlots	v3/eligibility/EligibilityGate.kt
F_DEAD	EmergentGuardrails	areConfigChangesAllowed	engine/EmergentGuardrails.kt
F_DEAD	EmergentGuardrails	checkConfigChange	engine/EmergentGuardrails.kt
F_DEAD	EmergentGuardrails	enableConfigChanges	engine/EmergentGuardrails.kt
F_DEAD	EmergentGuardrails	freezeAggression	engine/EmergentGuardrails.kt
F_DEAD	EmergentGuardrails	getFrozenAggression	engine/EmergentGuardrails.kt
F_DEAD	EmergentGuardrails	getTradesLastMinute	engine/EmergentGuardrails.kt
F_DEAD	EmergentGuardrails	isAggressionFrozen	engine/EmergentGuardrails.kt
F_DEAD	EmergentGuardrails	traceFullPipeline	engine/EmergentGuardrails.kt
F_DEAD	EmergentGuardrails	tracePipeline	engine/EmergentGuardrails.kt
F_DEAD	EmergentGuardrails	unfreezeAggression	engine/EmergentGuardrails.kt
F_DEAD	EntryGateBlockCache6398	buildFingerprint	engine/truth/EntryGateBlockCache6398.kt
F_DEAD	EntryGateBlockCache6398	clearForMint	engine/truth/EntryGateBlockCache6398.kt
F_DEAD	EntryRejectionDedupeCache6396	clearMint	engine/truth/EntryRejectionDedupeCache6396.kt
F_DEAD	EntryRejectionDedupeCache6396	shouldEmitFresh	engine/truth/EntryRejectionDedupeCache6396.kt
F_DEAD	EntryRejectionTelemetry6396	assertNotBuyFailure	engine/truth/EntryRejectionTelemetry6396.kt
F_DEAD	EntryRejectionTelemetry6396	recordForensicCorrection	engine/truth/EntryRejectionTelemetry6396.kt
F_DEAD	EntryStrategySnapshot6450	migrate	engine/truth/EntryStrategySnapshot6450.kt
F_DEAD	ErrorLogActivity	updateLogs	ui/ErrorLogActivity.kt
F_DEAD	ErrorLogger	getCrashesOnly	engine/ErrorLogger.kt
F_DEAD	ErrorLogger	getCurrentSessionLogs	engine/ErrorLogger.kt
F_DEAD	ErrorLogger	getErrorsAndCrashes	engine/ErrorLogger.kt
F_DEAD	ErrorLogger	getLogsByComponent	engine/ErrorLogger.kt
F_DEAD	EvidenceEpochFilter6388	archiveAndStartNewEpoch	engine/truth/GovernorRecoverySubstrate6388.kt
F_DEAD	EvidenceEpochFilter6388	bySignature	engine/truth/GovernorRecoverySubstrate6388.kt
F_DEAD	EvidenceEpochFilter6388	bySignature	engine/truth/GovernorRecoverySubstrate6388.kt
F_DEAD	EvidenceEpochFilter6388	entriesLastHour	engine/truth/GovernorRecoverySubstrate6388.kt
F_DEAD	EvidenceEpochFilter6388	incompleteFlag	engine/truth/GovernorRecoverySubstrate6388.kt
F_DEAD	EvidenceEpochFilter6388	isHeld	engine/truth/GovernorRecoverySubstrate6388.kt
F_DEAD	EvidenceEpochFilter6388	isHistoricalAudit	engine/truth/GovernorRecoverySubstrate6388.kt
F_DEAD	EvidenceEpochFilter6388	isRecoveryEligible	engine/truth/GovernorRecoverySubstrate6388.kt
F_DEAD	EvidenceEpochFilter6388	liveEntryInfrastructureHealthy	engine/truth/GovernorRecoverySubstrate6388.kt
F_DEAD	EvidenceEpochFilter6388	nextEligibleEntryAt	engine/truth/GovernorRecoverySubstrate6388.kt
F_DEAD	ExecutableEntryAuthority6450	consecutiveLossesFor6488	engine/truth/ExecutableEntryAuthority6450.kt
F_DEAD	ExecutableEntryAuthority6450	consecutiveLossesNow6487	engine/truth/ExecutableEntryAuthority6450.kt
F_DEAD	ExecutableEntryAuthority6450	defensiveActive6487	engine/truth/ExecutableEntryAuthority6450.kt
F_DEAD	ExecutableEntryAuthority6450	recordBypass	engine/truth/ExecutableEntryAuthority6450.kt
F_DEAD	ExecutableEntryAuthority6450	recordLossForTest6487	engine/truth/ExecutableEntryAuthority6450.kt
F_DEAD	ExecutableEntryAuthority6450	resetForTest6487	engine/truth/ExecutableEntryAuthority6450.kt
F_DEAD	ExecutableEntryAuthority6450	sizeMultiplier6487	engine/truth/ExecutableEntryAuthority6450.kt
F_DEAD	ExecutableEntryAuthority6450	sizeMultiplierFor6488	engine/truth/ExecutableEntryAuthority6450.kt
F_DEAD	ExecutableOpenGate	canonicalExecutableIntent6509	engine/ExecutableOpenGate.kt
F_DEAD	ExecutableOpenGate	clearRetryPending6548	engine/ExecutableOpenGate.kt
F_DEAD	ExecutableOpenGate	dropped	engine/ExecutableOpenGate.kt
F_DEAD	ExecutableOpenGate	lanesCompatibleForTests	engine/ExecutableOpenGate.kt
F_DEAD	ExecutableOpenGate	sameDecisionContract6734	engine/ExecutableOpenGate.kt
F_DEAD	ExecutablePriceStopPreflight6345	preflight	engine/ExecutablePriceStopPreflight6345.kt
F_DEAD	ExecutableProfitAuthority6395	computeExecutableNetSol	engine/truth/ExecutableProfitAuthority6395.kt
F_DEAD	ExecutableProfitAuthority6395	computeExecutablePnlPct	engine/truth/ExecutableProfitAuthority6395.kt
F_DEAD	ExecutionAttemptLease	activeBackoffs	engine/ExecutionAttemptLease.kt
F_DEAD	ExecutionAttemptLease	activeBuyLeases	engine/ExecutionAttemptLease.kt
F_DEAD	ExecutionAttemptLease	visibleNegativeTtlCount	engine/ExecutionAttemptLease.kt
F_DEAD	ExecutionAuthorityPolicy6533	requiresSolanaTokenMap	engine/ExecutionAuthorityPolicy6533.kt
F_DEAD	ExecutionCostPredictorAI	avgSlipPct	v3/scoring/ExecutionCostPredictorAI.kt
F_DEAD	ExecutionCounterContract	recordCloseAttempt	engine/runtime/ExecutionCounterContract.kt
F_DEAD	ExecutionCounterContract	recordCloseSuccess	engine/runtime/ExecutionCounterContract.kt
F_DEAD	ExecutionCounterContract	recordJournalBuyWrite	engine/runtime/ExecutionCounterContract.kt
F_DEAD	ExecutionCounterContract	recordOpenAttempt	engine/runtime/ExecutionCounterContract.kt
F_DEAD	ExecutionCounterContract	recordOpenSuccess	engine/runtime/ExecutionCounterContract.kt
F_DEAD	ExecutionHealthGuard	isEmergencyReason	engine/ExecutionHealthGuard.kt
F_DEAD	ExecutionHealthGuard	slippageViolationsToday	engine/ExecutionHealthGuard.kt
F_DEAD	ExecutionPathAI	recordExecution	v4/meta/ExecutionPathAI.kt
F_DEAD	ExecutionSpineAcceptance6647	requirePassing	engine/truth/ExecutionSpineAcceptance6647.kt
F_DEAD	ExecutionTicketMachine6411	forceTerminal	engine/truth/ExecutionTicketMachine6411.kt
F_DEAD	ExecutionTicketMachine6411	intentId	engine/truth/ExecutionTicketMachine6411.kt
F_DEAD	ExecutionTicketMachine6411	sweepExpired	engine/truth/ExecutionTicketMachine6411.kt
F_DEAD	ExitCoordinatorHeartbeat	falseResetsPreventedCount	engine/ExitCoordinatorHeartbeat.kt
F_DEAD	ExitCoordinatorHeartbeat	justifiedResetCount	engine/ExitCoordinatorHeartbeat.kt
F_DEAD	ExitCoordinatorHeartbeat	shouldStaleReset	engine/ExitCoordinatorHeartbeat.kt
F_DEAD	ExitCoordinatorHeartbeat	staleReset	engine/ExitCoordinatorHeartbeat.kt
F_DEAD	ExitCoordinatorHeartbeat	staleResetCount	engine/ExitCoordinatorHeartbeat.kt
F_DEAD	ExitCoordinatorHeartbeat	startSweep	engine/ExitCoordinatorHeartbeat.kt
F_DEAD	ExitIntelligence	needsAttention	engine/ExitIntelligence.kt
F_DEAD	ExitManager	hasCriticalCondition	engine/ExitManager.kt
F_DEAD	ExitProviderHealth	jupiterCooldownRemainingMs	engine/sell/ExitProviderHealth.kt
F_DEAD	ExitProviderHealth	jupiterProbeReady	engine/sell/ExitProviderHealth.kt
F_DEAD	ExitProviderHealth	pumpRouteInvalidatedRecently	engine/sell/ExitProviderHealth.kt
F_DEAD	ExplorationBudget	allowPaperMicroTrade	engine/learning/ExplorationBudget.kt
F_DEAD	ExpressHandoffFunnel6625	currentBacklogByLane6625	engine/truth/MemeExecutionFunnelReceivers6625.kt
F_DEAD	FalseProfitHistoricalQuarantine6387	evaluateReasons	engine/truth/FalseProfitHistoricalQuarantine6387.kt
F_DEAD	FatalRiskResult	pairValid	v3/risk/FatalRiskChecker.kt
F_DEAD	FdgFanoutControl6396	canShadowLaneExecute	engine/truth/FdgFanoutControl6396.kt
F_DEAD	FdgFanoutControl6396	fanoutOverBudget	engine/truth/FdgFanoutControl6396.kt
F_DEAD	FdgFanoutControl6396	fanoutRatioFdgPerIntake	engine/truth/FdgFanoutControl6396.kt
F_DEAD	FdgFanoutControl6396	issueOrReuse	engine/truth/FdgFanoutControl6396.kt
F_DEAD	FdgFanoutControl6396	recordExecInvocation	engine/truth/FdgFanoutControl6396.kt
F_DEAD	FdgFanoutControl6396	recordIntakeSample	engine/truth/FdgFanoutControl6396.kt
F_DEAD	FillLot6386	consumeFifo	engine/truth/FillLotLedger6386.kt
F_DEAD	FillLot6386	openLotsFor	engine/truth/FillLotLedger6386.kt
F_DEAD	FillLot6386	totalRemainingRaw	engine/truth/FillLotLedger6386.kt
F_DEAD	FillLotLedger6504	assertMatches	engine/truth/FillLotLedger6504.kt
F_DEAD	FillLotLedger6504	canonicalQtyOf	engine/truth/FillLotLedger6504.kt
F_DEAD	FillLotLedger6504	lotsOf	engine/truth/FillLotLedger6504.kt
F_DEAD	FillLotLedger6504	setTestMemoryMode6641	engine/truth/FillLotLedger6504.kt
F_DEAD	FinalExecutionPermit	getRejectionReason	engine/FinalExecutionPermit.kt
F_DEAD	FinalExecutionPermit	recordPermitFalseReturn4416	engine/FinalExecutionPermit.kt
F_DEAD	FinalExecutionPermit	releasePrimaryAfterPermitFailure	engine/FinalExecutionPermit.kt
F_DEAD	FinalExecutionPermit	wasRejectedByV3	engine/FinalExecutionPermit.kt
F_DEAD	FinalizedFanoutParity6459	recordConsumer	engine/truth/FinalizedFanoutParity6459.kt
F_DEAD	FluidLearning	decayPriceImpacts	engine/FluidLearning.kt
F_DEAD	FluidLearning	getAvailableBalance	engine/FluidLearning.kt
F_DEAD	FluidLearning	getLearningScaleMultiplier	engine/FluidLearning.kt
F_DEAD	FluidLearning	isLearningAvailable	engine/FluidLearning.kt
F_DEAD	FluidLearning	recordPaperTopUp	engine/FluidLearning.kt
F_DEAD	FluidLearning	shouldEnableAllFeatures	engine/FluidLearning.kt
F_DEAD	FluidLearningAI	getAltsLearningProgress	v3/scoring/FluidLearningAI.kt
F_DEAD	FluidLearningAI	getAltsTradeCount	v3/scoring/FluidLearningAI.kt
F_DEAD	FluidLearningAI	getBehaviorModifier	v3/scoring/FluidLearningAI.kt
F_DEAD	FluidLearningAI	getFreshTokenAgeMinutes	v3/scoring/FluidLearningAI.kt
F_DEAD	FluidLearningAI	getLearningWeights	v3/scoring/FluidLearningAI.kt
F_DEAD	FluidLearningAI	getMarketsTradeCount	v3/scoring/FluidLearningAI.kt
F_DEAD	FluidLearningAI	getMinHistoryCandles	v3/scoring/FluidLearningAI.kt
F_DEAD	FluidLearningAI	getScannerMinLiquidity	v3/scoring/FluidLearningAI.kt
F_DEAD	FluidLearningAI	getSessionPnlStats	v3/scoring/FluidLearningAI.kt
F_DEAD	FluidLearningAI	getSubTraderTradeCount	v3/scoring/FluidLearningAI.kt
F_DEAD	FluidLearningAI	getSubTraderWinCount	v3/scoring/FluidLearningAI.kt
F_DEAD	FluidLearningAI	lerpAlts	v3/scoring/FluidLearningAI.kt
F_DEAD	FluidLearningAI	lerpInverse	v3/scoring/FluidLearningAI.kt
F_DEAD	FluidLearningAI	lerpMarkets	v3/scoring/FluidLearningAI.kt
F_DEAD	FluidLearningAI	lerpRaw	v3/scoring/FluidLearningAI.kt
F_DEAD	FluidLearningAI	logFeeAnalysis	v3/scoring/FluidLearningAI.kt
F_DEAD	FluidLearningAI	logState	v3/scoring/FluidLearningAI.kt
F_DEAD	FluidLearningAI	recordAltsTradeStart	v3/scoring/FluidLearningAI.kt
F_DEAD	FluidLearningAI	setCrossLearningEnabled	v3/scoring/FluidLearningAI.kt
F_DEAD	ForcedCloseSlotSweeper6468	onForcedClose	engine/truth/ForcedCloseSlotSweeper6468.kt
F_DEAD	ForensicEventEnvelope6430	asKeyValue	engine/truth/ForensicEventEnvelope6430.kt
F_DEAD	ForensicLogger	fmtInt	engine/ForensicLogger.kt
F_DEAD	ForensicReconciler6377	lifetimeMismatchCount	engine/ForensicReconciler6377.kt
F_DEAD	ForensicReconciler6377	lifetimePassCount	engine/ForensicReconciler6377.kt
F_DEAD	ForensicRowMirror6442	emitClose	engine/truth/ForensicRowMirror6442.kt
F_DEAD	ForexStrategy	classifyPair	perps/strategy/ForexStrategy.kt
F_DEAD	ForexStrategy	pipSize	perps/strategy/ForexStrategy.kt
F_DEAD	FreeRangeMode	clearOverride	engine/FreeRangeMode.kt
F_DEAD	FreeRangeMode	emergencyGraduated	engine/FreeRangeMode.kt
F_DEAD	FreeRangeMode	explorationSizeMultiplier	engine/FreeRangeMode.kt
F_DEAD	FreeRangeMode	forceOff	engine/FreeRangeMode.kt
F_DEAD	FreeRangeMode	forceOn	engine/FreeRangeMode.kt
F_DEAD	FundingRateAwarenessAI	getFundingApr	v3/scoring/FundingRateAwarenessAI.kt
F_DEAD	GeminiCopilot	clearCaches	engine/GeminiCopilot.kt
F_DEAD	GeminiCopilot	getRateLimitRemainingMinutes	engine/GeminiCopilot.kt
F_DEAD	GlobalCapitalArbitration6617	recordLaneLocalBypass6617	engine/truth/GlobalCapitalArbitration6617.kt
F_DEAD	GlobalEntryPolicy6405	setGlobalPause	engine/truth/GlobalEntryPolicy6405.kt
F_DEAD	GlobalTradeRegistry	canProcess	engine/GlobalTradeRegistry.kt
F_DEAD	GlobalTradeRegistry	clearPositionIfUnheld	engine/GlobalTradeRegistry.kt
F_DEAD	GlobalTradeRegistry	getTotalExposure	engine/GlobalTradeRegistry.kt
F_DEAD	GlobalTradeRegistry	isInProbation	engine/GlobalTradeRegistry.kt
F_DEAD	GlobalTradeRegistry	promoteFromProbation	engine/GlobalTradeRegistry.kt
F_DEAD	GlobalTradeRegistry	pruneDormant	engine/GlobalTradeRegistry.kt
F_DEAD	GlobalTradeRegistry	pumpPortalProbationDiversionCount	engine/GlobalTradeRegistry.kt
F_DEAD	GlobalTradeRegistry	rejectFromProbation	engine/GlobalTradeRegistry.kt
F_DEAD	GlobalTradeRegistry	updateProbationPrice	engine/GlobalTradeRegistry.kt
F_DEAD	GlobalTradeRegistry	updateProbationRC	engine/GlobalTradeRegistry.kt
F_DEAD	GlobalTradeRegistry	updateSymbol	engine/GlobalTradeRegistry.kt
F_DEAD	GovernorRecovery6388	failedReason	engine/truth/GovernorRecovery6388.kt
F_DEAD	GovernorRecovery6388	lastDemotionReason	engine/truth/GovernorRecovery6388.kt
F_DEAD	HardRugPreFilter	isViable	engine/HardRugPreFilter.kt
F_DEAD	HeatmapRenderCache6374	currentMinRefreshMs	ui/HeatmapRenderCache6374.kt
F_DEAD	HeatmapRenderCache6374	hasCache	ui/HeatmapRenderCache6374.kt
F_DEAD	HeatmapRenderCache6374	lastComputedAt	ui/HeatmapRenderCache6374.kt
F_DEAD	HeatmapRenderCache6374	setMinRefreshMs	ui/HeatmapRenderCache6374.kt
F_DEAD	HeliusEnhancedWS	updateWatchlist	network/HeliusEnhancedWS.kt
F_DEAD	HeliusWebSocket	unwatchWallet	network/HeliusWebSocket.kt
F_DEAD	HistoricalQuarantine6386	evaluateQuarantineReasons	engine/truth/HistoricalQuarantine6386.kt
F_DEAD	HoldingLogicLayer	getAllModeParams	engine/HoldingLogicLayer.kt
F_DEAD	HostCircuitInterceptor	totalNxBypassedRequests	network/HostCircuitInterceptor.kt
F_DEAD	HostCircuitInterceptor	totalServerBypassedRequests	network/HostCircuitInterceptor.kt
F_DEAD	HostWalletTokenTracker	recordBuyConfirmed	engine/HostWalletTokenTracker.kt
F_DEAD	HotLabelCoalescer6626	flushNow6626	engine/truth/HotLabelCoalescer6626.kt
F_DEAD	HotPathLaneGate	markHotIdle	engine/HotPathLaneGate.kt
F_DEAD	HotPathLaneGate	mustYieldToHot	engine/HotPathLaneGate.kt
F_DEAD	HotfixRules	activeRules	engine/HotfixRules.kt
F_DEAD	HotfixRules	isSignatureValid	engine/HotfixRules.kt
F_DEAD	HotfixRules	rollback	engine/HotfixRules.kt
F_DEAD	HotfixRules	signPayload	engine/HotfixRules.kt
F_DEAD	IdempotencyKeyStore6437	buyKey	engine/truth/IdempotencyKeyStore6437.kt
F_DEAD	InnerLaneReeducationDoctrine	allowsDisable	engine/InnerLaneReeducationDoctrine.kt
F_DEAD	InnerLaneReeducationDoctrine	curriculumFor	engine/InnerLaneReeducationDoctrine.kt
F_DEAD	InsiderTrackerAI	getAllWallets	v3/scoring/InsiderTrackerAI.kt
F_DEAD	InsiderTrackerAI	getWalletActivity	v3/scoring/InsiderTrackerAI.kt
F_DEAD	InsiderTrackerAI	removeCustomWallet	v3/scoring/InsiderTrackerAI.kt
F_DEAD	IntakeFanoutGovernor6835	allowFdgEval	engine/truth/IntakeFanoutGovernor6835.kt
F_DEAD	IntakeFanoutGovernor6835	allowLaneEval	engine/truth/IntakeFanoutGovernor6835.kt
F_DEAD	IntentSide	outstandingCount	engine/truth/ExecutionIntent6386.kt
F_DEAD	IntentSide	tryReserve	engine/truth/ExecutionIntent6386.kt
F_DEAD	IntentSide	withState	engine/truth/ExecutionIntent6386.kt
F_DEAD	InventoryPressureGovernor6829	pressureLevel	engine/truth/InventoryPressureGovernor6829.kt
F_DEAD	JitoMEVProtection	sendProtectedTransaction	engine/JitoMEVProtection.kt
F_DEAD	JournalActivity	makeTab	ui/JournalActivity.kt
F_DEAD	JournalReceiptAccounting6663	buildLiveJournal	engine/TradeJournal.kt
F_DEAD	JournalReceiptAccounting6663	buildPaperJournal	engine/TradeJournal.kt
F_DEAD	JournalReceiptAccounting6663	getLiveStats	engine/TradeJournal.kt
F_DEAD	JupiterPerps	calculateLiquidationPrice	perps/JupiterPerps.kt
F_DEAD	JupiterPerps	calculateMaxPositionSize	perps/JupiterPerps.kt
F_DEAD	JupiterPerps	calculateRequiredCollateral	perps/JupiterPerps.kt
F_DEAD	JupiterPerps	getActiveOrderCount	perps/JupiterPerps.kt
F_DEAD	JupiterPerps	getActiveOrders	perps/JupiterPerps.kt
F_DEAD	JupiterPerps	getFailedOrders	perps/JupiterPerps.kt
F_DEAD	JupiterPerps	getSuccessfulOrders	perps/JupiterPerps.kt
F_DEAD	JupiterPerps	getTotalOrders	perps/JupiterPerps.kt
F_DEAD	JupiterStrictTokenList	getVerified	network/JupiterStrictTokenList.kt
F_DEAD	LaneAdaptiveDamping6472	recordLaneEvPct	engine/truth/LaneAdaptiveDamping6472.kt
F_DEAD	LaneAdmissionGate6473	admissionDecision	engine/truth/LaneAdmissionGate6473.kt
F_DEAD	LaneAlias	sameCanonical	engine/LaneAlias.kt
F_DEAD	LaneAutoPauseGuard	isPausedLive	engine/LaneAutoPauseGuard.kt
F_DEAD	LaneCapitalFairness6732	hasHeadroom	engine/truth/LaneCapitalFairness6732.kt
F_DEAD	LaneExecutionCoordinator	registerAffinity	engine/LaneExecutionCoordinator.kt
F_DEAD	LanePolicy	allBuckets	engine/learning/LanePolicy.kt
F_DEAD	LanePolicy	allLanes	engine/learning/LanePolicy.kt
F_DEAD	LanePolicy	evidenceSamples6611	engine/learning/LanePolicy.kt
F_DEAD	LanePolicy	learningWeightForBucket	engine/learning/LanePolicy.kt
F_DEAD	LanePolicy	learningWeightForLane	engine/learning/LanePolicy.kt
F_DEAD	LanePolicy	rollingWrForBucket	engine/learning/LanePolicy.kt
F_DEAD	LanePolicy	setBucketState	engine/learning/LanePolicy.kt
F_DEAD	LanePolicy	setLaneState	engine/learning/LanePolicy.kt
F_DEAD	LanePolicy	stateForBucket	engine/learning/LanePolicy.kt
F_DEAD	LanePolicy	stateForLane	engine/learning/LanePolicy.kt
F_DEAD	LaneQuarantineRegistry6411	expireAll	engine/truth/LaneQuarantineRegistry6411.kt
F_DEAD	LaneShadowProofLoop	allowLaneResume	engine/LaneShadowProofLoop.kt
F_DEAD	LaneStrategyEvaluator	transform	engine/LaneStrategyEvaluator.kt
F_DEAD	LaneTag	isMeme	engine/LaneTag.kt
F_DEAD	LayerBrain	rawProb	engine/LayerBrain.kt
F_DEAD	LayerBrain	totalTrained	engine/LayerBrain.kt
F_DEAD	LayerLaneRegistry	singleLaneLayerCount	v3/scoring/LayerLaneRegistry.kt
F_DEAD	LayerTransitionManager	getCurrentLayer	v3/scoring/LayerTransitionManager.kt
F_DEAD	LayerTransitionManager	getLayerState	v3/scoring/LayerTransitionManager.kt
F_DEAD	LayerTransitionManager	tierFloorsFor	v3/scoring/LayerTransitionManager.kt
F_DEAD	LayerVoteStore	drainVotes	learning/LayerVoteStore.kt
F_DEAD	LayerVoteStore	purgeStale	learning/LayerVoteStore.kt
F_DEAD	LearnedAdmissionAuthority6846	laneOwnerWeights	engine/truth/LearnedAdmissionAuthority6846.kt
F_DEAD	LearnerRewardBridge6440	finalizedMultiplier6486	engine/truth/LearnerRewardBridge6440.kt
F_DEAD	LearnerRuntimeBudgetGuard6441	beginSlice	engine/truth/LearnerRuntimeBudgetGuard6441.kt
F_DEAD	LearnerRuntimeBudgetGuard6441	endSlice	engine/truth/LearnerRuntimeBudgetGuard6441.kt
F_DEAD	LearnerRuntimeBudgetGuard6441	noteProgress	engine/truth/LearnerRuntimeBudgetGuard6441.kt
F_DEAD	LearningMetrics	recentEvents	v3/learning/LearningStore.kt
F_DEAD	LearningPnlSanitizer	isTrainablePct	engine/LearningPnlSanitizer.kt
F_DEAD	LearningPnlSanitizer	isTrainableTrade	engine/LearningPnlSanitizer.kt
F_DEAD	LearningQuarantine6450	evaluateCohort	engine/truth/LearningQuarantine6450.kt
F_DEAD	LegacyReplayIsolation6630	setMigrationAuthorized6630	engine/truth/LegacyReplayIsolation6630.kt
F_DEAD	LegalAgreementManager	getAcceptanceTimestamp	collective/LegalAgreementManager.kt
F_DEAD	LegalAgreementManager	hasAcceptedAgreement	collective/LegalAgreementManager.kt
F_DEAD	LegalAgreementManager	needsReacceptance	collective/LegalAgreementManager.kt
F_DEAD	LeveragePreference	isLeveragePreferred	engine/LeveragePreference.kt
F_DEAD	LeveragePreference	setLeveragePreferred	engine/LeveragePreference.kt
F_DEAD	LeverageSurvivalAI	getAllowedLeverage	v4/meta/LeverageSurvivalAI.kt
F_DEAD	LiquidityBucketRouter	isModeAppropriate	engine/LiquidityBucketRouter.kt
F_DEAD	LiquidityClassifier	isBondingCurveQuote	engine/LiquidityClassifier.kt
F_DEAD	LiquidityCycleAI	isOutflowing	v3/scoring/LiquidityCycleAI.kt
F_DEAD	LiquidityDepthAI	getEntryLiquidity	engine/LiquidityDepthAI.kt
F_DEAD	LiquidityExitPathAI	estimateRoundTripSlippagePct	v3/scoring/LiquidityExitPathAI.kt
F_DEAD	LiquidityFragilityAI	getMaxSafeSize	v4/meta/LiquidityFragilityAI.kt
F_DEAD	LiquidityFragilityAI	getMaxSafeSizeFor	v4/meta/LiquidityFragilityAI.kt
F_DEAD	LiquidityFragilityAI	isTradeAllowed	v4/meta/LiquidityFragilityAI.kt
F_DEAD	LiquidityFragilityAI	recordBreakout	v4/meta/LiquidityFragilityAI.kt
F_DEAD	LiquidityFragilityAI	recordWick	v4/meta/LiquidityFragilityAI.kt
F_DEAD	LiveBuyAdmissionGate	evaluateForTest	engine/sell/LiveBuyAdmissionGate.kt
F_DEAD	LiveCanaryMode6411	forceMinSize	engine/truth/LiveCanaryMode6411.kt
F_DEAD	LiveCanaryMode6411	maxConcurrentLiveBuys	engine/truth/LiveCanaryMode6411.kt
F_DEAD	LiveCanaryMode6411	recordCleanConfirm	engine/truth/LiveCanaryMode6411.kt
F_DEAD	LiveCanaryMode6411	recordInvariantFailure	engine/truth/LiveCanaryMode6411.kt
F_DEAD	LiveContinuityPolicy6392	buildFrom	engine/truth/LiveContinuity6392.kt
F_DEAD	LiveContinuityPolicy6392	byState	engine/truth/LiveContinuity6392.kt
F_DEAD	LiveContinuityPolicy6392	decisionHierarchyOrder	engine/truth/LiveContinuity6392.kt
F_DEAD	LiveContinuityPolicy6392	expectedLossPct	engine/truth/LiveContinuity6392.kt
F_DEAD	LiveContinuityPolicy6392	findOrAttach	engine/truth/LiveContinuity6392.kt
F_DEAD	LiveContinuityPolicy6392	idempotentResult	engine/truth/LiveContinuity6392.kt
F_DEAD	LiveContinuityPolicy6392	isBluechip	engine/truth/LiveContinuity6392.kt
F_DEAD	LiveContinuityPolicy6392	markExpired	engine/truth/LiveContinuity6392.kt
F_DEAD	LiveContinuityPolicy6392	maxDelayMs	engine/truth/LiveContinuity6392.kt
F_DEAD	LiveContinuityPolicy6392	maximumBuySol	engine/truth/LiveContinuity6392.kt
F_DEAD	LiveContinuityPolicy6392	pendingExposureLamports	engine/truth/LiveContinuity6392.kt
F_DEAD	LiveContinuityPolicy6392	quarantinedFor	engine/truth/LiveContinuity6392.kt
F_DEAD	LiveContinuityPolicy6392	recordBroadcast	engine/truth/LiveContinuity6392.kt
F_DEAD	LiveContinuityPolicy6392	recordProviderQuarantine	engine/truth/LiveContinuity6392.kt
F_DEAD	LiveContinuityPolicy6392	resolveLaneForUnknown	engine/truth/LiveContinuity6392.kt
F_DEAD	LiveContinuityPolicy6392	singleActivePositionInvariant	engine/truth/LiveContinuity6392.kt
F_DEAD	LiveEntrySafetyHold	currentFloorAdjustment	engine/LiveEntrySafetyHold.kt
F_DEAD	LiveEntrySafetyHold	resetGovernorWindow	engine/LiveEntrySafetyHold.kt
F_DEAD	LiveEntryThresholdAuthority6396	parityCheck	engine/truth/LiveEntryThresholdAuthority6396.kt
F_DEAD	LiveEntryThresholdAuthority6396	positiveLaneRelax	engine/truth/LiveEntryThresholdAuthority6396.kt
F_DEAD	LiveExecutionGate	buyCompleted	engine/LiveExecutionGate.kt
F_DEAD	LiveExecutionReadiness6411	toTile	engine/truth/LiveExecutionReadiness6411.kt
F_DEAD	LiveExitOnlyMode6387	currentIndex	engine/truth/LiveTruthExitAuthority6387.kt
F_DEAD	LiveExitOnlyMode6387	evaluateHealth	engine/truth/LiveTruthExitAuthority6387.kt
F_DEAD	LiveExitOnlyMode6387	isConfirmedZero	engine/truth/LiveTruthExitAuthority6387.kt
F_DEAD	LiveExitOnlyMode6387	isJobActive	engine/truth/LiveTruthExitAuthority6387.kt
F_DEAD	LiveExitOnlyMode6387	neverResetOnLaneReassignment	engine/truth/LiveTruthExitAuthority6387.kt
F_DEAD	LiveExitOnlyMode6387	rankSources	engine/truth/LiveTruthExitAuthority6387.kt
F_DEAD	LiveExitOnlyMode6387	requiresReset	engine/truth/LiveTruthExitAuthority6387.kt
F_DEAD	LiveExitOnlyMode6387	tryAdvance	engine/truth/LiveTruthExitAuthority6387.kt
F_DEAD	LiveGrowthCompounder6416	liveBaselineSolOrNull	engine/truth/LiveGrowthCompounder6416.kt
F_DEAD	LiveGrowthCompounder6416	paperBaselineSolOrNull	engine/truth/LiveGrowthCompounder6416.kt
F_DEAD	LiveLaneGovernor	preBuyBleederPause	engine/LiveLaneGovernor.kt
F_DEAD	LiveLaneGovernor	preBuyBleederPauseWithSetup	engine/LiveLaneGovernor.kt
F_DEAD	LiveLaneGovernor	releaseLane	engine/LiveLaneGovernor.kt
F_DEAD	LiveLayerGateRelaxer	floorMultiplierForToken	engine/LiveLayerGateRelaxer.kt
F_DEAD	LiveLayerGateRelaxer	setMultiplier	engine/LiveLayerGateRelaxer.kt
F_DEAD	LivePipelineTrace6431	bumpStage	engine/truth/LivePipelineTrace6431.kt
F_DEAD	LivePositionCloseAuthority	isUntrustedRpc	engine/sell/LivePositionCloseAuthority.kt
F_DEAD	LiveProbeEntry	activeProbeCount	engine/LiveProbeEntry.kt
F_DEAD	LiveProbeEntry	hasActiveProbe	engine/LiveProbeEntry.kt
F_DEAD	LiveProbeEntry	probeSizeFor	engine/LiveProbeEntry.kt
F_DEAD	LiveProviderQuorum	hostDegraded	engine/LiveProviderQuorum.kt
F_DEAD	LiveProviderQuorum	hostHealthy	engine/LiveProviderQuorum.kt
F_DEAD	LiveRestoreExecutionPolicy	breakEvenCheck	engine/LiveRestoreExecutionPolicy.kt
F_DEAD	LiveSafetyCircuitBreaker	sessionPnlSol	engine/LiveSafetyCircuitBreaker.kt
F_DEAD	LiveSafetyCircuitBreaker	sessionStartSol	engine/LiveSafetyCircuitBreaker.kt
F_DEAD	LiveSafetyCircuitBreaker	sessionStartedAt	engine/LiveSafetyCircuitBreaker.kt
F_DEAD	LiveSafetyFlags	totalRaised	engine/sell/LiveSafetyFlags.kt
F_DEAD	LiveSizingProfile	applyCompoundFloor	engine/LiveSizingProfile.kt
F_DEAD	LiveSizingProfile	dailyRampMultiplier	engine/LiveSizingProfile.kt
F_DEAD	LiveSizingProfile	dailyRealizedPnlPct	engine/LiveSizingProfile.kt
F_DEAD	LiveSizingProfile	gateSizeMult	engine/LiveSizingProfile.kt
F_DEAD	LiveStylePivotRouter	canLiveAdaptiveRelease	engine/LiveStylePivotRouter.kt
F_DEAD	LiveStylePivotRouter	cleanProofForRelease	engine/LiveStylePivotRouter.kt
F_DEAD	LiveStylePivotRouter	laneLocalStyleFrom	engine/LiveStylePivotRouter.kt
F_DEAD	LiveStylePivotRouter	liveBootstrapGreen	engine/LiveStylePivotRouter.kt
F_DEAD	LiveWalletReconciler	isStarted	engine/sell/LiveWalletReconciler.kt
F_DEAD	LiveWalletReconciler	lastBuySignature	engine/sell/LiveWalletReconciler.kt
F_DEAD	LiveWalletReconciler	lastRunMs	engine/sell/LiveWalletReconciler.kt
F_DEAD	LiveWalletReconciler	skippedDueToCooldown	engine/sell/LiveWalletReconciler.kt
F_DEAD	LiveWalletReconciler	totalRuns	engine/sell/LiveWalletReconciler.kt
F_DEAD	LiveWalletReconciler	totalUpdated	engine/sell/LiveWalletReconciler.kt
F_DEAD	LiveWinDNAStore	losingLaneFrequency	engine/LiveWinDNAStore.kt
F_DEAD	LiveWinDNAStore	routeFrequency	engine/LiveWinDNAStore.kt
F_DEAD	LlmLabEngine	requestTransferToMainPaper	engine/lab/LlmLabEngine.kt
F_DEAD	LlmLabStore	adjustLiveBalance	engine/lab/LlmLabStore.kt
F_DEAD	LlmLabStore	getLiveBalance	engine/lab/LlmLabStore.kt
F_DEAD	LocalOrphanStore	reconcileAll	collective/LocalOrphanStore.kt
F_DEAD	LockDiagnosticsTracker	inFlight	engine/diagnostics/LockDiagnosticsTracker.kt
F_DEAD	LoopCycleEmergencyEvict6352	totalShedCount	engine/LoopCycleEmergencyEvict6352.kt
F_DEAD	LosingStreakReflex6439	consecutiveWinsNow	engine/truth/LosingStreakReflex6439.kt
F_DEAD	ManipulatedTraderAI	getFluidMaxAge	v3/scoring/ManipulatedTraderAI.kt
F_DEAD	ManipulatedTraderAI	getFluidPositionSize	v3/scoring/ManipulatedTraderAI.kt
F_DEAD	ManipulatedTraderAI	noEnter	v3/scoring/ManipulatedTraderAI.kt
F_DEAD	MarkAuthorityInvalidLatch6499	reasonOf	engine/truth/MarkAuthorityInvalidLatch6499.kt
F_DEAD	MarketMarkGate6635	refuseBasisMutation6635	engine/truth/MarketMarkGate6635.kt
F_DEAD	MarketRegimeAI	getRegimeDurationMinutes	engine/MarketRegimeAI.kt
F_DEAD	MarketRegimeAI	getRegimeInfo	engine/MarketRegimeAI.kt
F_DEAD	MarketStructureRouter	fluidMin	v3/modes/MarketStructureRouter.kt
F_DEAD	MarketStructureRouter	getAIWeights	v3/modes/MarketStructureRouter.kt
F_DEAD	MarketStructureRouter	getRawPositionParams	v3/modes/MarketStructureRouter.kt
F_DEAD	MarketStructureRouter	isSuitableForLiquidity	v3/modes/MarketStructureRouter.kt
F_DEAD	MarketsLiveExecutor	closeFlashPosition	perps/MarketsLiveExecutor.kt
F_DEAD	MarketsLiveExecutor	closeLivePosition	perps/MarketsLiveExecutor.kt
F_DEAD	MarketsLiveExecutor	collectTradingFeePublic	perps/MarketsLiveExecutor.kt
F_DEAD	MarketsLiveExecutor	getSuccessRate	perps/MarketsLiveExecutor.kt
F_DEAD	MarketsLiveExecutor	getTotalExecutions	perps/MarketsLiveExecutor.kt
F_DEAD	MarketsLiveExecutor	getTotalFeesCollected	perps/MarketsLiveExecutor.kt
F_DEAD	MarketsScanner	advancedScan	perps/MarketsScanner.kt
F_DEAD	MarketsScanner	getCategoryStats	perps/MarketsScanner.kt
F_DEAD	MarketsScanner	getChinaStocks	perps/MarketsScanner.kt
F_DEAD	MarketsScanner	getEuropeStocks	perps/MarketsScanner.kt
F_DEAD	MarketsScanner	getGoldMiners	perps/MarketsScanner.kt
F_DEAD	MarketsScanner	getJapanStocks	perps/MarketsScanner.kt
F_DEAD	MarketsScanner	getSilverMiners	perps/MarketsScanner.kt
F_DEAD	MarketsScanner	getTopGainers	perps/MarketsScanner.kt
F_DEAD	MarketsScanner	getTopLosers	perps/MarketsScanner.kt
F_DEAD	MarketsScanner	getTotalAssetsCount	perps/MarketsScanner.kt
F_DEAD	MarketsScanner	scanCategory	perps/MarketsScanner.kt
F_DEAD	MathematicalEdgeEngine	captureFill	engine/MathematicalEdgeEngine.kt
F_DEAD	MemeEntryCoordinator6621	probeAliasing6621	engine/truth/MemeEntryCoordinator6621.kt
F_DEAD	MemeEntryCoordinator6621	submitMemeSpecialistEntry6621	engine/truth/MemeEntryCoordinator6621.kt
F_DEAD	MemeExecutionIntent6621	byAttemptId	engine/truth/MemeExecutionIntent6621.kt
F_DEAD	MemeExecutionIntent6621	matchesTicketDimensions	engine/truth/MemeExecutionIntent6621.kt
F_DEAD	MemeExecutionIntent6621	validateTicketRestore6621	engine/truth/MemeExecutionIntent6621.kt
F_DEAD	MemeExecutionRouteStack	confirm	engine/execution/MemeExecutionRouteStack.kt
F_DEAD	MemeExecutionRouteStack	confirmationSource	engine/execution/MemeExecutionRouteStack.kt
F_DEAD	MemeExecutionRouteStack	emitStartupCoverageGauge6386	engine/execution/MemeExecutionRouteStack.kt
F_DEAD	MemeExecutionRouteStack	failureClass	engine/execution/MemeExecutionRouteStack.kt
F_DEAD	MemeExecutionRouteStack	failureClass	engine/execution/MemeExecutionRouteStack.kt
F_DEAD	MemeExecutionRouteStack	finalProvider	engine/execution/MemeExecutionRouteStack.kt
F_DEAD	MemeExecutionRouteStack	markMintUnsupported	engine/execution/MemeExecutionRouteStack.kt
F_DEAD	MemeExecutionRouteStack	oldThreeRouteCollapse	engine/execution/MemeExecutionRouteStack.kt
F_DEAD	MemeExecutionRouteStack	providerFail	engine/execution/MemeExecutionRouteStack.kt
F_DEAD	MemeExecutionRouteStack	providerOrder	engine/execution/MemeExecutionRouteStack.kt
F_DEAD	MemeExecutionRouteStack	providerSuccess	engine/execution/MemeExecutionRouteStack.kt
F_DEAD	MemeExecutionRouteStack	providersUsedForIntel	engine/execution/MemeExecutionRouteStack.kt
F_DEAD	MemeExecutionRouteStack	quoteOrBuild	engine/execution/MemeExecutionRouteStack.kt
F_DEAD	MemeExecutionRouteStack	senderFail	engine/execution/MemeExecutionRouteStack.kt
F_DEAD	MemeExecutionRouteStack	senderOrder	engine/execution/MemeExecutionRouteStack.kt
F_DEAD	MemeExecutionRouteStack	senderSuccess	engine/execution/MemeExecutionRouteStack.kt
F_DEAD	MemeExecutionRouteStack	supports	engine/execution/MemeExecutionRouteStack.kt
F_DEAD	MemeExecutionRouteStack	supports	engine/execution/MemeExecutionRouteStack.kt
F_DEAD	MemeMintRegistry	evictStale	engine/MemeMintRegistry.kt
F_DEAD	MemeMintRegistry	touchBulk	engine/MemeMintRegistry.kt
F_DEAD	MemePipelineTracer	positionCapCheck	engine/MemePipelineTracer.kt
F_DEAD	MemeSellFinality6620	recordConfirmed6620	engine/truth/MemeSellFinality6620.kt
F_DEAD	MemeSellFinality6620	recordKeptOpen6620	engine/truth/MemeSellFinality6620.kt
F_DEAD	MemeSellFinality6620	recordStateReleasedWithoutConfirmation6620	engine/truth/MemeSellFinality6620.kt
F_DEAD	MemeTraderFullAuditSweeper	openItems	engine/MemeTraderFullAuditSweeper.kt
F_DEAD	MemeVenueRouter	preferPumpNative	engine/sell/MemeVenueRouter.kt
F_DEAD	MemeVenueRouter	preferPumpNative	engine/sell/MemeVenueRouter.kt
F_DEAD	MetaCognitionAI	getLayerDashboard	v3/scoring/MetaCognitionAI.kt
F_DEAD	MintIntegrityGate	isSilentStablePark	engine/execution/MintIntegrityGate.kt
F_DEAD	MintWorkCoordinator6450	acquireOrAttach	engine/truth/MintWorkCoordinator6450.kt
F_DEAD	ModeRouter	mapToExtendedMode	engine/ModeRouter.kt
F_DEAD	ModeSpecificGates	applyMultiplier	engine/ModeSpecificGates.kt
F_DEAD	ModeSpecificScanners	getCached	engine/ModeSpecificScanners.kt
F_DEAD	ModeSpecificScanners	getMinBuyPressure	engine/ModeSpecificScanners.kt
F_DEAD	ModeSpecificScanners	getMinDipDepth	engine/ModeSpecificScanners.kt
F_DEAD	ModeSpecificScanners	getMinImpulse	engine/ModeSpecificScanners.kt
F_DEAD	ModeSpecificScanners	scanBreakout	engine/ModeSpecificScanners.kt
F_DEAD	ModeSpecificScanners	scanFreshLaunch	engine/ModeSpecificScanners.kt
F_DEAD	ModeSpecificScanners	scanGraduation	engine/ModeSpecificScanners.kt
F_DEAD	ModeSpecificScanners	scanLiquidityRegime	engine/ModeSpecificScanners.kt
F_DEAD	ModeSpecificScanners	scanReversal	engine/ModeSpecificScanners.kt
F_DEAD	ModeSpecificScanners	scanSmartWallet	engine/ModeSpecificScanners.kt
F_DEAD	MoonshotTraderAI	cleanCollectiveWinners	v3/scoring/MoonshotTraderAI.kt
F_DEAD	MoonshotTraderAI	getDailyHundredX	v3/scoring/MoonshotTraderAI.kt
F_DEAD	MoonshotTraderAI	getDailyTenX	v3/scoring/MoonshotTraderAI.kt
F_DEAD	MoonshotTraderAI	recordCollectiveWinner	v3/scoring/MoonshotTraderAI.kt
F_DEAD	MultiChainWalletGenerator6546	fromMnemonic	engine/MultiChainWalletGenerator6546.kt
F_DEAD	MultiHorizonHolding6405	horizonFor	engine/truth/MultiHorizonHolding6405.kt
F_DEAD	NarrativeDetectorAI	detectAllNarratives	engine/NarrativeDetectorAI.kt
F_DEAD	NetworkSignalAutoBuyer	getDailyRemaining	perps/NetworkSignalAutoBuyer.kt
F_DEAD	NewsShockAI	getSlope	v3/scoring/NewsShockAI.kt
F_DEAD	NoHardScoreEntryGateGuard6400	setHardGateActive	engine/truth/NoHardScoreEntryGateGuard6400.kt
F_DEAD	NoTradeObservationStore	totalSamples	engine/learning/NoTradeObservationStore.kt
F_DEAD	OpenPnlSanity	nearScale	engine/OpenPnlSanity.kt
F_DEAD	OrderFlowImbalanceAI	getCumulativeDelta	v3/scoring/OrderFlowImbalanceAI.kt
F_DEAD	OrderFlowImbalanceAI	isAbsorbing	v3/scoring/OrderFlowImbalanceAI.kt
F_DEAD	OrderSizeResolver6441	updatePaperExecutableMinimumSol	engine/truth/OrderSizeResolver6441.kt
F_DEAD	OrthogonalSignals	calculateCorrelationAwareWeights	engine/OrthogonalSignals.kt
F_DEAD	OrthogonalSignals	calculateCrossTokenCorrelation	engine/OrthogonalSignals.kt
F_DEAD	OrthogonalSignals	calculateVolumeAnomaly	engine/OrthogonalSignals.kt
F_DEAD	OrthogonalSignals	computeAssessment	engine/OrthogonalSignals.kt
F_DEAD	OwnershipClassification6391	byMint	engine/truth/SellOnlyHoldRepair6391.kt
F_DEAD	OwnershipClassification6391	completePlan	engine/truth/SellOnlyHoldRepair6391.kt
F_DEAD	OwnershipClassification6391	distribution	engine/truth/SellOnlyHoldRepair6391.kt
F_DEAD	OwnershipClassification6391	forceArm	engine/truth/SellOnlyHoldRepair6391.kt
F_DEAD	OwnershipClassification6391	hasAnyProof	engine/truth/SellOnlyHoldRepair6391.kt
F_DEAD	OwnershipClassification6391	isValidEvent	engine/truth/SellOnlyHoldRepair6391.kt
F_DEAD	OwnershipClassification6391	matrix	engine/truth/SellOnlyHoldRepair6391.kt
F_DEAD	OwnershipClassification6391	openMintCount	engine/truth/SellOnlyHoldRepair6391.kt
F_DEAD	OwnershipClassification6391	provenBotExposure	engine/truth/SellOnlyHoldRepair6391.kt
F_DEAD	OwnershipClassification6391	redactedSchema	engine/truth/SellOnlyHoldRepair6391.kt
F_DEAD	OwnershipClassification6391	shouldJournal	engine/truth/SellOnlyHoldRepair6391.kt
F_DEAD	OwnershipClassification6391	terminal	engine/truth/SellOnlyHoldRepair6391.kt
F_DEAD	PairPriceIdentity6395	registerChainDecimals	engine/truth/PairPriceIdentity6395.kt
F_DEAD	PaperAccountLedger6430	canAffordBuy	engine/truth/PaperAccountLedger6430.kt
F_DEAD	PaperAccountLedger6430	hasPersistentState6487	engine/truth/PaperAccountLedger6430.kt
F_DEAD	PaperAccountLedger6430	onBuyProvenanced6737	engine/truth/PaperAccountLedger6430.kt
F_DEAD	PaperAccountLedger6430	onPositionPurged	engine/truth/PaperAccountLedger6430.kt
F_DEAD	PaperAccountReplay6461	replayForTest	engine/truth/PaperAccountReplay6461.kt
F_DEAD	PaperCapitalAuthority6577	accountId	engine/truth/PaperCapitalAuthority6577.kt
F_DEAD	PaperCapitalAuthority6577	invariantCounts	engine/truth/PaperCapitalAuthority6577.kt
F_DEAD	PaperCapitalAuthority6577	openMarketValueSol	engine/truth/PaperCapitalAuthority6577.kt
F_DEAD	PaperCapitalAuthority6577	probeDebitReservation	engine/truth/PaperCapitalAuthority6577.kt
F_DEAD	PaperCapitalAuthority6577	probeEquityConservation	engine/truth/PaperCapitalAuthority6577.kt
F_DEAD	PaperCapitalAuthority6577	probeUiCash	engine/truth/PaperCapitalAuthority6577.kt
F_DEAD	PaperCapitalAuthority6577	resetInvariantsForTest	engine/truth/PaperCapitalAuthority6577.kt
F_DEAD	PaperCapitalAuthority6577	totalEquitySol	engine/truth/PaperCapitalAuthority6577.kt
F_DEAD	PaperCatastrophicCloseIdempotency6497	isClaimed	engine/truth/PaperCatastrophicCloseIdempotency6497.kt
F_DEAD	PaperEconomicAtomicCommit6632	bothStamped	engine/truth/PaperEconomicAtomicCommit6632.kt
F_DEAD	PaperEconomicAtomicCommit6632	keyFromAttempt	engine/truth/PaperEconomicAtomicCommit6632.kt
F_DEAD	PaperEconomicSnapshot6629	read6629	engine/truth/PaperEconomicSnapshot6629.kt
F_DEAD	PaperLearningSanity	configuredMaxTradeSol	engine/PaperLearningSanity.kt
F_DEAD	PaperLearningSanity	configuredMinTradeSol	engine/PaperLearningSanity.kt
F_DEAD	PaperLedgerDivergenceGuard6731	stamped	engine/truth/PaperLedgerDivergenceGuard6731.kt
F_DEAD	PaperLiveParityKernel6405	setLane	engine/truth/PaperLiveParityKernel6405.kt
F_DEAD	PaperPositionDustInvariant6460	enforce	engine/truth/PaperPositionDustInvariant6460.kt
F_DEAD	PaperQuantityRepresentation6514	effectiveRequested	engine/ExecutorPaperUtils.kt
F_DEAD	PaperTokenQuantityAuthority6509	journalSoldRaw	engine/truth/PaperTokenQuantityAuthority6509.kt
F_DEAD	PaperWalletStore	markMode	engine/PaperWalletStore.kt
F_DEAD	PartialSellMismatchDetector	latestForMint	engine/sell/PartialSellMismatchDetector.kt
F_DEAD	PartialSellMismatchDetector	mismatchCount	engine/sell/PartialSellMismatchDetector.kt
F_DEAD	PartialSellUnitTypes6461	toRatio	engine/truth/PartialSellUnitTypes6461.kt
F_DEAD	PatternAutoTuner	applyAutoTune	engine/PatternAutoTuner.kt
F_DEAD	PatternAutoTuner	getLastUpdateTs	engine/PatternAutoTuner.kt
F_DEAD	PatternAutoTuner	getTradesAnalyzed	engine/PatternAutoTuner.kt
F_DEAD	PatternClassifier	getFeatureName	engine/PatternClassifier.kt
F_DEAD	PeakDrawdownLock	lockPrice	engine/PeakDrawdownLock.kt
F_DEAD	PendingEntryProjectionGuard6461	pendingEntryPositions	engine/truth/PendingEntryProjectionGuard6461.kt
F_DEAD	PendingSellQueue	isTemporary	engine/PendingSellQueue.kt
F_DEAD	PerformanceAnalytics	lifetimeClosedCount	engine/PerformanceAnalytics.kt
F_DEAD	PerformanceDoctrine6727	belowTarget	engine/truth/PerformanceDoctrine6727.kt
F_DEAD	PerpsAdvancedAI	getBestTradingHours	perps/PerpsAdvancedAI.kt
F_DEAD	PerpsAdvancedAI	getCorrelatedPositions	perps/PerpsAdvancedAI.kt
F_DEAD	PerpsAdvancedAI	getSectorRotation	perps/PerpsAdvancedAI.kt
F_DEAD	PerpsAdvancedAI	isHighlyCorrelated	perps/PerpsAdvancedAI.kt
F_DEAD	PerpsAdvancedAI	isInHotSector	perps/PerpsAdvancedAI.kt
F_DEAD	PerpsAutoReplayLearner	getLayerAdjustments	perps/PerpsAutoReplayLearner.kt
F_DEAD	PerpsAutoReplayLearner	getTradeHistorySize	perps/PerpsAutoReplayLearner.kt
F_DEAD	PerpsAutoReplayLearner	isLearning	perps/PerpsAutoReplayLearner.kt
F_DEAD	PerpsCorrelationMatrix	analyzePortfolio	perps/PerpsCorrelationMatrix.kt
F_DEAD	PerpsCorrelationMatrix	getCorrelationMatrix	perps/PerpsCorrelationMatrix.kt
F_DEAD	PerpsCorrelationMatrix	getGroupMembers	perps/PerpsCorrelationMatrix.kt
F_DEAD	PerpsCorrelationMatrix	getMarketGroup	perps/PerpsCorrelationMatrix.kt
F_DEAD	PerpsDirection	isReadyForLive	perps/PerpsModels.kt
F_DEAD	PerpsExecutionEngine	getExecutionCount	perps/PerpsExecutionEngine.kt
F_DEAD	PerpsHandoffIdempotency6632	offerToPerps	engine/truth/PerpsHandoffIdempotency6632.kt
F_DEAD	PerpsLaneGate	isShadowEnabled	engine/PerpsLaneGate.kt
F_DEAD	PerpsLearningBridge	defaultLayersFor	perps/PerpsLearningBridge.kt
F_DEAD	PerpsLearningBridge	getAssetClassStats	perps/PerpsLearningBridge.kt
F_DEAD	PerpsLearningBridge	learnFromStockTrade	perps/PerpsLearningBridge.kt
F_DEAD	PerpsLearningBridge	recordMemeTrade	perps/PerpsLearningBridge.kt
F_DEAD	PerpsLearningBridge	reseedFrom	perps/PerpsLearningBridge.kt
F_DEAD	PerpsLearningInsightsPanel	analyzeAndGenerateInsights	perps/PerpsLearningInsightsPanel.kt
F_DEAD	PerpsLearningInsightsPanel	generateInsight	perps/PerpsLearningInsightsPanel.kt
F_DEAD	PerpsLearningInsightsPanel	getActionableInsights	perps/PerpsLearningInsightsPanel.kt
F_DEAD	PerpsLearningInsightsPanel	getHighPriorityInsights	perps/PerpsLearningInsightsPanel.kt
F_DEAD	PerpsLearningInsightsPanel	getInsightsByType	perps/PerpsLearningInsightsPanel.kt
F_DEAD	PerpsLearningInsightsPanel	getMarketInsights	perps/PerpsLearningInsightsPanel.kt
F_DEAD	PerpsMarketDataFetcher	getAllMarketsData	perps/PerpsMarketDataFetcher.kt
F_DEAD	PerpsMarketDataFetcher	refreshAllPrices	perps/PerpsMarketDataFetcher.kt
F_DEAD	PerpsMarketScanners	getLastScanTime	perps/PerpsMarketScanners.kt
F_DEAD	PerpsMarketScanners	getScannerStats	perps/PerpsMarketScanners.kt
F_DEAD	PerpsMarketScanners	getTotalScans	perps/PerpsMarketScanners.kt
F_DEAD	PerpsNotificationManager	notifyLearningMilestone	perps/PerpsNotificationManager.kt
F_DEAD	PerpsNotificationManager	notifyLiquidationWarning	perps/PerpsNotificationManager.kt
F_DEAD	PerpsNotificationManager	notifyMTFAlignment	perps/PerpsNotificationManager.kt
F_DEAD	PerpsNotificationManager	setSoundEnabled	perps/PerpsNotificationManager.kt
F_DEAD	PerpsNotificationManager	setVibrationEnabled	perps/PerpsNotificationManager.kt
F_DEAD	PerpsPerformanceAttribution	getBottomLayers	perps/PerpsPerformanceAttribution.kt
F_DEAD	PerpsPerformanceAttribution	getLayerStats	perps/PerpsPerformanceAttribution.kt
F_DEAD	PerpsPerformanceAttribution	getLayersNeedingAttention	perps/PerpsPerformanceAttribution.kt
F_DEAD	PerpsPerformanceAttribution	getSuggestedWeightAdjustments	perps/PerpsPerformanceAttribution.kt
F_DEAD	PerpsPerformanceAttribution	getTopLayers	perps/PerpsPerformanceAttribution.kt
F_DEAD	PerpsPositionSizer	getMarketStats	perps/PerpsPositionSizer.kt
F_DEAD	PerpsSandbox6463	leverageOf	engine/truth/PerpsSandbox6463.kt
F_DEAD	PerpsTradeHeatmap	getAvgPnl	perps/PerpsTradeHeatmap.kt
F_DEAD	PerpsTradeHeatmap	getBestSetup	perps/PerpsTradeHeatmap.kt
F_DEAD	PerpsTradeHeatmap	getBestTierForMarket	perps/PerpsTradeHeatmap.kt
F_DEAD	PerpsTradeHeatmap	getBestTimeSlot	perps/PerpsTradeHeatmap.kt
F_DEAD	PerpsTradeHeatmap	getColor	perps/PerpsTradeHeatmap.kt
F_DEAD	PerpsTradeHeatmap	getHeatmapData	perps/PerpsTradeHeatmap.kt
F_DEAD	PerpsTradeVisualizer	clearAllHistory	perps/PerpsTradeVisualizer.kt
F_DEAD	PerpsTraderAI	getCurrentStreak	perps/PerpsTraderAI.kt
F_DEAD	PerpsTraderAI	getMaxLossStreak	perps/PerpsTraderAI.kt
F_DEAD	PerpsTraderAI	getMaxWinStreak	perps/PerpsTraderAI.kt
F_DEAD	PerpsTrailingStop	setGlobalConfig	perps/PerpsTrailingStop.kt
F_DEAD	PerpsUnifiedScorerBridge	openEntryCount	perps/PerpsUnifiedScorerBridge.kt
F_DEAD	PerpsUnifiedScorerBridge	openEntrySymbols	perps/PerpsUnifiedScorerBridge.kt
F_DEAD	PerpsUnifiedScorerBridge	reflexAbort	perps/PerpsUnifiedScorerBridge.kt
F_DEAD	PersistentLearning	findLatestBackup	engine/PersistentLearning.kt
F_DEAD	PersistentLearning	getStoragePath	engine/PersistentLearning.kt
F_DEAD	PersistentLearning	listBackups	engine/PersistentLearning.kt
F_DEAD	PersonaStudioActivity	customSoundFile	ui/PersonaStudioActivity.kt
F_DEAD	PersonaStudioActivity	hasCustomSound	ui/PersonaStudioActivity.kt
F_DEAD	PersonalityMemoryStore	getBio	engine/PersonalityMemoryStore.kt
F_DEAD	PersonalityQuoteBanks	forPersona	engine/PersonalityQuoteBanks.kt
F_DEAD	PersonalityVoiceRegistry	quietHours	engine/voice/PersonalityVoiceRegistry.kt
F_DEAD	PersonalityVoiceRegistry	setBackupVoiceId	engine/voice/PersonalityVoiceRegistry.kt
F_DEAD	PersonalityVoiceRegistry	setQuietHours	engine/voice/PersonalityVoiceRegistry.kt
F_DEAD	PersonalityVoiceRegistry	setUseFlashForLive	engine/voice/PersonalityVoiceRegistry.kt
F_DEAD	PersonalityVoiceRegistry	setUsePremiumForDemos	engine/voice/PersonalityVoiceRegistry.kt
F_DEAD	PersonalityVoiceRegistry	setVoiceId	engine/voice/PersonalityVoiceRegistry.kt
F_DEAD	PersonalityVoiceRegistry	setVoiceMode	engine/voice/PersonalityVoiceRegistry.kt
F_DEAD	PersonalityVoiceRegistry	setVoiceSettings	engine/voice/PersonalityVoiceRegistry.kt
F_DEAD	PipelineHealthCollector	maxFrameGapMsNow	engine/PipelineHealthCollector.kt
F_DEAD	PipelineTracer	emitted	engine/PipelineTracer.kt
F_DEAD	PipelineTracer	endLoop	engine/PipelineTracer.kt
F_DEAD	PipelineTracer	executorSkipped	engine/PipelineTracer.kt
F_DEAD	PipelineTracer	executorSuccess	engine/PipelineTracer.kt
F_DEAD	PipelineTracer	fdgStart	engine/PipelineTracer.kt
F_DEAD	PipelineTracer	filterPassed	engine/PipelineTracer.kt
F_DEAD	PipelineTracer	filterRejected	engine/PipelineTracer.kt
F_DEAD	PipelineTracer	getLoopAggression	engine/PipelineTracer.kt
F_DEAD	PipelineTracer	queued	engine/PipelineTracer.kt
F_DEAD	PipelineTracer	registryAdded	engine/PipelineTracer.kt
F_DEAD	PipelineTracer	scannerFound	engine/PipelineTracer.kt
F_DEAD	PipelineTracer	scannerRejected	engine/PipelineTracer.kt
F_DEAD	PipelineTracer	strategySkipped	engine/PipelineTracer.kt
F_DEAD	PipelineTracer	strategyStart	engine/PipelineTracer.kt
F_DEAD	PortfolioAnalytics	calculateCorrelations	engine/quant/PortfolioAnalytics.kt
F_DEAD	PortfolioAnalytics	generateHeatMap	engine/quant/PortfolioAnalytics.kt
F_DEAD	PortfolioHeatAI	excess	v4/meta/PortfolioHeatAI.kt
F_DEAD	PortfolioHeatAI	isNewEntryAllowed	v4/meta/PortfolioHeatAI.kt
F_DEAD	PortfolioStore6405	findPosition	engine/truth/PortfolioStore6405.kt
F_DEAD	PositionCloseLedger	recordOf	engine/PositionCloseLedger.kt
F_DEAD	PositionCostBasisRepair6412	repairedPnlPct	engine/truth/PositionCostBasisRepair6412.kt
F_DEAD	PositionIdentity6395	canonicalId	engine/truth/PositionIdentity6395.kt
F_DEAD	PositionIdentity6395	laneAliases	engine/truth/PositionIdentity6395.kt
F_DEAD	PositionIdentity6395	laneOwner	engine/truth/PositionIdentity6395.kt
F_DEAD	PositionIdentity6395	walletFor	engine/truth/PositionIdentity6395.kt
F_DEAD	PositionLifecycleFormalization6617	lastDeltas	engine/truth/PositionLifecycleFormalization6617.kt
F_DEAD	PositionLifecycleFormalization6617	markReentryEligible	engine/truth/PositionLifecycleFormalization6617.kt
F_DEAD	PositionSizing	calculateGraduatedSize	engine/PositionSizing.kt
F_DEAD	PositionSizing	calculateKellySize	engine/PositionSizing.kt
F_DEAD	PositionSizing	calculateLiquidityBasedMax	engine/PositionSizing.kt
F_DEAD	PositionSizing	calculateScalingAmount	engine/PositionSizing.kt
F_DEAD	PositionSizing	shouldScale	engine/PositionSizing.kt
F_DEAD	PositionViewModelStore6395	canShowLockedPercent	engine/truth/PositionViewModelStore6395.kt
F_DEAD	PositionViewModelStore6395	getByMint	engine/truth/PositionViewModelStore6395.kt
F_DEAD	PositionWalletReconciler	unregisterSource	engine/execution/PositionWalletReconciler.kt
F_DEAD	PreEntryDecisionRecord6345	toCompactLine	engine/PreEntryDecisionRecord6345.kt
F_DEAD	PreSupervisorBudgetGuard6437	canRun	engine/truth/PreSupervisorBudgetGuard6437.kt
F_DEAD	PreSupervisorBudgetGuard6437	noteElapsed	engine/truth/PreSupervisorBudgetGuard6437.kt
F_DEAD	PreSupervisorBudgetGuard6437	noteSkip	engine/truth/PreSupervisorBudgetGuard6437.kt
F_DEAD	PreV3ReturnTelemetry6525	stampMint	engine/truth/PreV3ReturnTelemetry6525.kt
F_DEAD	PriceAggregator	clearPrune	perps/PriceAggregator.kt
F_DEAD	PriceAggregator	getSourceStats	perps/PriceAggregator.kt
F_DEAD	PriceDenomination6387	computeIdentityHash	engine/truth/CanonicalTokenPrice6387.kt
F_DEAD	PriceIntegrityAuthority6405	recordPairLiquidity	engine/truth/PriceIntegrityAuthority6405.kt
F_DEAD	ProfitabilityLayer	checkScaleOut	engine/ProfitabilityLayer.kt
F_DEAD	ProfitabilityLayer	confluenceMultiplier	engine/ProfitabilityLayer.kt
F_DEAD	ProfitabilityLayer	dynamicTargets	engine/ProfitabilityLayer.kt
F_DEAD	ProfitabilityLayer	isEvicted	engine/ProfitabilityLayer.kt
F_DEAD	ProfitabilityLayer	notePriceFetch	engine/ProfitabilityLayer.kt
F_DEAD	ProfitabilityLayer	streakMultiplier	engine/ProfitabilityLayer.kt
F_DEAD	ProjectSniperAI	getActiveMissionCount	v3/scoring/ProjectSniperAI.kt
F_DEAD	ProjectSniperAI	updateExtracted	v3/scoring/ProjectSniperAI.kt
F_DEAD	ProjectSniperPhantomGuard6846	allowJournalBuy	engine/truth/ProjectSniperPhantomGuard6846.kt
F_DEAD	ProjectSniperPhantomGuard6846	enforceLane6846	engine/truth/ProjectSniperPhantomGuard6846.kt
F_DEAD	ProjectSniperPhantomGuard6846	stampExecutor	engine/truth/ProjectSniperPhantomGuard6846.kt
F_DEAD	ProjectSniperPhantomGuard6846	stampFdgSealed	engine/truth/ProjectSniperPhantomGuard6846.kt
F_DEAD	ProjectSniperPhantomGuard6846	stampIntent	engine/truth/ProjectSniperPhantomGuard6846.kt
F_DEAD	ProjectSniperPhantomGuard6846	stampMarkAuthoritative	engine/truth/ProjectSniperPhantomGuard6846.kt
F_DEAD	ProjectSniperPhantomGuard6846	stampOpen	engine/truth/ProjectSniperPhantomGuard6846.kt
F_DEAD	ProjectSniperPhantomGuard6846	stampOwnerSelected	engine/truth/ProjectSniperPhantomGuard6846.kt
F_DEAD	ProjectSniperPhantomGuard6846	stampSized	engine/truth/ProjectSniperPhantomGuard6846.kt
F_DEAD	ProjectSniperPhantomGuard6846	stampTicket	engine/truth/ProjectSniperPhantomGuard6846.kt
F_DEAD	ProofState6386	contributesToTruth	engine/truth/ProofState6386.kt
F_DEAD	ProofState6386	stateName	engine/truth/ProofState6386.kt
F_DEAD	ProtectiveExitScheduler6450	attemptUntrigger	engine/truth/ProtectiveExitScheduler6450.kt
F_DEAD	ProtectiveExitScheduler6450	latchTrigger	engine/truth/ProtectiveExitScheduler6450.kt
F_DEAD	ProvenanceAuthority6737	excludedEventIds	engine/truth/ProvenanceAuthority6737.kt
F_DEAD	ProvenanceAuthority6737	originOf	engine/truth/ProvenanceAuthority6737.kt
F_DEAD	ProvenanceAuthority6737	quarantineReasonOf	engine/truth/ProvenanceAuthority6737.kt
F_DEAD	ProvenanceAuthority6737	resetForTest6737	engine/truth/ProvenanceAuthority6737.kt
F_DEAD	ProviderAuthority	allowedRoles	engine/ProviderAuthority.kt
F_DEAD	ProviderAuthority	canFulfill	engine/ProviderAuthority.kt
F_DEAD	ProviderAuthority	chooseAuthority	engine/ProviderAuthority.kt
F_DEAD	ProviderAuthority	deviationPct	engine/ProviderAuthority.kt
F_DEAD	ProviderAuthority	isDegraded	engine/ProviderAuthority.kt
F_DEAD	ProviderCircuitBreaker6402	resetAuthTerminal	engine/truth/ProviderCircuitBreaker6402.kt
F_DEAD	ProviderCircuitBreaker6402	totalSkipEvents	engine/truth/ProviderCircuitBreaker6402.kt
F_DEAD	ProviderInferenceHealth6727	resetForTest6734	engine/truth/ProviderInferenceHealth6727.kt
F_DEAD	ProviderInferenceHealth6727	shouldReprobe	engine/truth/ProviderInferenceHealth6727.kt
F_DEAD	PumpPortalKillSwitch	armForSession	engine/sell/PumpPortalKillSwitch.kt
F_DEAD	PumpPortalKillSwitch	trippedAtMs	engine/sell/PumpPortalKillSwitch.kt
F_DEAD	PythOracle	isPriceFeedHealthy	perps/PythOracle.kt
F_DEAD	PythOracle	isTradable	perps/PythOracle.kt
F_DEAD	QualityLadder	targetWr	engine/QualityLadder.kt
F_DEAD	QuantMetrics	calculateCVaR	engine/quant/QuantMetrics.kt
F_DEAD	QuantMetrics	calculateCalmarRatio	engine/quant/QuantMetrics.kt
F_DEAD	QuantMetrics	calculateSharpeRatio	engine/quant/QuantMetrics.kt
F_DEAD	QuantMetrics	calculateSortinoRatio	engine/quant/QuantMetrics.kt
F_DEAD	QuantMetrics	calculateVaR	engine/quant/QuantMetrics.kt
F_DEAD	QuantMetrics	updateEquity	engine/quant/QuantMetrics.kt
F_DEAD	QuantMindV2	getKellyFraction	engine/quant/QuantMindV2.kt
F_DEAD	QuantMindV2	getOptimalLeverage	engine/quant/QuantMindV2.kt
F_DEAD	QuantMindV2	getOverallGrade	engine/quant/QuantMindV2.kt
F_DEAD	QuantMindV2	getRegimePerformance	engine/quant/QuantMindV2.kt
F_DEAD	QuantMindV2	getRegimeSharpe	engine/quant/QuantMindV2.kt
F_DEAD	QuantMindV2	getStrategyMetrics	engine/quant/QuantMindV2.kt
F_DEAD	QuantityInvariantAuthority6500	validateAndQuarantine	engine/truth/QuantityInvariantAuthority6500.kt
F_DEAD	RateLimiter	getAllUsage	engine/RateLimiter.kt
F_DEAD	RateLimiter	getEffectiveLimit	engine/RateLimiter.kt
F_DEAD	RateLimiter	getRetryAfterMs	engine/RateLimiter.kt
F_DEAD	RateLimiter	getUsage	engine/RateLimiter.kt
F_DEAD	RateLimiter	waitForSlot	engine/RateLimiter.kt
F_DEAD	ReEntryLockout	lockReason	engine/ReEntryLockout.kt
F_DEAD	ReEntryLockout	lockReasonAdaptive	engine/ReEntryLockout.kt
F_DEAD	ReconcilerCadenceAuthority6459	noteFullPass	engine/truth/ReconcilerCadenceAuthority6459.kt
F_DEAD	ReconcilerCadenceAuthority6459	noteQuickPass	engine/truth/ReconcilerCadenceAuthority6459.kt
F_DEAD	ReconciliationCoordinator6387	activeJobsCount	engine/truth/ReconciliationCoordinator6387.kt
F_DEAD	ReconciliationCoordinator6387	advance	engine/truth/ReconciliationCoordinator6387.kt
F_DEAD	ReconciliationCoordinator6387	tryBegin	engine/truth/ReconciliationCoordinator6387.kt
F_DEAD	RecoveredHoldGuard	graceRemainingMs	engine/RecoveredHoldGuard.kt
F_DEAD	RecoveryLockUnlocker	attemptOnce	engine/sell/RecoveryLockUnlocker.kt
F_DEAD	ReentryGuard	clearLockout	engine/ReentryGuard.kt
F_DEAD	ReentryGuard	getLockoutInfo	engine/ReentryGuard.kt
F_DEAD	ReentryGuard	getRemainingMinutes	engine/ReentryGuard.kt
F_DEAD	ReentryGuard	isSecondMoonHot	engine/ReentryGuard.kt
F_DEAD	ReentryRecoveryMode	recordReentryAttempt	engine/ReentryRecoveryMode.kt
F_DEAD	ReentryRecoveryMode	recordReentryOutcome	engine/ReentryRecoveryMode.kt
F_DEAD	RejectionTelemetry	topSession	engine/RejectionTelemetry.kt
F_DEAD	RejectionTelemetry	topWindow	engine/RejectionTelemetry.kt
F_DEAD	RejectionTelemetry	totalSessionCount	engine/RejectionTelemetry.kt
F_DEAD	RemoteKillSwitch	clearLocalKill	engine/RemoteKillSwitch.kt
F_DEAD	RemoteKillSwitch	getMaxPositionOverride	engine/RemoteKillSwitch.kt
F_DEAD	RemoteKillSwitch	isForcePaperMode	engine/RemoteKillSwitch.kt
F_DEAD	RemoteKillSwitch	localKill	engine/RemoteKillSwitch.kt
F_DEAD	ReportingHub	addBoundedSection	engine/ReportingHub.kt
F_DEAD	ResearchScout	latestFindings	engine/ResearchScout.kt
F_DEAD	ResearchScout	pendingRequests	engine/ResearchScout.kt
F_DEAD	ResearchScout	recordFinding	engine/ResearchScout.kt
F_DEAD	RiskExitPriorityDomain6461	laneStatsAgeMs	engine/truth/RiskExitPriorityDomain6461.kt
F_DEAD	RiskExitPriorityDomain6461	recordHighLatency	engine/truth/RiskExitPriorityDomain6461.kt
F_DEAD	RiskExitPriorityDomain6461	recordLowLatency	engine/truth/RiskExitPriorityDomain6461.kt
F_DEAD	RootCauseClassifier6471	lastResult	engine/truth/RootCauseClassifier6471.kt
F_DEAD	RootCauseFreshnessAuthority6496	isHistoricalOnly	engine/truth/RootCauseFreshnessAuthority6496.kt
F_DEAD	RootCauseFreshnessAuthority6496	lifetimeCount	engine/truth/RootCauseFreshnessAuthority6496.kt
F_DEAD	RootCauseTelemetry6441	attribute	engine/truth/RootCauseTelemetry6441.kt
F_DEAD	RootCauseTelemetry6441	subsystemBreakdown	engine/truth/RootCauseTelemetry6441.kt
F_DEAD	RouteResolver6411	resolveVenue	engine/truth/RouteResolver6411.kt
F_DEAD	RuggedContracts	getCount	engine/RuggedContracts.kt
F_DEAD	RunTracker30D	getFilterStats	engine/RunTracker30D.kt
F_DEAD	RunTracker30D	getTradeTrace	engine/RunTracker30D.kt
F_DEAD	RunTracker30D	isRunComplete	engine/RunTracker30D.kt
F_DEAD	RunTracker30D	recordExecutionFailure	engine/RunTracker30D.kt
F_DEAD	RunTracker30D	recordMissedTrade	engine/RunTracker30D.kt
F_DEAD	RunTracker30D	updateFromTrade	engine/RunTracker30D.kt
F_DEAD	RunnerAutoCompound6422	liveExtendedTierLift	engine/truth/RunnerAutoCompound6422.kt
F_DEAD	RunnerAutoCompound6422	paperExtendedTierLift	engine/truth/RunnerAutoCompound6422.kt
F_DEAD	RunnerAutoCompound6422	paperTotalLift	engine/truth/RunnerAutoCompound6422.kt
F_DEAD	RunnerCompoundingLadder6440	clampToLadder	engine/truth/RunnerCompoundingLadder6440.kt
F_DEAD	RunnerLedgerHealthGate6450	allowExpansion	engine/truth/RunnerLedgerHealthGate6450.kt
F_DEAD	RunnerQuoteProbe6395	clearProbes	engine/truth/RunnerQuoteProbe6395.kt
F_DEAD	RunnerQuoteProbe6395	executableNetLamports	engine/truth/RunnerQuoteProbe6395.kt
F_DEAD	RunnerQuoteProbe6395	recordQuote	engine/truth/RunnerQuoteProbe6395.kt
F_DEAD	RunnerQuoteProbe6395	selectBest	engine/truth/RunnerQuoteProbe6395.kt
F_DEAD	RuntimeDoctor	recentFaults	engine/RuntimeDoctor.kt
F_DEAD	RuntimeModeAuthority	publishUiMode	engine/RuntimeModeAuthority.kt
F_DEAD	RuntimeProviderAuthority6685	sanitizeRpc	engine/RuntimeProviderAuthority6685.kt
F_DEAD	RuntimeRegressionState	bumpBroadcastOnUnconfirmedBalance	engine/RuntimeRegressionState.kt
F_DEAD	RuntimeRegressionState	bumpLearningFromUnconfirmedClose	engine/RuntimeRegressionState.kt
F_DEAD	RuntimeRegressionState	bumpPumpRouteInvalidNotReResolved	engine/RuntimeRegressionState.kt
F_DEAD	RuntimeRepairState	clearPaperModeRequest	engine/RuntimeRepairState.kt
F_DEAD	RuntimeRepairState	enableLane	engine/RuntimeRepairState.kt
F_DEAD	RuntimeRepairState	enableScannerSource	engine/RuntimeRepairState.kt
F_DEAD	RuntimeRepairState	resumeTrading	engine/RuntimeRepairState.kt
F_DEAD	RuntimeRepairState	scannerCap	engine/RuntimeRepairState.kt
F_DEAD	RuntimeRepairState	setScannerUserDisabled	engine/RuntimeRepairState.kt
F_DEAD	RuntimeRepairState	shouldForcePaper	engine/RuntimeRepairState.kt
F_DEAD	RuntimeRepairState	staleLocksClearedCount	engine/RuntimeRepairState.kt
F_DEAD	RuntimeRepairState	uiRebindGeneration	engine/RuntimeRepairState.kt
F_DEAD	RuntimeTune6833	accountingBoundaryViolations6833	engine/truth/RuntimeTune6833.kt
F_DEAD	RuntimeTune6833	assertForensicNotInSizingPath6833	engine/truth/RuntimeTune6833.kt
F_DEAD	RuntimeTune6833	evaluateHandoffChoke6833	engine/truth/RuntimeTune6833.kt
F_DEAD	RuntimeTune6833	expressAdmissionVerdict	engine/truth/RuntimeTune6833.kt
F_DEAD	RuntimeTune6833	markContractAllowsSizing6833	engine/truth/RuntimeTune6833.kt
F_DEAD	RuntimeTune6833	markContractHonoredCount6833	engine/truth/RuntimeTune6833.kt
F_DEAD	RuntimeTune6833	phantomSizedRejectedCount6833	engine/truth/RuntimeTune6833.kt
F_DEAD	RuntimeTune6833	recordExec6833	engine/truth/RuntimeTune6833.kt
F_DEAD	RuntimeTune6833	recordSized6833	engine/truth/RuntimeTune6833.kt
F_DEAD	RuntimeTune6833	recordTicket6833	engine/truth/RuntimeTune6833.kt
F_DEAD	SafetyProofDegradation6411	advisoryFloorLift	engine/truth/SafetyProofDegradation6411.kt
F_DEAD	SafetyProofDegradation6411	advisorySizeMultiplier	engine/truth/SafetyProofDegradation6411.kt
F_DEAD	SafetyProofDegradation6411	cachedProofTtlMs	engine/truth/SafetyProofDegradation6411.kt
F_DEAD	SafetyTier	clearLiquidityHistory	engine/TokenSafetyChecker.kt
F_DEAD	SafetyTier	getWhitelistedMints	engine/TokenSafetyChecker.kt
F_DEAD	SafetyTier	isWhitelisted	engine/TokenSafetyChecker.kt
F_DEAD	SafetyTier	recordLpLockPct	engine/TokenSafetyChecker.kt
F_DEAD	SameMintCandidateEpoch6402	trackedMintCount	engine/truth/SameMintCandidateEpoch6402.kt
F_DEAD	SameMintDedupAuthority6441	envelopeOf	engine/truth/SameMintDedupAuthority6441.kt
F_DEAD	ScalingMode	activeTiers	engine/ScalingMode.kt
F_DEAD	ScalingMode	liquidityInRange	engine/ScalingMode.kt
F_DEAD	ScalingMode	mcapInRange	engine/ScalingMode.kt
F_DEAD	ScannerCanonicalDedupe6411	shouldEnrich	engine/truth/ScannerCanonicalDedupe6411.kt
F_DEAD	ScannerFanoutDedupe6374	admitCount	engine/ScannerFanoutDedupe6374.kt
F_DEAD	ScannerFanoutDedupe6374	currentTtlMs	engine/ScannerFanoutDedupe6374.kt
F_DEAD	ScannerFanoutDedupe6374	setTtlMs	engine/ScannerFanoutDedupe6374.kt
F_DEAD	ScannerFanoutDedupe6374	skipCount	engine/ScannerFanoutDedupe6374.kt
F_DEAD	ScannerHydrationQueues6347	rejectWithTtl	engine/ScannerHydrationQueues6347.kt
F_DEAD	ScannerSourceBrain	avgPnlPct	engine/ScannerSourceBrain.kt
F_DEAD	ScannerSourceBrain	samples	engine/ScannerSourceBrain.kt
F_DEAD	ScannerSourceBrain	shouldSkipIntake	engine/ScannerSourceBrain.kt
F_DEAD	ScannerSourceBrain	tierCounts	engine/ScannerSourceBrain.kt
F_DEAD	ScannerSourceCircuitBreaker6363	skipsTotal	engine/ScannerSourceCircuitBreaker6363.kt
F_DEAD	ScannerSourceCircuitBreaker6363	tripsTotal	engine/ScannerSourceCircuitBreaker6363.kt
F_DEAD	ScoreComponent	hasFatal	v3/scoring/ScoreCard.kt
F_DEAD	SelectionQualityAuthority6829	laneSelectivityMultiplier	engine/truth/SelectionQualityAuthority6829.kt
F_DEAD	SelfHealingAdvisor	markApplied	engine/SelfHealingAdvisor.kt
F_DEAD	SelfHealingAdvisor	maybeAutoAdvise	engine/SelfHealingAdvisor.kt
F_DEAD	SelfHealingDiagnostics	clearPoisonedMemory	engine/SelfHealingDiagnostics.kt
F_DEAD	SelfHealingDiagnostics	manualClearMemory	engine/SelfHealingDiagnostics.kt
F_DEAD	SellAmountAuthority	canBroadcastLive	engine/sell/SellAmountAuthority.kt
F_DEAD	SellAmountAuthority	txParseCacheSize	engine/sell/SellAmountAuthority.kt
F_DEAD	SellExecutionLocks	heldCount	engine/sell/SellExecutionLocks.kt
F_DEAD	SellFailureHistory	totalRecorded	engine/sell/SellFailureHistory.kt
F_DEAD	SellIntentSeverity	isEmergencyBand	engine/sell/SellIntentSeverity.kt
F_DEAD	SellIntentSeverity	isEmergencyBand	engine/sell/SellIntentSeverity.kt
F_DEAD	SellOnlySafeMode	workerTimeoutStorm	engine/sell/SellOnlySafeMode.kt
F_DEAD	SellQtyBoundaryClamp6427	remainingQty	engine/truth/SellQtyBoundaryClamp6427.kt
F_DEAD	SellReconciler	isLiveAlive	engine/sell/SellReconciler.kt
F_DEAD	SellReconciler	reconcilePaperOnce	engine/sell/SellReconciler.kt
F_DEAD	SellSlippageProfile	tierForReason	engine/SellSlippageProfile.kt
F_DEAD	SemanticPatternGraph	querySimilar	engine/SemanticPatternGraph.kt
F_DEAD	SentienceHooks	llmVote	engine/SentienceHooks.kt
F_DEAD	SentienceHooks	nominatedPauseList	engine/SentienceHooks.kt
F_DEAD	SentienceLabRewardBridge6444	canonicalWLTrio	engine/truth/SentienceLabRewardBridge6444.kt
F_DEAD	SentientPersonality	fmtLayer	engine/SentientPersonality.kt
F_DEAD	SentientPersonality	getLatestThought	engine/SentientPersonality.kt
F_DEAD	SentientPersonality	onInsiderActivity	engine/SentientPersonality.kt
F_DEAD	SentientPersonality	onLearningMilestone	engine/SentientPersonality.kt
F_DEAD	SentientPersonality	onRegimeShift	engine/SentientPersonality.kt
F_DEAD	SentientPersonality	onWhaleActivity	engine/SentientPersonality.kt
F_DEAD	SentientPersonality	quoteForPersona	engine/SentientPersonality.kt
F_DEAD	SentimentEngine	getSentiment	engine/SentimentEngine.kt
F_DEAD	ServiceWatchdog	cancelAlarm	engine/ServiceWatchdog.kt
F_DEAD	ServiceWatchdog	recoveryAction6487	engine/ServiceWatchdog.kt
F_DEAD	ShadowLearningEngine	addVariant	engine/ShadowLearningEngine.kt
F_DEAD	ShadowLearningEngine	getBestVariant	engine/ShadowLearningEngine.kt
F_DEAD	ShadowLearningEngine	getTopShadowMode	v3/learning/ShadowLearningEngine.kt
F_DEAD	ShadowLearningEngine	getTrackedTradesCount	v3/learning/ShadowLearningEngine.kt
F_DEAD	ShadowLearningEngine	getVolatilityPlayStats	v3/learning/ShadowLearningEngine.kt
F_DEAD	ShadowLearningEngine	openShadowShort	v3/learning/ShadowLearningEngine.kt
F_DEAD	ShadowLearningEngine	openShadowStraddle	v3/learning/ShadowLearningEngine.kt
F_DEAD	ShadowLearningEngine	openShadowStrangle	v3/learning/ShadowLearningEngine.kt
F_DEAD	ShadowOutcome	isTracked	v3/shadow/ShadowTracker.kt
F_DEAD	SherpaTtsBridge	writeIntLE	engine/SherpaTtsBridge.kt
F_DEAD	SherpaTtsBridge	writeShortLE	engine/SherpaTtsBridge.kt
F_DEAD	SizingAuthorityReconciler6829	preferredAuthority	engine/truth/SizingAuthorityReconciler6829.kt
F_DEAD	SmartChartScanner	clearAllCaches	engine/SmartChartScanner.kt
F_DEAD	SmartMoneyDivergenceAI	hasBearishDivergence	v3/scoring/SmartMoneyDivergenceAI.kt
F_DEAD	SmartMoneyDivergenceAI	hasBullishDivergence	v3/scoring/SmartMoneyDivergenceAI.kt
F_DEAD	SmartSystemRuntimeRegistry	allSystems	engine/SmartSystemRuntimeRegistry.kt
F_DEAD	SnipeAgeGate	shuntToBackground	engine/SnipeAgeGate.kt
F_DEAD	SoftScoreShaping6400	lastShaping	engine/truth/SoftScoreShaping6400.kt
F_DEAD	SoftScoreShaping6400	sizeMultiplierFor	engine/truth/SoftScoreShaping6400.kt
F_DEAD	SolanaArbAI	checkTimeout	v3/scoring/SolanaArbAI.kt
F_DEAD	SolanaArbAI	closeArb	v3/scoring/SolanaArbAI.kt
F_DEAD	SolanaArbAI	executeArb	v3/scoring/SolanaArbAI.kt
F_DEAD	SolanaArbAI	scanForOpportunity	v3/scoring/SolanaArbAI.kt
F_DEAD	SolanaArbAI	updatePriceFeed	v3/scoring/SolanaArbAI.kt
F_DEAD	SolanaBlueChipWatchlist	infoFor	engine/SolanaBlueChipWatchlist.kt
F_DEAD	SolanaBlueChipWatchlist	isBlueChip	engine/SolanaBlueChipWatchlist.kt
F_DEAD	SolanaWallet	applyRoundRobin	network/SolanaWallet.kt
F_DEAD	SolanaWallet	awaitConfirmation	network/SolanaWallet.kt
F_DEAD	SolanaWallet	compactU16	network/SolanaWallet.kt
F_DEAD	SolanaWallet	finalized	network/SolanaWallet.kt
F_DEAD	SolanaWallet	getTokenAccountsChecked	network/SolanaWallet.kt
F_DEAD	SolanaWallet	getTokenAccountsWithDecimals	network/SolanaWallet.kt
F_DEAD	SolanaWallet	getTokenAccountsWithDecimalsStrict	network/SolanaWallet.kt
F_DEAD	SolanaWallet	markEndpointUnhealthy	network/SolanaWallet.kt
F_DEAD	SolanaWallet	mergeFrom	network/SolanaWallet.kt
F_DEAD	SolscanDevTracker	getRecentTransactions	network/SolscanDevTracker.kt
F_DEAD	SoundManager	playCircuitBreaker	engine/SoundManager.kt
F_DEAD	SoundManager	reloadCustomSounds	engine/SoundManager.kt
F_DEAD	SourceCohortAdvisory6727	advisory	engine/truth/SourceCohortAdvisory6727.kt
F_DEAD	SourceCohortAdvisory6727	recordWin	engine/truth/SourceCohortAdvisory6727.kt
F_DEAD	SourceCohortAdvisory6727	resetForTest6727	engine/truth/SourceCohortAdvisory6727.kt
F_DEAD	SourceCohortAdvisory6727	shouldThrottle	engine/truth/SourceCohortAdvisory6727.kt
F_DEAD	SourceCohortAdvisory6727	throttleMultiplier	engine/truth/SourceCohortAdvisory6727.kt
F_DEAD	SourceTimingRegistry	getFirstSeen	v3/arb/SourceTimingRegistry.kt
F_DEAD	SourceTimingRegistry	getLatestSeen	v3/arb/SourceTimingRegistry.kt
F_DEAD	SourceTimingRegistry	getSourceCount	v3/arb/SourceTimingRegistry.kt
F_DEAD	SourceTimingRegistry	getVenueLagMs	v3/arb/SourceTimingRegistry.kt
F_DEAD	SpecialistContributorMerge6612	mergeCount	engine/truth/SpecialistContributorMerge6612.kt
F_DEAD	SpecialistContributorMerge6612	trackedMints	engine/truth/SpecialistContributorMerge6612.kt
F_DEAD	SpecialistProposalArbiter6629	currentDecision6629	engine/truth/SpecialistProposalArbiter6629.kt
F_DEAD	SpecialistProposalArbiter6629	elect6629	engine/truth/SpecialistProposalArbiter6629.kt
F_DEAD	SpecialistProposalArbiter6629	retireContest6629	engine/truth/SpecialistProposalArbiter6629.kt
F_DEAD	SsiPilotCouncil	pilotNote	engine/SsiPilotCouncil.kt
F_DEAD	StablecoinFlowAI	getRegimeBias	v3/scoring/StablecoinFlowAI.kt
F_DEAD	StaleMarkRunnerProtection6829	clearRefreshAttempts	engine/truth/StaleMarkRunnerProtection6829.kt
F_DEAD	StartupExitOnlyLatch6401	allMet	engine/truth/StartupExitOnlyLatch6401.kt
F_DEAD	StartupExitOnlyLatch6401	evaluateAndMaybeClear	engine/truth/StartupExitOnlyLatch6401.kt
F_DEAD	StartupExitOnlyLatch6401	resetForNewGeneration	engine/truth/StartupExitOnlyLatch6401.kt
F_DEAD	StartupInvariantGate6441	gateOpen	engine/truth/StartupInvariantGate6441.kt
F_DEAD	StartupReconciliation6635	beginRun6635	engine/truth/StartupReconciliation6635.kt
F_DEAD	StartupReconciliation6635	classify6635	engine/truth/StartupReconciliation6635.kt
F_DEAD	StartupReconciliation6635	endRun6635	engine/truth/StartupReconciliation6635.kt
F_DEAD	StartupReconciliation6635	isQuarantined6635	engine/truth/StartupReconciliation6635.kt
F_DEAD	StrategyHypothesisEngine	seedControlArmsFromHistory	engine/StrategyHypothesisEngine.kt
F_DEAD	StrategyTelemetry	bleeders	engine/StrategyTelemetry.kt
F_DEAD	StrategyTelemetry	clearDisabledIfInsufficient	engine/StrategyTelemetry.kt
F_DEAD	StrategyTelemetry	computePaperTerminalLeaderboard	engine/StrategyTelemetry.kt
F_DEAD	StrategyTelemetry	getDisabled	engine/StrategyTelemetry.kt
F_DEAD	StrategyTrainingGate	shouldTrainRouteLayer	engine/execution/StrategyTrainingGate.kt
F_DEAD	StrategyTrustAI	getQuarantineUntil	v4/meta/StrategyTrustAI.kt
F_DEAD	StrategyTrustAI	getTrustRecord	v4/meta/StrategyTrustAI.kt
F_DEAD	StrategyTrustAI	setQuarantine	v4/meta/StrategyTrustAI.kt
F_DEAD	StrategyTruthLedger	auditLine	engine/StrategyTruthLedger.kt
F_DEAD	StrategyTruthLedger	strategyLaneFor	engine/StrategyTruthLedger.kt
F_DEAD	StrategyVariantStore	promoteChild	engine/learning/StrategyVariantStore.kt
F_DEAD	StrategyVariantStore	variantsFor	engine/learning/StrategyVariantStore.kt
F_DEAD	SuperBrainEnhancements	getBreadthTrend	engine/SuperBrainEnhancements.kt
F_DEAD	SuperBrainEnhancements	recordBreadth	engine/SuperBrainEnhancements.kt
F_DEAD	SwapQuote	isTransient	network/JupiterApi.kt
F_DEAD	SwitchboardOracle	isSupported	perps/AlternativeOracles.kt
F_DEAD	SwitchboardOracle	isSupported	perps/AlternativeOracles.kt
F_DEAD	SymbolicContext	getAge	engine/SymbolicContext.kt
F_DEAD	SymbolicContext	isFundingUnfavourable	engine/SymbolicContext.kt
F_DEAD	SymbolicExitReasoner	canHardEscalate	engine/SymbolicExitReasoner.kt
F_DEAD	SymbolicExitReasoner	gradeOnClose	engine/SymbolicExitReasoner.kt
F_DEAD	SymbolicExitReasoner	gradeOnUpdate	engine/SymbolicExitReasoner.kt
F_DEAD	SymbolicExitReasoner	noteFire	engine/SymbolicExitReasoner.kt
F_DEAD	SymbolicInvariantProver	allPassed	engine/SymbolicInvariantProver.kt
F_DEAD	SymbolicInvariantProver	firstSrc	engine/SymbolicInvariantProver.kt
F_DEAD	SymbolicInvariantProver	proveSourceContracts	engine/SymbolicInvariantProver.kt
F_DEAD	SymbolicVerdictRegistry	activeVerdictCount	engine/SymbolicVerdictRegistry.kt
F_DEAD	TacticSwitcher	historicalOutcomeCount6486	engine/learning/TacticSwitcher.kt
F_DEAD	TacticSwitcher	maybeRotateFromMemory	engine/learning/TacticSwitcher.kt
F_DEAD	TelegramBot	alertEntry	engine/TelegramBot.kt
F_DEAD	TelegramBot	alertLearningInsight	engine/TelegramBot.kt
F_DEAD	TelegramBot	alertTreasuryMilestone	engine/TelegramBot.kt
F_DEAD	TelegramScraper	scrapePublicChannel	network/TelegramScraper.kt
F_DEAD	TerminalFinalityAuthority6405	clearGeneration	engine/truth/TerminalFinalityAuthority6405.kt
F_DEAD	TicketAuthorityContinuity6624	materiallyEqualTo	engine/truth/TicketAuthorityContinuity6624.kt
F_DEAD	TicketAuthorityContinuity6624	recordOriginalBasis6624	engine/truth/TicketAuthorityContinuity6624.kt
F_DEAD	TicketAuthorityContinuity6624	shouldResealOrReject6624	engine/truth/TicketAuthorityContinuity6624.kt
F_DEAD	TimeModeScheduler	clearSchedule	engine/TimeModeScheduler.kt
F_DEAD	TimeModeScheduler	getBestHoursForMode	engine/TimeModeScheduler.kt
F_DEAD	TimeModeScheduler	getSchedule	engine/TimeModeScheduler.kt
F_DEAD	TimeModeScheduler	getWorstHoursForMode	engine/TimeModeScheduler.kt
F_DEAD	TimeModeScheduler	setAutoSwitchEnabled	engine/TimeModeScheduler.kt
F_DEAD	TimeModeScheduler	setScheduleOverride	engine/TimeModeScheduler.kt
F_DEAD	TimeOptimizationAI	getCurrentDayOfWeek	engine/TimeOptimizationAI.kt
F_DEAD	TimeOptimizationAI	getCurrentSession	engine/TimeOptimizationAI.kt
F_DEAD	TimeOptimizationAI	isWeekend	engine/TimeOptimizationAI.kt
F_DEAD	TokenLifecycleTracker	markReconcileFailed	engine/TokenLifecycleTracker.kt
F_DEAD	TokenLifecycleTracker	purgeTerminalRecord	engine/TokenLifecycleTracker.kt
F_DEAD	TokenMapAuthority	buyAttemptId	engine/TokenMapAuthority.kt
F_DEAD	TokenMapVersionGuard6411	bumpLaneRoutingVersion	engine/truth/TokenMapVersionGuard6411.kt
F_DEAD	TokenMapVersionGuard6411	bumpMappingVersion	engine/truth/TokenMapVersionGuard6411.kt
F_DEAD	TokenMapVersionGuard6411	currentLaneRoutingVersion	engine/truth/TokenMapVersionGuard6411.kt
F_DEAD	TokenMapVersionGuard6411	currentMappingVersion	engine/truth/TokenMapVersionGuard6411.kt
F_DEAD	TokenMergeQueue	agePressure6877	engine/TokenMergeQueue.kt
F_DEAD	TokenMergeQueue	flushAll	engine/TokenMergeQueue.kt
F_DEAD	TokenMetaCache	pruneStale	engine/TokenMetaCache.kt
F_DEAD	TokenMetricStageRouter	reasonFor	engine/TokenMetricStageRouter.kt
F_DEAD	TokenRefreshPolicy	forget	engine/TokenRefreshPolicy.kt
F_DEAD	TokenWinMemory	logDetailedStats	engine/TokenWinMemory.kt
F_DEAD	TokenizedAssetRegistry	knownSymbols	perps/TokenizedAssetRegistry.kt
F_DEAD	TokenizedStockTrader	isRegularTradingHours	perps/TokenizedStockTrader.kt
F_DEAD	ToxicModeCircuitBreaker	forceTripForTests	engine/ToxicModeCircuitBreaker.kt
F_DEAD	ToxicModeCircuitBreaker	freezeMode	engine/ToxicModeCircuitBreaker.kt
F_DEAD	ToxicModeCircuitBreaker	getLiquidityFloor	engine/ToxicModeCircuitBreaker.kt
F_DEAD	ToxicModeCircuitBreaker	isModeDisabled	engine/ToxicModeCircuitBreaker.kt
F_DEAD	ToxicModeCircuitBreaker	unfreezeMode	engine/ToxicModeCircuitBreaker.kt
F_DEAD	TradeAlerts	custom	engine/TradeAlerts.kt
F_DEAD	TradeAlerts	onCircuitBreaker	engine/TradeAlerts.kt
F_DEAD	TradeAlerts	onTreasuryMilestone	engine/TradeAlerts.kt
F_DEAD	TradeAuthorizer	forceAgeOpenLockForTests	engine/TradeAuthorizer.kt
F_DEAD	TradeAuthorizer	forceOpenLockForTests	engine/TradeAuthorizer.kt
F_DEAD	TradeAuthorizer	getShadowTracking	engine/TradeAuthorizer.kt
F_DEAD	TradeAuthorizer	getTokenBooks	engine/TradeAuthorizer.kt
F_DEAD	TradeAuthorizer	getTokenState	engine/TradeAuthorizer.kt
F_DEAD	TradeAuthorizer	getTokensInBook	engine/TradeAuthorizer.kt
F_DEAD	TradeAuthorizer	hasOpenPositionInBook	engine/TradeAuthorizer.kt
F_DEAD	TradeAuthorizer	rejectAuth4424	engine/TradeAuthorizer.kt
F_DEAD	TradeAuthorizer	releasePrimaryAfterAuthFailure	engine/TradeAuthorizer.kt
F_DEAD	TradeDatabase	getTradesByPhase	engine/TradeDatabase.kt
F_DEAD	TradeHistoryStore	getAllTradesIncludingInvalidForensics	engine/TradeHistoryStore.kt
F_DEAD	TradeHistoryStore	invalidateStatsCache	engine/TradeHistoryStore.kt
F_DEAD	TradeHistoryStore	openMintSetFromJournal	engine/TradeHistoryStore.kt
F_DEAD	TradeHistoryStore	pnlSol	engine/TradeHistoryStore.kt
F_DEAD	TradeHistoryStore	recordTrades	engine/TradeHistoryStore.kt
F_DEAD	TradeIdentityManager	shortId	engine/TradeIdentity.kt
F_DEAD	TradeLessonRecorder	getLeverageLessons	v4/meta/TradeLessonRecorder.kt
F_DEAD	TradeLessonRecorder	getNarrativeLessons	v4/meta/TradeLessonRecorder.kt
F_DEAD	TradeLessonRecorder	getRegimeLessons	v4/meta/TradeLessonRecorder.kt
F_DEAD	TradeLifecycle	canApprove	engine/TradeLifecycle.kt
F_DEAD	TradeLifecycle	durationMs	engine/TradeLifecycle.kt
F_DEAD	TradeLifecycle	filtered	engine/TradeLifecycle.kt
F_DEAD	TradeLifecycle	fullHistory	engine/TradeLifecycle.kt
F_DEAD	TradeLifecycle	getCompleted	engine/TradeLifecycle.kt
F_DEAD	TradeLifecycle	resetForRetry	engine/TradeLifecycle.kt
F_DEAD	TradeRowSanityCheck	totalAdmitted	engine/learning/TradeRowSanityCheck.kt
F_DEAD	TradeState	clearState	engine/TradeStateMachine.kt
F_DEAD	TradeState	getCooldownRemaining	engine/TradeStateMachine.kt
F_DEAD	TraderSizingBridge6444	declaredCaps	engine/truth/TraderSizingBridge6444.kt
F_DEAD	TradingCopilot	getAssetWindow	engine/TradingCopilot.kt
F_DEAD	TradingCopilot	isAggressiveHunt	engine/TradingCopilot.kt
F_DEAD	TradingCopilot	isEmergencyBrake	engine/TradingCopilot.kt
F_DEAD	TradingCopilot	layerWeight	engine/TradingCopilot.kt
F_DEAD	TreasuryManager	defaultWithdrawal	engine/TreasuryManager.kt
F_DEAD	TreasuryManager	maxWithdrawable	engine/TreasuryManager.kt
F_DEAD	TreasuryManager	requestWithdrawal	engine/TreasuryManager.kt
F_DEAD	TreasuryManager	tradeableBalance	engine/TreasuryManager.kt
F_DEAD	TreasuryOpportunityEngine	getActiveDeployments	engine/TreasuryOpportunityEngine.kt
F_DEAD	TreasuryOpportunityEngine	shouldDeploy	engine/TreasuryOpportunityEngine.kt
F_DEAD	TreasuryWalletManager	destinationAddress	engine/TreasuryWalletManager.kt
F_DEAD	TursoClient	getMarketsTradesForReplay	collective/TursoClient.kt
F_DEAD	TursoClient	nukeBadData	collective/TursoClient.kt
F_DEAD	TursoClient	saveLeadLagPair	collective/TursoClient.kt
F_DEAD	TursoClient	testConnection	collective/TursoClient.kt
F_DEAD	TursoDefaults	validOrDefaultToken	data/BotConfig.kt
F_DEAD	TursoDefaults	validOrDefaultUrl	data/BotConfig.kt
F_DEAD	UiState	toggleBot	ui/BotViewModel.kt
F_DEAD	UltraFastRugDetectorAI	getMonitoredCount	v3/scoring/UltraFastRugDetectorAI.kt
F_DEAD	UnifiedModeOrchestrator	deactivateMode	engine/UnifiedModeOrchestrator.kt
F_DEAD	UnifiedModeOrchestrator	evaluateMarket	engine/UnifiedModeOrchestrator.kt
F_DEAD	UnifiedModeOrchestrator	recordTradeByTag	engine/UnifiedModeOrchestrator.kt
F_DEAD	UnifiedPolicyHead	advisoryUsageHits	engine/UnifiedPolicyHead.kt
F_DEAD	UnifiedPolicyHead	authoritativeOverrideHits	engine/UnifiedPolicyHead.kt
F_DEAD	UnifiedPolicyHead	calibrationDemoteHits	engine/UnifiedPolicyHead.kt
F_DEAD	UnifiedPolicyHead	causalBoundCount6681	engine/UnifiedPolicyHead.kt
F_DEAD	UnifiedPolicyHead	causalMissCount6681	engine/UnifiedPolicyHead.kt
F_DEAD	UnifiedPolicyHead	causalOutcomeCount6681	engine/UnifiedPolicyHead.kt
F_DEAD	UnifiedPolicyHead	laneOwnHeadTrainedCount6605	engine/UnifiedPolicyHead.kt
F_DEAD	UnifiedScorer	fluidScale	v3/scoring/UnifiedScorer.kt
F_DEAD	UnifiedScorer	genEqScale	v3/scoring/UnifiedScorer.kt
F_DEAD	UnifiedScorer	moduleNames	v3/scoring/UnifiedScorer.kt
F_DEAD	UnifiedScorer	polarityFlip	v3/scoring/UnifiedScorer.kt
F_DEAD	UnifiedScorer	symmetricTrust	v3/scoring/UnifiedScorer.kt
F_DEAD	UnitTypes6344	costOf	engine/UnitTypes6344.kt
F_DEAD	UnitTypes6344	toSolPrice	engine/UnitTypes6344.kt
F_DEAD	UnitTypes6344	toUsdPrice	engine/UnitTypes6344.kt
F_DEAD	UniversalBridgeEngine	getBridgeStats	engine/UniversalBridgeEngine.kt
F_DEAD	UniversalBridgeEngine	releaseCapital	engine/UniversalBridgeEngine.kt
F_DEAD	UniversalRouteEngine	buildBuyRoute	engine/execution/UniversalRouteEngine.kt
F_DEAD	UniversalRouteEngine	isPumpFamilyMint	engine/execution/UniversalRouteEngine.kt
F_DEAD	UniversalRouteEngine	newBuyIntent	engine/execution/UniversalRouteEngine.kt
F_DEAD	UniversalSlLeaseRegistry6402	oldestLeaseAgeMs	engine/truth/UniversalSlLeaseRegistry6402.kt
F_DEAD	UniversalSlSentinel6504	noteDone	engine/truth/UniversalSlSentinel6504.kt
F_DEAD	UniversalSlSentinel6504	noteReset	engine/truth/UniversalSlSentinel6504.kt
F_DEAD	UniversalSlSentinel6504	noteStart	engine/truth/UniversalSlSentinel6504.kt
F_DEAD	UniverseHealthActivity	navBtn	ui/UniverseHealthActivity.kt
F_DEAD	V3Adapter	getLearningStore	v3/bridge/V3Adapter.kt
F_DEAD	V3Adapter	getOrchestrator	v3/bridge/V3Adapter.kt
F_DEAD	V3Adapter	processV3	v3/bridge/V3Adapter.kt
F_DEAD	V3Adapter	toLearningMetrics	v3/bridge/V3Adapter.kt
F_DEAD	V3Adapter	toOpsMetrics	v3/bridge/V3Adapter.kt
F_DEAD	V3Adapter	toWallet	v3/bridge/V3Adapter.kt
F_DEAD	V3Adapter	updateExposure	v3/bridge/V3Adapter.kt
F_DEAD	V3ConfidenceConfig	clearCustomOverrides	engine/V3ConfidenceConfig.kt
F_DEAD	V3ConfidenceConfig	getAllModes	engine/V3ConfidenceConfig.kt
F_DEAD	V3ConfidenceConfig	getModeDescription	engine/V3ConfidenceConfig.kt
F_DEAD	V3ConfidenceConfig	hasCustomOverrides	engine/V3ConfidenceConfig.kt
F_DEAD	V3ConfidenceConfig	setCustomOverrides	engine/V3ConfidenceConfig.kt
F_DEAD	V3ConfidenceConfig	setMode	engine/V3ConfidenceConfig.kt
F_DEAD	V3EngineManager	executeV3Trade	v3/V3EngineManager.kt
F_DEAD	V3EngineManager	getMode	v3/V3EngineManager.kt
F_DEAD	V3EngineManager	isSuccess	v3/V3EngineManager.kt
F_DEAD	V3EngineManager	notReady	v3/V3EngineManager.kt
F_DEAD	V3EngineManager	recordV3OutcomeVsFdg	v3/V3EngineManager.kt
F_DEAD	V3EngineManager	shadowOnly	v3/V3EngineManager.kt
F_DEAD	V3EngineManager	shouldExecute	v3/V3EngineManager.kt
F_DEAD	V3VerdictContract6622	detect6622	engine/truth/V3VerdictContract6622.kt
F_DEAD	V3VerdictContract6622	isFatal6622	engine/truth/V3VerdictContract6622.kt
F_DEAD	V3VerdictContract6622	parse6622	engine/truth/V3VerdictContract6622.kt
F_DEAD	V3VerdictContract6622	recordSpecialistOverride6622	engine/truth/V3VerdictContract6622.kt
F_DEAD	VoiceDiagnostics	cacheHitRate	engine/voice/VoiceDiagnostics.kt
F_DEAD	VoiceManager	getBackend	engine/VoiceManager.kt
F_DEAD	VoiceManager	setBackend	engine/VoiceManager.kt
F_DEAD	VoiceSfxLibrary	cacheDir	engine/voice/VoiceSfxLibrary.kt
F_DEAD	WalletActivity	applyWithdrawPct	ui/WalletActivity.kt
F_DEAD	WalletActivity	currentTreasury	ui/WalletActivity.kt
F_DEAD	WalletAssetClass6387	classifyFrozen	engine/truth/WalletAssetClassification6387.kt
F_DEAD	WalletAssetClass6387	countsAsFreeEntrySlot	engine/truth/WalletAssetClassification6387.kt
F_DEAD	WalletAssetClass6387	isDeletedMint	engine/truth/WalletAssetClassification6387.kt
F_DEAD	WalletAssetClass6387	isLearningEligible	engine/truth/WalletAssetClassification6387.kt
F_DEAD	WalletConnectionState	getCurrentRpcUrl	engine/WalletManager.kt
F_DEAD	WalletConnectionState	loadMultiChainWallet	engine/WalletManager.kt
F_DEAD	WalletPositionLock	getBreakdown	engine/WalletPositionLock.kt
F_DEAD	WalletPositionLock	getExposurePct	engine/WalletPositionLock.kt
F_DEAD	WalletPositionLock	getTotalDeployed	engine/WalletPositionLock.kt
F_DEAD	WalletReconciler	isHeldOrOpen	engine/WalletReconciler.kt
F_DEAD	WalletReconciler	knownMintContains	engine/WalletReconciler.kt
F_DEAD	WalletTokenMemory	getAllEntries	engine/WalletTokenMemory.kt
F_DEAD	WalletTokenMemory	isKnownOpenPosition	engine/WalletTokenMemory.kt
F_DEAD	WatchlistEngine	addCategoryToWatchlist	perps/WatchlistEngine.kt
F_DEAD	WatchlistEngine	isOnWatchlist	perps/WatchlistEngine.kt
F_DEAD	WatchlistEngine	setAlertCallback	perps/WatchlistEngine.kt
F_DEAD	WatchlistRebalanceThrottle6433	markMaterialChange	engine/truth/WatchlistRebalanceThrottle6433.kt
F_DEAD	WatchlistRebalanceThrottle6433	maybeRun	engine/truth/WatchlistRebalanceThrottle6433.kt
F_DEAD	WatchlistRebalanceThrottle6433	maybeRunInternal	engine/truth/WatchlistRebalanceThrottle6433.kt
F_DEAD	WatchlistTtlPolicy	dedupeByMint	engine/WatchlistTtlPolicy.kt
F_DEAD	WaveEntryQualityGate6382	evaluateForTests	engine/WaveEntryQualityGate6382.kt
F_DEAD	WhaleDetector	clearToken	engine/WhaleDetector.kt
F_DEAD	WhaleWalletTracker	getRecentMovements	engine/WhaleWalletTracker.kt
F_DEAD	WhaleWalletTracker	getWatchedWhaleMovements	engine/WhaleWalletTracker.kt
F_DEAD	WhaleWalletTracker	getWatchedWhales	engine/WhaleWalletTracker.kt
F_DEAD	WhaleWalletTracker	recordFollowOutcome	engine/WhaleWalletTracker.kt
F_DEAD	WhaleWalletTracker	setOnMovementCallback	engine/WhaleWalletTracker.kt
F_DEAD	WhaleWalletTracker	unwatchWhale	engine/WhaleWalletTracker.kt
F_DEAD	WhaleWalletTracker	watchWhale	engine/WhaleWalletTracker.kt
F_DEAD	WorkerPoolDomainRegistry6411	canDegradedEntry	engine/truth/WorkerPoolDomainRegistry6411.kt
F_DEAD	WorkerPoolDomainRegistry6411	markDisabled	engine/truth/WorkerPoolDomainRegistry6411.kt
F_DEAD	WorkerPoolDomainRegistry6411	markHealthy	engine/truth/WorkerPoolDomainRegistry6411.kt
F_DEAD	XScraper	checkSolanaAccounts	network/XScraper.kt
