row	owner	function	file	disposition	basis
1	AIStartupCoordinator	isInitialized	v3/core/AIStartupCoordinator.kt	READBACK_PREDICATE_ADVISORY	State/readback/predicate/advisory surface; no independent authority implied by zero callers.
2	AITrustNetworkAI	trustWeight	v3/scoring/AITrustNetworkAI.kt	STRATEGY_INTERNAL_ZERO_CALLER	Strategy/perps internal zero-caller declaration; owning subsystem remains authoritative, direct wiring requires distinct non-duplicate evidence.
3	AITrustNetworkAI	weightedValue	v3/scoring/AITrustNetworkAI.kt	STRATEGY_INTERNAL_ZERO_CALLER	Strategy/perps internal zero-caller declaration; owning subsystem remains authoritative, direct wiring requires distinct non-duplicate evidence.
4	AateComponents6994	actionButton	ui/AateComponents6994.kt	PRODUCT_UI_VOICE_DEAD	Product/UI/voice surface; zero-caller does not imply trading wiring.
5	AateComponents6994	engineCaption	ui/AateComponents6994.kt	PRODUCT_UI_VOICE_DEAD	Product/UI/voice surface; zero-caller does not imply trading wiring.
6	AateComponents6994	moduleTile	ui/AateComponents6994.kt	PRODUCT_UI_VOICE_DEAD	Product/UI/voice surface; zero-caller does not imply trading wiring.
7	AateComponents6994	segmentMeter	ui/AateComponents6994.kt	PRODUCT_UI_VOICE_DEAD	Product/UI/voice surface; zero-caller does not imply trading wiring.
8	AateComponents6994	segmented	ui/AateComponents6994.kt	PRODUCT_UI_VOICE_DEAD	Product/UI/voice surface; zero-caller does not imply trading wiring.
9	AateComponents6994	tokenAvatar	ui/AateComponents6994.kt	PRODUCT_UI_VOICE_DEAD	Product/UI/voice surface; zero-caller does not imply trading wiring.
10	AateComponents6994	topBar	ui/AateComponents6994.kt	PRODUCT_UI_VOICE_DEAD	Product/UI/voice surface; zero-caller does not imply trading wiring.
11	AateLoopAnim7027	onRepeat	ui/AateLoopAnim7027.kt	PRODUCT_UI_VOICE_DEAD	Product/UI/voice surface; zero-caller does not imply trading wiring.
12	AdaptiveFloorBrain6397	activeAdvisories	engine/truth/AdaptiveFloorBrain6397.kt	TRUTH_INTERNAL_ZERO_CALLER	Canonical truth-layer zero-caller internal/compatibility declaration; retain unwired or delete, never fabricate a parallel caller.
13	AdaptiveFloorBrain6397	laneStat	engine/truth/AdaptiveFloorBrain6397.kt	TRUTH_INTERNAL_ZERO_CALLER	Canonical truth-layer zero-caller internal/compatibility declaration; retain unwired or delete, never fabricate a parallel caller.
14	AdaptiveFloorBrain6397	scannerHeat	engine/truth/AdaptiveFloorBrain6397.kt	TRUTH_INTERNAL_ZERO_CALLER	Canonical truth-layer zero-caller internal/compatibility declaration; retain unwired or delete, never fabricate a parallel caller.
15	AdaptiveLaneReproof6684	proofPasses	engine/AdaptiveLaneReproof6684.kt	LEGACY_ZERO_CALLER_DO_NOT_AUTOWIRE	No production caller found in static ledger; classify as legacy/internal dead declaration pending deletion or explicit redesign, not arbitrary wiring.
16	AdaptiveVetoConsensusAuthority6728	resetForTest6728	engine/truth/AdaptiveVetoConsensusAuthority6728.kt	TEST_HOOK_ONLY	Explicit test/reset/probe hook; never production-wire to satisfy static analysis.
17	AdvancedExitManager	calculateTimePressure	v3/scoring/AdvancedExitManager.kt	STRATEGY_INTERNAL_ZERO_CALLER	Strategy/perps internal zero-caller declaration; owning subsystem remains authoritative, direct wiring requires distinct non-duplicate evidence.
18	AdvancedExitManager	shouldCutLoss	v3/scoring/AdvancedExitManager.kt	READBACK_PREDICATE_ADVISORY	State/readback/predicate/advisory surface; no independent authority implied by zero callers.
19	AntiChokeManager	currentLevel	engine/AntiChokeManager.kt	READBACK_PREDICATE_ADVISORY	State/readback/predicate/advisory surface; no independent authority implied by zero callers.
20	AntiRewardHackingGuard6439	currentHigh	engine/truth/AntiRewardHackingGuard6439.kt	READBACK_PREDICATE_ADVISORY	State/readback/predicate/advisory surface; no independent authority implied by zero callers.
21	ArbCoordinator	evaluateWithPreference	v3/arb/ArbCoordinator.kt	STRATEGY_INTERNAL_ZERO_CALLER	Strategy/perps internal zero-caller declaration; owning subsystem remains authoritative, direct wiring requires distinct non-duplicate evidence.
22	ArbCoordinator	hasOpportunity	v3/arb/ArbCoordinator.kt	READBACK_PREDICATE_ADVISORY	State/readback/predicate/advisory surface; no independent authority implied by zero callers.
23	ArbLearning	getTypeStats	v3/arb/ArbLearning.kt	READBACK_PREDICATE_ADVISORY	State/readback/predicate/advisory surface; no independent authority implied by zero callers.
24	AssetClass	dispatch	engine/CanonicalLearning.kt	LEGACY_ZERO_CALLER_DO_NOT_AUTOWIRE	No production caller found in static ledger; classify as legacy/internal dead declaration pending deletion or explicit redesign, not arbitrary wiring.
25	AssetClass	isRealLearningSize	engine/CanonicalLearning.kt	READBACK_PREDICATE_ADVISORY	State/readback/predicate/advisory surface; no independent authority implied by zero callers.
26	AssetClass	neutralVote	engine/CanonicalLearning.kt	LEGACY_ZERO_CALLER_DO_NOT_AUTOWIRE	No production caller found in static ledger; classify as legacy/internal dead declaration pending deletion or explicit redesign, not arbitrary wiring.
27	AssetClass	normalizeAssetClass	engine/CanonicalLearning.kt	LEGACY_ZERO_CALLER_DO_NOT_AUTOWIRE	No production caller found in static ledger; classify as legacy/internal dead declaration pending deletion or explicit redesign, not arbitrary wiring.
28	AssetClass	normalizeOutcomeBeforeLearning	engine/CanonicalLearning.kt	LEGACY_ZERO_CALLER_DO_NOT_AUTOWIRE	No production caller found in static ledger; classify as legacy/internal dead declaration pending deletion or explicit redesign, not arbitrary wiring.
29	AssetClass	readinessOf	engine/CanonicalLearning.kt	LEGACY_ZERO_CALLER_DO_NOT_AUTOWIRE	No production caller found in static ledger; classify as legacy/internal dead declaration pending deletion or explicit redesign, not arbitrary wiring.
30	AssetClass	recordEducation	engine/CanonicalLearning.kt	LEGACY_ZERO_CALLER_DO_NOT_AUTOWIRE	No production caller found in static ledger; classify as legacy/internal dead declaration pending deletion or explicit redesign, not arbitrary wiring.
31	AsyncStrategyLab	requestBackgroundProviderHypothesis	engine/AsyncStrategyLab.kt	LAB_BACKTEST_BACKGROUND	Lab/backtest/research surface; promotion requires a separate canonical transfer contract.
32	AuthorityInvariants6399	assertNotDenylistedInLivePath	engine/truth/AuthorityInvariants6399.kt	TRUTH_INTERNAL_ZERO_CALLER	Canonical truth-layer zero-caller internal/compatibility declaration; retain unwired or delete, never fabricate a parallel caller.
33	AuthorityInvariants6399	assertNotShadowInLivePath	engine/truth/AuthorityInvariants6399.kt	TRUTH_INTERNAL_ZERO_CALLER	Canonical truth-layer zero-caller internal/compatibility declaration; retain unwired or delete, never fabricate a parallel caller.
34	AutoCompoundEngine	dailyRebalance	engine/AutoCompoundEngine.kt	READBACK_PREDICATE_ADVISORY	State/readback/predicate/advisory surface; no independent authority implied by zero callers.
35	AutoCompoundEngine	withdrawFromPool	engine/AutoCompoundEngine.kt	LEGACY_ZERO_CALLER_DO_NOT_AUTOWIRE	No production caller found in static ledger; classify as legacy/internal dead declaration pending deletion or explicit redesign, not arbitrary wiring.
36	AutoEndpointMigrator	clearMigration	engine/AutoEndpointMigrator.kt	EXPLICIT_CONTROL_MAINTENANCE	Explicit mutator/recovery/config/maintenance API; do not auto-call from trading hot path.
37	AutoEndpointMigrator	forceMigrate	engine/AutoEndpointMigrator.kt	EXPLICIT_CONTROL_MAINTENANCE	Explicit mutator/recovery/config/maintenance API; do not auto-call from trading hot path.
38	AutoModeEngine	clearCopy	engine/AutoModeEngine.kt	EXPLICIT_CONTROL_MAINTENANCE	Explicit mutator/recovery/config/maintenance API; do not auto-call from trading hot path.
39	AutoPipelineAdvisor6462	neutral6898	engine/truth/AutoPipelineAdvisor6462.kt	TRUTH_INTERNAL_ZERO_CALLER	Canonical truth-layer zero-caller internal/compatibility declaration; retain unwired or delete, never fabricate a parallel caller.
40	AutoPipelineAdvisor6462	voteFor	engine/truth/AutoPipelineAdvisor6462.kt	TRUTH_INTERNAL_ZERO_CALLER	Canonical truth-layer zero-caller internal/compatibility declaration; retain unwired or delete, never fabricate a parallel caller.
41	BackgroundTradingAuthority6469	currentJobId	engine/truth/BackgroundTradingAuthority6469.kt	READBACK_PREDICATE_ADVISORY	State/readback/predicate/advisory surface; no independent authority implied by zero callers.
42	BackgroundTradingAuthority6469	jobReplacements	engine/truth/BackgroundTradingAuthority6469.kt	TRUTH_INTERNAL_ZERO_CALLER	Canonical truth-layer zero-caller internal/compatibility declaration; retain unwired or delete, never fabricate a parallel caller.
43	BackgroundTradingAuthority6469	screenOffTicks	engine/truth/BackgroundTradingAuthority6469.kt	TRUTH_INTERNAL_ZERO_CALLER	Canonical truth-layer zero-caller internal/compatibility declaration; retain unwired or delete, never fabricate a parallel caller.
44	BackgroundTradingAuthority6469	uiAbsentTicks	engine/truth/BackgroundTradingAuthority6469.kt	TRUTH_INTERNAL_ZERO_CALLER	Canonical truth-layer zero-caller internal/compatibility declaration; retain unwired or delete, never fabricate a parallel caller.
45	BacktestEngine	assetClassBreakdown	backtest/BacktestEngine.kt	LAB_BACKTEST_BACKGROUND	Lab/backtest/research surface; promotion requires a separate canonical transfer contract.
46	BacktestEngine	compareStrategies	backtest/BacktestEngine.kt	LAB_BACKTEST_BACKGROUND	Lab/backtest/research surface; promotion requires a separate canonical transfer contract.
47	BacktestEngine	runAndLog	backtest/BacktestEngine.kt	LAB_BACKTEST_BACKGROUND	Lab/backtest/research surface; promotion requires a separate canonical transfer contract.
48	BalanceProofWaitState	getWaiting	engine/sell/BalanceProofWaitState.kt	READBACK_PREDICATE_ADVISORY	State/readback/predicate/advisory surface; no independent authority implied by zero callers.
49	BalanceProofWaitState	totalMergeCount	engine/sell/BalanceProofWaitState.kt	READBACK_PREDICATE_ADVISORY	State/readback/predicate/advisory surface; no independent authority implied by zero callers.
50	BannedTokens	getBanTimestamp	engine/BannedTokens.kt	READBACK_PREDICATE_ADVISORY	State/readback/predicate/advisory surface; no independent authority implied by zero callers.
51	BannedTokens	getBannedList	engine/BannedTokens.kt	READBACK_PREDICATE_ADVISORY	State/readback/predicate/advisory surface; no independent authority implied by zero callers.
52	BannedTokens	getDetailedBannedList	engine/BannedTokens.kt	READBACK_PREDICATE_ADVISORY	State/readback/predicate/advisory surface; no independent authority implied by zero callers.
53	BannedTokens	getReason	engine/BannedTokens.kt	READBACK_PREDICATE_ADVISORY	State/readback/predicate/advisory surface; no independent authority implied by zero callers.
54	BannedTokens	reload	engine/BannedTokens.kt	EXPLICIT_CONTROL_MAINTENANCE	Explicit mutator/recovery/config/maintenance API; do not auto-call from trading hot path.
55	BehaviorAI	getAggressionName	v3/scoring/BehaviorAI.kt	READBACK_PREDICATE_ADVISORY	State/readback/predicate/advisory surface; no independent authority implied by zero callers.
56	BehaviorLearning	getBroadSignature	engine/BehaviorLearning.kt	READBACK_PREDICATE_ADVISORY	State/readback/predicate/advisory surface; no independent authority implied by zero callers.
57	BehaviorLearning	getFineSignature	engine/BehaviorLearning.kt	READBACK_PREDICATE_ADVISORY	State/readback/predicate/advisory surface; no independent authority implied by zero callers.
58	BehaviorLearning	getRichSignature	engine/BehaviorLearning.kt	READBACK_PREDICATE_ADVISORY	State/readback/predicate/advisory surface; no independent authority implied by zero callers.
59	BehaviorLearning	getSignature	engine/BehaviorLearning.kt	READBACK_PREDICATE_ADVISORY	State/readback/predicate/advisory surface; no independent authority implied by zero callers.
60	BehaviorLearning	getWinLossCount	engine/BehaviorLearning.kt	READBACK_PREDICATE_ADVISORY	State/readback/predicate/advisory surface; no independent authority implied by zero callers.
61	BirdeyeApi	getAllTimeStats	network/BirdeyeApi.kt	BACKGROUND_IO_PROVIDER_HELPER	Network/database/provider surface; keep bounded/background or behind provider authority.
62	BirdeyeApi	getTokenPrice	network/BirdeyeApi.kt	BACKGROUND_IO_PROVIDER_HELPER	Network/database/provider surface; keep bounded/background or behind provider authority.
63	BirdeyeApi	getTokenSecurity	network/BirdeyeApi.kt	BACKGROUND_IO_PROVIDER_HELPER	Network/database/provider surface; keep bounded/background or behind provider authority.
64	BirdeyeApi	getTraderGainersLosers	network/BirdeyeApi.kt	BACKGROUND_IO_PROVIDER_HELPER	Network/database/provider surface; keep bounded/background or behind provider authority.
65	BirdeyeBudgetGate	isLockedDown	engine/BirdeyeBudgetGate.kt	READBACK_PREDICATE_ADVISORY	State/readback/predicate/advisory surface; no independent authority implied by zero callers.
66	BirdeyeBudgetGate	setDailyCap	engine/BirdeyeBudgetGate.kt	EXPLICIT_CONTROL_MAINTENANCE	Explicit mutator/recovery/config/maintenance API; do not auto-call from trading hot path.
67	BirdeyeCreationInfoProvider	isFreshDeploy	engine/BirdeyeCreationInfoProvider.kt	READBACK_PREDICATE_ADVISORY	State/readback/predicate/advisory surface; no independent authority implied by zero callers.
68	BirdeyeCreationInfoProvider	isYoungToken	engine/BirdeyeCreationInfoProvider.kt	READBACK_PREDICATE_ADVISORY	State/readback/predicate/advisory surface; no independent authority implied by zero callers.
69	BirdeyeWhaleFeeder	isKnownWhale	engine/BirdeyeWhaleFeeder.kt	READBACK_PREDICATE_ADVISORY	State/readback/predicate/advisory surface; no independent authority implied by zero callers.
70	BleederLaneProbation6747	isOnProbation	engine/truth/BleederLaneProbation6747.kt	READBACK_PREDICATE_ADVISORY	State/readback/predicate/advisory surface; no independent authority implied by zero callers.
71	BleederMemoryRouter	shouldPivot	engine/BleederMemoryRouter.kt	READBACK_PREDICATE_ADVISORY	State/readback/predicate/advisory surface; no independent authority implied by zero callers.
72	BootstrapAdaptiveEngine	getMultiplier	v3/scoring/BootstrapAdaptiveEngine.kt	READBACK_PREDICATE_ADVISORY	State/readback/predicate/advisory surface; no independent authority implied by zero callers.
73	BotBrain	decayBucket	engine/BotBrain.kt	LEGACY_ZERO_CALLER_DO_NOT_AUTOWIRE	No production caller found in static ledger; classify as legacy/internal dead declaration pending deletion or explicit redesign, not arbitrary wiring.
74	BotBrain	isRecentRegimeFavorable	engine/BotBrain.kt	READBACK_PREDICATE_ADVISORY	State/readback/predicate/advisory surface; no independent authority implied by zero callers.
75	BotBrain	loadMemoryFromPrefs	engine/BotBrain.kt	LEGACY_ZERO_CALLER_DO_NOT_AUTOWIRE	No production caller found in static ledger; classify as legacy/internal dead declaration pending deletion or explicit redesign, not arbitrary wiring.
76	BotBrain	recordToMemory	engine/BotBrain.kt	LEGACY_ZERO_CALLER_DO_NOT_AUTOWIRE	No production caller found in static ledger; classify as legacy/internal dead declaration pending deletion or explicit redesign, not arbitrary wiring.
77	BotBrain	regimeSizeMultiplier	engine/BotBrain.kt	READBACK_PREDICATE_ADVISORY	State/readback/predicate/advisory surface; no independent authority implied by zero callers.
78	BotBrain	saveMemoryToPrefs	engine/BotBrain.kt	LEGACY_ZERO_CALLER_DO_NOT_AUTOWIRE	No production caller found in static ledger; classify as legacy/internal dead declaration pending deletion or explicit redesign, not arbitrary wiring.
79	BotBrain	updateRegime	engine/BotBrain.kt	LEGACY_ZERO_CALLER_DO_NOT_AUTOWIRE	No production caller found in static ledger; classify as legacy/internal dead declaration pending deletion or explicit redesign, not arbitrary wiring.
80	BotLoopStageTiming6402	emitCycleDone	engine/truth/BotLoopStageTiming6402.kt	TRUTH_INTERNAL_ZERO_CALLER	Canonical truth-layer zero-caller internal/compatibility declaration; retain unwired or delete, never fabricate a parallel caller.
81	BotLoopStageTiming6402	emitDone	engine/truth/BotLoopStageTiming6402.kt	TRUTH_INTERNAL_ZERO_CALLER	Canonical truth-layer zero-caller internal/compatibility declaration; retain unwired or delete, never fabricate a parallel caller.
82	BotLoopStageTiming6402	emitStart	engine/truth/BotLoopStageTiming6402.kt	TRUTH_INTERNAL_ZERO_CALLER	Canonical truth-layer zero-caller internal/compatibility declaration; retain unwired or delete, never fabricate a parallel caller.
83	BotLoopStageTiming6402	newCycleId	engine/truth/BotLoopStageTiming6402.kt	TRUTH_INTERNAL_ZERO_CALLER	Canonical truth-layer zero-caller internal/compatibility declaration; retain unwired or delete, never fabricate a parallel caller.
84	BrainMultiplierFloor6363	bypassCount	engine/BrainMultiplierFloor6363.kt	READBACK_PREDICATE_ADVISORY	State/readback/predicate/advisory surface; no independent authority implied by zero callers.
85	BrainMultiplierFloor6363	liftCount	engine/BrainMultiplierFloor6363.kt	READBACK_PREDICATE_ADVISORY	State/readback/predicate/advisory surface; no independent authority implied by zero callers.
86	BrainNetworkView	botTradingHot	ui/BrainNetworkView.kt	PRODUCT_UI_VOICE_DEAD	Product/UI/voice surface; zero-caller does not imply trading wiring.
87	BrainNetworkView	engineColor	ui/BrainNetworkView.kt	PRODUCT_UI_VOICE_DEAD	Product/UI/voice surface; zero-caller does not imply trading wiring.
88	BrainNetworkView	getActiveLayerCount	ui/BrainNetworkView.kt	PRODUCT_UI_VOICE_DEAD	Product/UI/voice surface; zero-caller does not imply trading wiring.
89	BrainNetworkView	getDormantLayerCount	ui/BrainNetworkView.kt	PRODUCT_UI_VOICE_DEAD	Product/UI/voice surface; zero-caller does not imply trading wiring.
90	BundleDetector	getCacheStats	engine/BundleDetector.kt	READBACK_PREDICATE_ADVISORY	State/readback/predicate/advisory surface; no independent authority implied by zero callers.
91	BuyResult6621	byAttempt6621	engine/truth/BuyResult6621.kt	TRUTH_INTERNAL_ZERO_CALLER	Canonical truth-layer zero-caller internal/compatibility declaration; retain unwired or delete, never fabricate a parallel caller.
92	BuyResult6621	entryLane6621	engine/truth/BuyResult6621.kt	TRUTH_INTERNAL_ZERO_CALLER	Canonical truth-layer zero-caller internal/compatibility declaration; retain unwired or delete, never fabricate a parallel caller.
93	BuyResult6621	record6621	engine/truth/BuyResult6621.kt	TRUTH_INTERNAL_ZERO_CALLER	Canonical truth-layer zero-caller internal/compatibility declaration; retain unwired or delete, never fabricate a parallel caller.
94	CanaryReleaseGate6386	canAcceptBuy	engine/truth/CanaryReleaseGate6386.kt	READBACK_PREDICATE_ADVISORY	State/readback/predicate/advisory surface; no independent authority implied by zero callers.
95	CanaryReleaseGate6386	onCanaryBuyAccepted	engine/truth/CanaryReleaseGate6386.kt	TRUTH_INTERNAL_ZERO_CALLER	Canonical truth-layer zero-caller internal/compatibility declaration; retain unwired or delete, never fabricate a parallel caller.
96	CanaryReleaseGate6386	onCleanRoundTrip	engine/truth/CanaryReleaseGate6386.kt	TRUTH_INTERNAL_ZERO_CALLER	Canonical truth-layer zero-caller internal/compatibility declaration; retain unwired or delete, never fabricate a parallel caller.
97	CanaryReleaseGate6386	promoteToCanary	engine/truth/CanaryReleaseGate6386.kt	TRUTH_INTERNAL_ZERO_CALLER	Canonical truth-layer zero-caller internal/compatibility declaration; retain unwired or delete, never fabricate a parallel caller.
98	CanaryReleaseGate6386	resetAllForTest	engine/truth/CanaryReleaseGate6386.kt	TEST_HOOK_ONLY	Explicit test/reset/probe hook; never production-wire to satisfy static analysis.
99	CandidateAccumulator6430	topProviderConfluence	engine/truth/CandidateAccumulator6430.kt	TRUTH_INTERNAL_ZERO_CALLER	Canonical truth-layer zero-caller internal/compatibility declaration; retain unwired or delete, never fabricate a parallel caller.
100	CanonicalAssetEntryCandidate6551	markDeferred	engine/truth/CanonicalAssetEntryContract6551.kt	EXPLICIT_CONTROL_MAINTENANCE	Explicit mutator/recovery/config/maintenance API; do not auto-call from trading hot path.
101	CanonicalCapitalAuthority6450	installMarkProvider	engine/truth/CanonicalCapitalAuthority6450.kt	EXPLICIT_CONTROL_MAINTENANCE	Explicit mutator/recovery/config/maintenance API; do not auto-call from trading hot path.
102	CanonicalCapitalAuthority6450	installMarkQuoteProvider7060	engine/truth/CanonicalCapitalAuthority6450.kt	EXPLICIT_CONTROL_MAINTENANCE	Explicit mutator/recovery/config/maintenance API; do not auto-call from trading hot path.
103	CanonicalCloseAuthority	acceptDustRemaining	engine/sell/CanonicalCloseAuthority.kt	LEGACY_ZERO_CALLER_DO_NOT_AUTOWIRE	No production caller found in static ledger; classify as legacy/internal dead declaration pending deletion or explicit redesign, not arbitrary wiring.
104	CanonicalCloseFinality6389	allocate	engine/truth/CanonicalSettlement6389.kt	TRUTH_INTERNAL_ZERO_CALLER	Canonical truth-layer zero-caller internal/compatibility declaration; retain unwired or delete, never fabricate a parallel caller.
105	CanonicalCloseFinality6389	auditCount	engine/truth/CanonicalSettlement6389.kt	READBACK_PREDICATE_ADVISORY	State/readback/predicate/advisory surface; no independent authority implied by zero callers.
106	CanonicalCloseFinality6389	buySolSpentUi	engine/truth/CanonicalSettlement6389.kt	TRUTH_INTERNAL_ZERO_CALLER	Canonical truth-layer zero-caller internal/compatibility declaration; retain unwired or delete, never fabricate a parallel caller.
107	CanonicalCloseFinality6389	currentRunId	engine/truth/CanonicalSettlement6389.kt	READBACK_PREDICATE_ADVISORY	State/readback/predicate/advisory surface; no independent authority implied by zero callers.
108	CanonicalCloseFinality6389	currentStartMs	engine/truth/CanonicalSettlement6389.kt	READBACK_PREDICATE_ADVISORY	State/readback/predicate/advisory surface; no independent authority implied by zero callers.
109	CanonicalCloseFinality6389	eligibleForFreshMetrics	engine/truth/CanonicalSettlement6389.kt	TRUTH_INTERNAL_ZERO_CALLER	Canonical truth-layer zero-caller internal/compatibility declaration; retain unwired or delete, never fabricate a parallel caller.
110	CanonicalCloseFinality6389	emitInvariantFail	engine/truth/CanonicalSettlement6389.kt	TRUTH_INTERNAL_ZERO_CALLER	Canonical truth-layer zero-caller internal/compatibility declaration; retain unwired or delete, never fabricate a parallel caller.
111	CanonicalCloseFinality6389	expectedPnlLamports	engine/truth/CanonicalSettlement6389.kt	READBACK_PREDICATE_ADVISORY	State/readback/predicate/advisory surface; no independent authority implied by zero callers.
112	CanonicalCloseFinality6389	isAmbiguous	engine/truth/CanonicalSettlement6389.kt	READBACK_PREDICATE_ADVISORY	State/readback/predicate/advisory surface; no independent authority implied by zero callers.
113	CanonicalCloseFinality6389	isForbiddenSource	engine/truth/CanonicalSettlement6389.kt	READBACK_PREDICATE_ADVISORY	State/readback/predicate/advisory surface; no independent authority implied by zero callers.
114	CanonicalCloseFinality6389	isLegalSource	engine/truth/CanonicalSettlement6389.kt	READBACK_PREDICATE_ADVISORY	State/readback/predicate/advisory surface; no independent authority implied by zero callers.
115	CanonicalCloseFinality6389	learningExcludedCount	engine/truth/CanonicalSettlement6389.kt	READBACK_PREDICATE_ADVISORY	State/readback/predicate/advisory surface; no independent authority implied by zero callers.
116	CanonicalCloseFinality6389	leaseInvariant	engine/truth/CanonicalSettlement6389.kt	TRUTH_INTERNAL_ZERO_CALLER	Canonical truth-layer zero-caller internal/compatibility declaration; retain unwired or delete, never fabricate a parallel caller.
117	CanonicalCloseFinality6389	realisedPnlSolUi	engine/truth/CanonicalSettlement6389.kt	READBACK_PREDICATE_ADVISORY	State/readback/predicate/advisory surface; no independent authority implied by zero callers.
118	CanonicalCloseFinality6389	recordMainThreadStall	engine/truth/CanonicalSettlement6389.kt	TRUTH_INTERNAL_ZERO_CALLER	Canonical truth-layer zero-caller internal/compatibility declaration; retain unwired or delete, never fabricate a parallel caller.
119	CanonicalCloseFinality6389	recordRepair	engine/truth/CanonicalSettlement6389.kt	TRUTH_INTERNAL_ZERO_CALLER	Canonical truth-layer zero-caller internal/compatibility declaration; retain unwired or delete, never fabricate a parallel caller.
120	CanonicalCloseFinality6389	recordSkewQuarantine	engine/truth/CanonicalSettlement6389.kt	TRUTH_INTERNAL_ZERO_CALLER	Canonical truth-layer zero-caller internal/compatibility declaration; retain unwired or delete, never fabricate a parallel caller.
121	CanonicalCloseFinality6389	registerOrUpdate	engine/truth/CanonicalSettlement6389.kt	EXPLICIT_CONTROL_MAINTENANCE	Explicit mutator/recovery/config/maintenance API; do not auto-call from trading hot path.
122	CanonicalCloseFinality6389	releaseSkewQuarantine	engine/truth/CanonicalSettlement6389.kt	EXPLICIT_CONTROL_MAINTENANCE	Explicit mutator/recovery/config/maintenance API; do not auto-call from trading hot path.
123	CanonicalCloseFinality6389	setForTest	engine/truth/CanonicalSettlement6389.kt	TEST_HOOK_ONLY	Explicit test/reset/probe hook; never production-wire to satisfy static analysis.
124	CanonicalCloseFinality6389	shouldInvalidate	engine/truth/CanonicalSettlement6389.kt	READBACK_PREDICATE_ADVISORY	State/readback/predicate/advisory surface; no independent authority implied by zero callers.
125	CanonicalCloseFinality6389	stallCountAbove700ms	engine/truth/CanonicalSettlement6389.kt	READBACK_PREDICATE_ADVISORY	State/readback/predicate/advisory surface; no independent authority implied by zero callers.
126	CanonicalCloseFinality6389	tryRelease	engine/truth/CanonicalSettlement6389.kt	TRUTH_INTERNAL_ZERO_CALLER	Canonical truth-layer zero-caller internal/compatibility declaration; retain unwired or delete, never fabricate a parallel caller.
127	CanonicalCloseFinality6389	uiAmount	engine/truth/CanonicalSettlement6389.kt	TRUTH_INTERNAL_ZERO_CALLER	Canonical truth-layer zero-caller internal/compatibility declaration; retain unwired or delete, never fabricate a parallel caller.
128	CanonicalCloseFinality6389	winsLosses	engine/truth/CanonicalSettlement6389.kt	TRUTH_INTERNAL_ZERO_CALLER	Canonical truth-layer zero-caller internal/compatibility declaration; retain unwired or delete, never fabricate a parallel caller.
129	CanonicalEconomicEvent6635	allCommitted	engine/truth/CanonicalEconomicEvent6635.kt	TRUTH_INTERNAL_ZERO_CALLER	Canonical truth-layer zero-caller internal/compatibility declaration; retain unwired or delete, never fabricate a parallel caller.
130	CanonicalEconomicEvent6635	anyCommitted	engine/truth/CanonicalEconomicEvent6635.kt	TRUTH_INTERNAL_ZERO_CALLER	Canonical truth-layer zero-caller internal/compatibility declaration; retain unwired or delete, never fabricate a parallel caller.
131	CanonicalEconomicEvent6635	clearPositionIndex	engine/truth/CanonicalEconomicEvent6635.kt	EXPLICIT_CONTROL_MAINTENANCE	Explicit mutator/recovery/config/maintenance API; do not auto-call from trading hot path.
132	CanonicalEconomicEvent6635	eventById	engine/truth/CanonicalEconomicEvent6635.kt	TRUTH_INTERNAL_ZERO_CALLER	Canonical truth-layer zero-caller internal/compatibility declaration; retain unwired or delete, never fabricate a parallel caller.
133	CanonicalEconomicEvent6635	eventsForCanonicalMint	engine/truth/CanonicalEconomicEvent6635.kt	TRUTH_INTERNAL_ZERO_CALLER	Canonical truth-layer zero-caller internal/compatibility declaration; retain unwired or delete, never fabricate a parallel caller.
134	CanonicalEconomicEvent6635	mintEventId	engine/truth/CanonicalEconomicEvent6635.kt	TRUTH_INTERNAL_ZERO_CALLER	Canonical truth-layer zero-caller internal/compatibility declaration; retain unwired or delete, never fabricate a parallel caller.
135	CanonicalEconomicEvent6635	openEventForPosition	engine/truth/CanonicalEconomicEvent6635.kt	TRUTH_INTERNAL_ZERO_CALLER	Canonical truth-layer zero-caller internal/compatibility declaration; retain unwired or delete, never fabricate a parallel caller.
136	CanonicalEntryAuthority6540	assetClassStats6567	engine/truth/CanonicalEntryAuthority6540.kt	READBACK_PREDICATE_ADVISORY	State/readback/predicate/advisory surface; no independent authority implied by zero callers.
137	CanonicalEntryAuthority6540	markAdapterDispatch	engine/truth/CanonicalEntryAuthority6540.kt	EXPLICIT_CONTROL_MAINTENANCE	Explicit mutator/recovery/config/maintenance API; do not auto-call from trading hot path.
138	CanonicalEntryAuthority6540	markOpenConfirmed	engine/truth/CanonicalEntryAuthority6540.kt	EXPLICIT_CONTROL_MAINTENANCE	Explicit mutator/recovery/config/maintenance API; do not auto-call from trading hot path.
139	CanonicalEntryPipeline6398	buildFloorEnvelope	engine/truth/CanonicalEntryPipeline6398.kt	TRUTH_INTERNAL_ZERO_CALLER	Canonical truth-layer zero-caller internal/compatibility declaration; retain unwired or delete, never fabricate a parallel caller.
140	CanonicalEntryPipeline6398	findTicketFor	engine/truth/CanonicalEntryPipeline6398.kt	TRUTH_INTERNAL_ZERO_CALLER	Canonical truth-layer zero-caller internal/compatibility declaration; retain unwired or delete, never fabricate a parallel caller.
141	CanonicalEntryPipeline6398	issueAndRegister	engine/truth/CanonicalEntryPipeline6398.kt	READBACK_PREDICATE_ADVISORY	State/readback/predicate/advisory surface; no independent authority implied by zero callers.
142	CanonicalEntryPipeline6398	mintTicket	engine/truth/CanonicalEntryPipeline6398.kt	TRUTH_INTERNAL_ZERO_CALLER	Canonical truth-layer zero-caller internal/compatibility declaration; retain unwired or delete, never fabricate a parallel caller.
143	CanonicalEntryPipeline6398	perfDeltaCap	engine/truth/CanonicalEntryPipeline6398.kt	TRUTH_INTERNAL_ZERO_CALLER	Canonical truth-layer zero-caller internal/compatibility declaration; retain unwired or delete, never fabricate a parallel caller.
144	CanonicalEntryPipeline6398	revokeTicketFor	engine/truth/CanonicalEntryPipeline6398.kt	TRUTH_INTERNAL_ZERO_CALLER	Canonical truth-layer zero-caller internal/compatibility declaration; retain unwired or delete, never fabricate a parallel caller.
145	CanonicalEntryPipeline6398	validateTicket	engine/truth/CanonicalEntryPipeline6398.kt	TRUTH_INTERNAL_ZERO_CALLER	Canonical truth-layer zero-caller internal/compatibility declaration; retain unwired or delete, never fabricate a parallel caller.
146	CanonicalExecutionReceipt6394	currentExecutionId	engine/truth/CanonicalExecutionTruth6394.kt	READBACK_PREDICATE_ADVISORY	State/readback/predicate/advisory surface; no independent authority implied by zero callers.
147	CanonicalExecutionReceipt6394	idempotencyKey	engine/truth/CanonicalExecutionTruth6394.kt	TRUTH_INTERNAL_ZERO_CALLER	Canonical truth-layer zero-caller internal/compatibility declaration; retain unwired or delete, never fabricate a parallel caller.
148	CanonicalExecutionReceipt6394	isConsumed	engine/truth/CanonicalExecutionTruth6394.kt	READBACK_PREDICATE_ADVISORY	State/readback/predicate/advisory surface; no independent authority implied by zero callers.
149	CanonicalExecutionReceipt6394	isTagged	engine/truth/CanonicalExecutionTruth6394.kt	READBACK_PREDICATE_ADVISORY	State/readback/predicate/advisory surface; no independent authority implied by zero callers.
150	CanonicalExecutionReceipt6394	leaseExpired	engine/truth/CanonicalExecutionTruth6394.kt	TRUTH_INTERNAL_ZERO_CALLER	Canonical truth-layer zero-caller internal/compatibility declaration; retain unwired or delete, never fabricate a parallel caller.
151	CanonicalExecutionReceipt6394	onWhaleBuy	engine/truth/CanonicalExecutionTruth6394.kt	TRUTH_INTERNAL_ZERO_CALLER	Canonical truth-layer zero-caller internal/compatibility declaration; retain unwired or delete, never fabricate a parallel caller.
152	CanonicalExecutionReceipt6394	retryDelayMs	engine/truth/CanonicalExecutionTruth6394.kt	TRUTH_INTERNAL_ZERO_CALLER	Canonical truth-layer zero-caller internal/compatibility declaration; retain unwired or delete, never fabricate a parallel caller.
153	CanonicalExecutionReceipt6394	totalAccrued	engine/truth/CanonicalExecutionTruth6394.kt	TRUTH_INTERNAL_ZERO_CALLER	Canonical truth-layer zero-caller internal/compatibility declaration; retain unwired or delete, never fabricate a parallel caller.
154	CanonicalExecutionReceipt6394	tryTransition	engine/truth/CanonicalExecutionTruth6394.kt	TRUTH_INTERNAL_ZERO_CALLER	Canonical truth-layer zero-caller internal/compatibility declaration; retain unwired or delete, never fabricate a parallel caller.
155	CanonicalFill6393	addProof	engine/truth/ForensicFinalityAndTuner6393.kt	TRUTH_INTERNAL_ZERO_CALLER	Canonical truth-layer zero-caller internal/compatibility declaration; retain unwired or delete, never fabricate a parallel caller.
156	CanonicalFill6393	buyFailed	engine/truth/ForensicFinalityAndTuner6393.kt	TRUTH_INTERNAL_ZERO_CALLER	Canonical truth-layer zero-caller internal/compatibility declaration; retain unwired or delete, never fabricate a parallel caller.
157	CanonicalFill6393	canonicalLearningEligible	engine/truth/ForensicFinalityAndTuner6393.kt	READBACK_PREDICATE_ADVISORY	State/readback/predicate/advisory surface; no independent authority implied by zero callers.
158	CanonicalFill6393	commitCanonicalClose	engine/truth/ForensicFinalityAndTuner6393.kt	TRUTH_INTERNAL_ZERO_CALLER	Canonical truth-layer zero-caller internal/compatibility declaration; retain unwired or delete, never fabricate a parallel caller.
159	CanonicalFill6393	computeUpdate	engine/truth/ForensicFinalityAndTuner6393.kt	TRUTH_INTERNAL_ZERO_CALLER	Canonical truth-layer zero-caller internal/compatibility declaration; retain unwired or delete, never fabricate a parallel caller.
160	CanonicalFill6393	countHeld	engine/truth/ForensicFinalityAndTuner6393.kt	READBACK_PREDICATE_ADVISORY	State/readback/predicate/advisory surface; no independent authority implied by zero callers.
161	CanonicalFill6393	countZero	engine/truth/ForensicFinalityAndTuner6393.kt	READBACK_PREDICATE_ADVISORY	State/readback/predicate/advisory surface; no independent authority implied by zero callers.
162	CanonicalFill6393	defaultLadder	engine/truth/ForensicFinalityAndTuner6393.kt	TRUTH_INTERNAL_ZERO_CALLER	Canonical truth-layer zero-caller internal/compatibility declaration; retain unwired or delete, never fabricate a parallel caller.
163	CanonicalFill6393	eligibleForGovernorInfluence	engine/truth/ForensicFinalityAndTuner6393.kt	TRUTH_INTERNAL_ZERO_CALLER	Canonical truth-layer zero-caller internal/compatibility declaration; retain unwired or delete, never fabricate a parallel caller.
164	CanonicalFill6393	eligibleForZeroClose	engine/truth/ForensicFinalityAndTuner6393.kt	TRUTH_INTERNAL_ZERO_CALLER	Canonical truth-layer zero-caller internal/compatibility declaration; retain unwired or delete, never fabricate a parallel caller.
165	CanonicalFill6393	isValidTransition	engine/truth/ForensicFinalityAndTuner6393.kt	READBACK_PREDICATE_ADVISORY	State/readback/predicate/advisory surface; no independent authority implied by zero callers.
166	CanonicalFill6393	isWalletBalanceAuthority	engine/truth/ForensicFinalityAndTuner6393.kt	READBACK_PREDICATE_ADVISORY	State/readback/predicate/advisory surface; no independent authority implied by zero callers.
167	CanonicalFill6393	neverMartingaleSize	engine/truth/ForensicFinalityAndTuner6393.kt	READBACK_PREDICATE_ADVISORY	State/readback/predicate/advisory surface; no independent authority implied by zero callers.
168	CanonicalFill6393	preauthAllow	engine/truth/ForensicFinalityAndTuner6393.kt	TRUTH_INTERNAL_ZERO_CALLER	Canonical truth-layer zero-caller internal/compatibility declaration; retain unwired or delete, never fabricate a parallel caller.
169	CanonicalFill6393	proofOf	engine/truth/ForensicFinalityAndTuner6393.kt	TRUTH_INTERNAL_ZERO_CALLER	Canonical truth-layer zero-caller internal/compatibility declaration; retain unwired or delete, never fabricate a parallel caller.
170	CanonicalFill6393	recordProof	engine/truth/ForensicFinalityAndTuner6393.kt	TRUTH_INTERNAL_ZERO_CALLER	Canonical truth-layer zero-caller internal/compatibility declaration; retain unwired or delete, never fabricate a parallel caller.
171	CanonicalFill6393	runnerFraction	engine/truth/ForensicFinalityAndTuner6393.kt	TRUTH_INTERNAL_ZERO_CALLER	Canonical truth-layer zero-caller internal/compatibility declaration; retain unwired or delete, never fabricate a parallel caller.
172	CanonicalFill6393	shouldRotate	engine/truth/ForensicFinalityAndTuner6393.kt	READBACK_PREDICATE_ADVISORY	State/readback/predicate/advisory surface; no independent authority implied by zero callers.
173	CanonicalFinalizedTradeBus6464	isExcluded	engine/truth/CanonicalFinalizedTradeBus6464.kt	READBACK_PREDICATE_ADVISORY	State/readback/predicate/advisory surface; no independent authority implied by zero callers.
174	CanonicalFinalizedTradeBus6464	parity	engine/truth/CanonicalFinalizedTradeBus6464.kt	TRUTH_INTERNAL_ZERO_CALLER	Canonical truth-layer zero-caller internal/compatibility declaration; retain unwired or delete, never fabricate a parallel caller.
175	CanonicalIdentityModel6464	getIdentity	engine/truth/CanonicalIdentityModel6464.kt	READBACK_PREDICATE_ADVISORY	State/readback/predicate/advisory surface; no independent authority implied by zero callers.
176	CanonicalInstanceIdentity6472	bumpEpoch	engine/truth/CanonicalInstanceIdentity6472.kt	TRUTH_INTERNAL_ZERO_CALLER	Canonical truth-layer zero-caller internal/compatibility declaration; retain unwired or delete, never fabricate a parallel caller.
177	CanonicalInstanceIdentity6472	instanceId	engine/truth/CanonicalInstanceIdentity6472.kt	TRUTH_INTERNAL_ZERO_CALLER	Canonical truth-layer zero-caller internal/compatibility declaration; retain unwired or delete, never fabricate a parallel caller.
178	CanonicalIntegrityGuards6449	clampToRemaining	engine/truth/CanonicalIntegrityGuards6449.kt	TRUTH_INTERNAL_ZERO_CALLER	Canonical truth-layer zero-caller internal/compatibility declaration; retain unwired or delete, never fabricate a parallel caller.
179	CanonicalIntegrityGuards6449	clampToRemainingStrict	engine/truth/CanonicalIntegrityGuards6449.kt	TRUTH_INTERNAL_ZERO_CALLER	Canonical truth-layer zero-caller internal/compatibility declaration; retain unwired or delete, never fabricate a parallel caller.
180	CanonicalLaneIdentity6506	aliasesForTest	engine/truth/CanonicalLaneIdentity6506.kt	TEST_HOOK_ONLY	Explicit test/reset/probe hook; never production-wire to satisfy static analysis.
181	CanonicalLaneIdentity6506	sameLane	engine/truth/CanonicalLaneIdentity6506.kt	TRUTH_INTERNAL_ZERO_CALLER	Canonical truth-layer zero-caller internal/compatibility declaration; retain unwired or delete, never fabricate a parallel caller.
182	CanonicalLedger6387	canonicalClosedIdsCurrentEpoch	engine/truth/CanonicalLedger6387.kt	READBACK_PREDICATE_ADVISORY	State/readback/predicate/advisory surface; no independent authority implied by zero callers.
183	CanonicalLedger6387	commitBuy	engine/truth/CanonicalLedger6387.kt	TRUTH_INTERNAL_ZERO_CALLER	Canonical truth-layer zero-caller internal/compatibility declaration; retain unwired or delete, never fabricate a parallel caller.
184	CanonicalLedger6387	findActive	engine/truth/CanonicalLedger6387.kt	TRUTH_INTERNAL_ZERO_CALLER	Canonical truth-layer zero-caller internal/compatibility declaration; retain unwired or delete, never fabricate a parallel caller.
185	CanonicalLedger6387	rollEpoch	engine/truth/CanonicalLedger6387.kt	TRUTH_INTERNAL_ZERO_CALLER	Canonical truth-layer zero-caller internal/compatibility declaration; retain unwired or delete, never fabricate a parallel caller.
186	CanonicalLedger6387	setClassification	engine/truth/CanonicalLedger6387.kt	EXPLICIT_CONTROL_MAINTENANCE	Explicit mutator/recovery/config/maintenance API; do not auto-call from trading hot path.
187	CanonicalLedgerParityHold6387	cleanCycleCount	engine/truth/SafetyHolds6387.kt	READBACK_PREDICATE_ADVISORY	State/readback/predicate/advisory surface; no independent authority implied by zero callers.
188	CanonicalMintOccupancyRegistry6464	markInFlightEntry	engine/truth/CanonicalMintOccupancyRegistry6464.kt	EXPLICIT_CONTROL_MAINTENANCE	Explicit mutator/recovery/config/maintenance API; do not auto-call from trading hot path.
189	CanonicalMintOccupancyRegistry6464	markPendingEntry	engine/truth/CanonicalMintOccupancyRegistry6464.kt	EXPLICIT_CONTROL_MAINTENANCE	Explicit mutator/recovery/config/maintenance API; do not auto-call from trading hot path.
190	CanonicalOutcomeClassifier6576	counts	engine/truth/CanonicalOutcomeClassifier6576.kt	READBACK_PREDICATE_ADVISORY	State/readback/predicate/advisory surface; no independent authority implied by zero callers.
191	CanonicalOutcomeClassifier6576	divergenceCount	engine/truth/CanonicalOutcomeClassifier6576.kt	READBACK_PREDICATE_ADVISORY	State/readback/predicate/advisory surface; no independent authority implied by zero callers.
192	CanonicalPaperPartialOperation6510	resetForTest6613	engine/truth/CanonicalPaperPartialOperation6510.kt	TEST_HOOK_ONLY	Explicit test/reset/probe hook; never production-wire to satisfy static analysis.
193	CanonicalPaperPartialOperation6510	tierState6613	engine/truth/CanonicalPaperPartialOperation6510.kt	READBACK_PREDICATE_ADVISORY	State/readback/predicate/advisory surface; no independent authority implied by zero callers.
194	CanonicalPaperTerminalBridge6469	emitCanonicalFanout	engine/truth/CanonicalPaperTerminalBridge6469.kt	TRUTH_INTERNAL_ZERO_CALLER	Canonical truth-layer zero-caller internal/compatibility declaration; retain unwired or delete, never fabricate a parallel caller.
195	CanonicalPaperTransaction6486	permitsLegacyQuantityRepair6736	engine/truth/CanonicalPaperTransaction6486.kt	TRUTH_INTERNAL_ZERO_CALLER	Canonical truth-layer zero-caller internal/compatibility declaration; retain unwired or delete, never fabricate a parallel caller.
196	CanonicalPaperTransaction6486	reconcileForensicBoundary6666	engine/truth/CanonicalPaperTransaction6486.kt	TRUTH_INTERNAL_ZERO_CALLER	Canonical truth-layer zero-caller internal/compatibility declaration; retain unwired or delete, never fabricate a parallel caller.
197	CanonicalPerformanceFilter6395	reasons	engine/truth/CanonicalPerformanceFilter6395.kt	TRUTH_INTERNAL_ZERO_CALLER	Canonical truth-layer zero-caller internal/compatibility declaration; retain unwired or delete, never fabricate a parallel caller.
198	CanonicalPositionAuthority6441	canAffordPaperBuy	engine/truth/CanonicalPositionAuthority6441.kt	READBACK_PREDICATE_ADVISORY	State/readback/predicate/advisory surface; no independent authority implied by zero callers.
199	CanonicalPositionAuthority6441	classifyLifecycles	engine/truth/CanonicalPositionAuthority6441.kt	TRUTH_INTERNAL_ZERO_CALLER	Canonical truth-layer zero-caller internal/compatibility declaration; retain unwired or delete, never fabricate a parallel caller.
200	CanonicalPositionAuthority6441	observeLiveCash	engine/truth/CanonicalPositionAuthority6441.kt	TRUTH_INTERNAL_ZERO_CALLER	Canonical truth-layer zero-caller internal/compatibility declaration; retain unwired or delete, never fabricate a parallel caller.
201	CanonicalPositionAuthority6441	openCountForValuation	engine/truth/CanonicalPositionAuthority6441.kt	READBACK_PREDICATE_ADVISORY	State/readback/predicate/advisory surface; no independent authority implied by zero callers.
202	CanonicalPositionAuthority6441	openPositionsForValuation	engine/truth/CanonicalPositionAuthority6441.kt	TRUTH_INTERNAL_ZERO_CALLER	Canonical truth-layer zero-caller internal/compatibility declaration; retain unwired or delete, never fabricate a parallel caller.
203	CanonicalPositionId6387	uniqueKey	engine/truth/CanonicalPosition6387.kt	TRUTH_INTERNAL_ZERO_CALLER	Canonical truth-layer zero-caller internal/compatibility declaration; retain unwired or delete, never fabricate a parallel caller.
204	CanonicalProfitMultiple6387	checkContradiction	engine/truth/CanonicalProfitMultiple6387.kt	TRUTH_INTERNAL_ZERO_CALLER	Canonical truth-layer zero-caller internal/compatibility declaration; retain unwired or delete, never fabricate a parallel caller.
205	CanonicalProfitMultiple6387	emitContradiction	engine/truth/CanonicalProfitMultiple6387.kt	TRUTH_INTERNAL_ZERO_CALLER	Canonical truth-layer zero-caller internal/compatibility declaration; retain unwired or delete, never fabricate a parallel caller.
206	CanonicalProfitMultiple6387	emitRejection	engine/truth/CanonicalProfitMultiple6387.kt	TRUTH_INTERNAL_ZERO_CALLER	Canonical truth-layer zero-caller internal/compatibility declaration; retain unwired or delete, never fabricate a parallel caller.
207	CanonicalProfitMultiple6387	requiredMinPct	engine/truth/CanonicalProfitMultiple6387.kt	TRUTH_INTERNAL_ZERO_CALLER	Canonical truth-layer zero-caller internal/compatibility declaration; retain unwired or delete, never fabricate a parallel caller.
208	CanonicalPublishHelper	ageBucketFromMs	engine/CanonicalPublishHelper.kt	READBACK_PREDICATE_ADVISORY	State/readback/predicate/advisory surface; no independent authority implied by zero callers.
209	CanonicalPublishHelper	liqBucketFromUsd	engine/CanonicalPublishHelper.kt	LEGACY_ZERO_CALLER_DO_NOT_AUTOWIRE	No production caller found in static ledger; classify as legacy/internal dead declaration pending deletion or explicit redesign, not arbitrary wiring.
210	CanonicalPublishHelper	mcapBucketFromUsd	engine/CanonicalPublishHelper.kt	LEGACY_ZERO_CALLER_DO_NOT_AUTOWIRE	No production caller found in static ledger; classify as legacy/internal dead declaration pending deletion or explicit redesign, not arbitrary wiring.
211	CanonicalRoundTripReconciler6738	observeAccountingDivergence	engine/truth/CanonicalRoundTripReconciler6738.kt	READBACK_PREDICATE_ADVISORY	State/readback/predicate/advisory surface; no independent authority implied by zero callers.
212	CanonicalRoundTripReconciler6738	resetForTest6738	engine/truth/CanonicalRoundTripReconciler6738.kt	TEST_HOOK_ONLY	Explicit test/reset/probe hook; never production-wire to satisfy static analysis.
213	CanonicalRoundTripReconciler6738	tripOf	engine/truth/CanonicalRoundTripReconciler6738.kt	TRUTH_INTERNAL_ZERO_CALLER	Canonical truth-layer zero-caller internal/compatibility declaration; retain unwired or delete, never fabricate a parallel caller.
214	CanonicalTokenAmount	priceSol	engine/truth/CanonicalTokenAmount6522.kt	TRUTH_INTERNAL_ZERO_CALLER	Canonical truth-layer zero-caller internal/compatibility declaration; retain unwired or delete, never fabricate a parallel caller.
215	CanonicalTokenAmount	rawRoundTrip	engine/truth/CanonicalTokenAmount6522.kt	TRUTH_INTERNAL_ZERO_CALLER	Canonical truth-layer zero-caller internal/compatibility declaration; retain unwired or delete, never fabricate a parallel caller.
216	CanonicalTokenAmount	valueSol	engine/truth/CanonicalTokenAmount6522.kt	TRUTH_INTERNAL_ZERO_CALLER	Canonical truth-layer zero-caller internal/compatibility declaration; retain unwired or delete, never fabricate a parallel caller.
217	CanonicalTokenMetricsSnapshot6725	isDyingToken	engine/truth/CanonicalTokenMetricsSnapshot6725.kt	READBACK_PREDICATE_ADVISORY	State/readback/predicate/advisory surface; no independent authority implied by zero callers.
218	CanonicalTokenMetricsSnapshot6725	isHealthyRunner	engine/truth/CanonicalTokenMetricsSnapshot6725.kt	READBACK_PREDICATE_ADVISORY	State/readback/predicate/advisory surface; no independent authority implied by zero callers.
219	CanonicalTradeFinalizedBus6450	economicInvalidReasonForTest6495	engine/truth/CanonicalTradeFinalizedBus6450.kt	TEST_HOOK_ONLY	Explicit test/reset/probe hook; never production-wire to satisfy static analysis.
220	CanonicalTradeStream6501	isEligible	engine/truth/CanonicalTradeStream6501.kt	READBACK_PREDICATE_ADVISORY	State/readback/predicate/advisory surface; no independent authority implied by zero callers.
221	CapitalConservationTracer6469	violationCount	engine/truth/CapitalConservationTracer6469.kt	READBACK_PREDICATE_ADVISORY	State/readback/predicate/advisory surface; no independent authority implied by zero callers.
222	CapitalPreservationCreed6439	finalizedVerdict6486	engine/truth/CapitalPreservationCreed6439.kt	TRUTH_INTERNAL_ZERO_CALLER	Canonical truth-layer zero-caller internal/compatibility declaration; retain unwired or delete, never fabricate a parallel caller.
223	CapitalPreservationCreed6439	isAlignedWithDailyTarget	engine/truth/CapitalPreservationCreed6439.kt	READBACK_PREDICATE_ADVISORY	State/readback/predicate/advisory surface; no independent authority implied by zero callers.
224	CashGenerationAI	getCurrentTreasuryBalance	v3/scoring/CashGenerationAI.kt	READBACK_PREDICATE_ADVISORY	State/readback/predicate/advisory surface; no independent authority implied by zero callers.
225	CatastrophicExitLatency	activeTraceCount	engine/CatastrophicExitLatency.kt	READBACK_PREDICATE_ADVISORY	State/readback/predicate/advisory surface; no independent authority implied by zero callers.
226	CatastrophicExitLatency	emittedTraceCount	engine/CatastrophicExitLatency.kt	READBACK_PREDICATE_ADVISORY	State/readback/predicate/advisory surface; no independent authority implied by zero callers.
227	CatastrophicExitLatency	onBroadcast	engine/CatastrophicExitLatency.kt	LEGACY_ZERO_CALLER_DO_NOT_AUTOWIRE	No production caller found in static ledger; classify as legacy/internal dead declaration pending deletion or explicit redesign, not arbitrary wiring.
228	CatastrophicExitLatency	onConfirmation	engine/CatastrophicExitLatency.kt	LEGACY_ZERO_CALLER_DO_NOT_AUTOWIRE	No production caller found in static ledger; classify as legacy/internal dead declaration pending deletion or explicit redesign, not arbitrary wiring.
229	CatastrophicExitLatency	onFinalisation	engine/CatastrophicExitLatency.kt	LEGACY_ZERO_CALLER_DO_NOT_AUTOWIRE	No production caller found in static ledger; classify as legacy/internal dead declaration pending deletion or explicit redesign, not arbitrary wiring.
230	CatastrophicExitLatency	onRouteReady	engine/CatastrophicExitLatency.kt	LEGACY_ZERO_CALLER_DO_NOT_AUTOWIRE	No production caller found in static ledger; classify as legacy/internal dead declaration pending deletion or explicit redesign, not arbitrary wiring.
231	CausalFeedbackAuthority6715	cohortLoserAdvisoryForBand	engine/truth/CausalFeedbackAuthority6715.kt	TRUTH_INTERNAL_ZERO_CALLER	Canonical truth-layer zero-caller internal/compatibility declaration; retain unwired or delete, never fabricate a parallel caller.
232	CircuitBreakerState	wipeBytes	engine/SecurityGuard.kt	LEGACY_ZERO_CALLER_DO_NOT_AUTOWIRE	No production caller found in static ledger; classify as legacy/internal dead declaration pending deletion or explicit redesign, not arbitrary wiring.
233	ClassificationProvenanceGuard6450	qualifyBluechip	engine/truth/ClassificationProvenanceGuard6450.kt	TRUTH_INTERNAL_ZERO_CALLER	Canonical truth-layer zero-caller internal/compatibility declaration; retain unwired or delete, never fabricate a parallel caller.
234	CloseLease	inBackoff	engine/sell/CloseLease.kt	LEGACY_ZERO_CALLER_DO_NOT_AUTOWIRE	No production caller found in static ledger; classify as legacy/internal dead declaration pending deletion or explicit redesign, not arbitrary wiring.
235	CloseLease	msUntilEligible	engine/sell/CloseLease.kt	LEGACY_ZERO_CALLER_DO_NOT_AUTOWIRE	No production caller found in static ledger; classify as legacy/internal dead declaration pending deletion or explicit redesign, not arbitrary wiring.
236	CloseLease	scheduleBackoff	engine/sell/CloseLease.kt	LEGACY_ZERO_CALLER_DO_NOT_AUTOWIRE	No production caller found in static ledger; classify as legacy/internal dead declaration pending deletion or explicit redesign, not arbitrary wiring.
237	CloseOutcomeLabelSanitizer	isDirtyForTraining	engine/CloseOutcomeLabelSanitizer.kt	LAB_BACKTEST_BACKGROUND	Lab/backtest/research surface; promotion requires a separate canonical transfer contract.
238	CloudLearningSync	blendWeights	engine/CloudLearningSync.kt	LEGACY_ZERO_CALLER_DO_NOT_AUTOWIRE	No production caller found in static ledger; classify as legacy/internal dead declaration pending deletion or explicit redesign, not arbitrary wiring.
239	CloudLearningSync	getCommunityStats	engine/CloudLearningSync.kt	READBACK_PREDICATE_ADVISORY	State/readback/predicate/advisory surface; no independent authority implied by zero callers.
240	CloudLearningSync	isOptedIn	engine/CloudLearningSync.kt	READBACK_PREDICATE_ADVISORY	State/readback/predicate/advisory surface; no independent authority implied by zero callers.
241	CloudLearningSync	isUsingCommunityWeights	engine/CloudLearningSync.kt	READBACK_PREDICATE_ADVISORY	State/readback/predicate/advisory surface; no independent authority implied by zero callers.
242	CloudLearningSync	setOptIn	engine/CloudLearningSync.kt	EXPLICIT_CONTROL_MAINTENANCE	Explicit mutator/recovery/config/maintenance API; do not auto-call from trading hot path.
243	CloudLearningSync	setUseCommunityWeights	engine/CloudLearningSync.kt	EXPLICIT_CONTROL_MAINTENANCE	Explicit mutator/recovery/config/maintenance API; do not auto-call from trading hot path.
244	CoachingCurriculum	activeLessons	engine/CoachingCurriculum.kt	LEGACY_ZERO_CALLER_DO_NOT_AUTOWIRE	No production caller found in static ledger; classify as legacy/internal dead declaration pending deletion or explicit redesign, not arbitrary wiring.
245	CognitiveAdvisoryBridge6398	postLlm	engine/truth/CognitiveAdvisoryBridge6398.kt	TRUTH_INTERNAL_ZERO_CALLER	Canonical truth-layer zero-caller internal/compatibility declaration; retain unwired or delete, never fabricate a parallel caller.
246	CognitiveAdvisoryBridge6398	postSsi	engine/truth/CognitiveAdvisoryBridge6398.kt	TRUTH_INTERNAL_ZERO_CALLER	Canonical truth-layer zero-caller internal/compatibility declaration; retain unwired or delete, never fabricate a parallel caller.
247	CognitiveAdvisoryBridge6398	postSuperAgi	engine/truth/CognitiveAdvisoryBridge6398.kt	TRUTH_INTERNAL_ZERO_CALLER	Canonical truth-layer zero-caller internal/compatibility declaration; retain unwired or delete, never fabricate a parallel caller.
248	CoinGeckoTrending	getTrending	network/CoinGeckoTrending.kt	BACKGROUND_IO_PROVIDER_HELPER	Network/database/provider surface; keep bounded/background or behind provider authority.
249	CoinGeckoTrending	getTrendingRank	network/CoinGeckoTrending.kt	BACKGROUND_IO_PROVIDER_HELPER	Network/database/provider surface; keep bounded/background or behind provider authority.
250	ColdStartPriors	coldStartLiquidityFloor	engine/ColdStartPriors.kt	LEGACY_ZERO_CALLER_DO_NOT_AUTOWIRE	No production caller found in static ledger; classify as legacy/internal dead declaration pending deletion or explicit redesign, not arbitrary wiring.
251	ColdStreakDamper	currentLossStreak	engine/runtime/ColdStreakDamper.kt	READBACK_PREDICATE_ADVISORY	State/readback/predicate/advisory surface; no independent authority implied by zero callers.
252	ColdStreakDamper	currentWinStreak	engine/runtime/ColdStreakDamper.kt	READBACK_PREDICATE_ADVISORY	State/readback/predicate/advisory surface; no independent authority implied by zero callers.
253	ColdStreakDamper	effectiveLossStreak6991	engine/runtime/ColdStreakDamper.kt	RUNTIME_QUANT_LEARNING_UTILITY	Runtime/quant/learning utility surface; no autonomous execution authority.
254	ColdStreakDamper	gateNormalEntry	engine/runtime/ColdStreakDamper.kt	RUNTIME_QUANT_LEARNING_UTILITY	Runtime/quant/learning utility surface; no autonomous execution authority.
255	ColdStreakDamper	recordCall	engine/runtime/ColdStreakDamper.kt	RUNTIME_QUANT_LEARNING_UTILITY	Runtime/quant/learning utility surface; no autonomous execution authority.
256	ColdStreakDamper	shouldCall	engine/runtime/ColdStreakDamper.kt	READBACK_PREDICATE_ADVISORY	State/readback/predicate/advisory surface; no independent authority implied by zero callers.
257	CollectiveAnalytics	clearForTesting	engine/CollectiveAnalytics.kt	TEST_HOOK_ONLY	Explicit test/reset/probe hook; never production-wire to satisfy static analysis.
258	CollectiveAnalytics	recordModeSyncUpload	engine/CollectiveAnalytics.kt	LEGACY_ZERO_CALLER_DO_NOT_AUTOWIRE	No production caller found in static ledger; classify as legacy/internal dead declaration pending deletion or explicit redesign, not arbitrary wiring.
259	CollectiveBrainActivity	setTradeCount	ui/CollectiveBrainActivity.kt	PRODUCT_UI_VOICE_DEAD	Product/UI/voice surface; zero-caller does not imply trading wiring.
260	CollectiveIntelligenceAI	aggregateModePerformance	v3/scoring/CollectiveIntelligenceAI.kt	STRATEGY_INTERNAL_ZERO_CALLER	Strategy/perps internal zero-caller declaration; owning subsystem remains authoritative, direct wiring requires distinct non-duplicate evidence.
261	CollectiveIntelligenceAI	getEndpointHealthRecords	v3/scoring/CollectiveIntelligenceAI.kt	READBACK_PREDICATE_ADVISORY	State/readback/predicate/advisory surface; no independent authority implied by zero callers.
262	CollectiveIntelligenceAI	getMintMemory	v3/scoring/CollectiveIntelligenceAI.kt	READBACK_PREDICATE_ADVISORY	State/readback/predicate/advisory surface; no independent authority implied by zero callers.
263	CollectiveLearning	downloadAll	collective/CollectiveLearning.kt	BACKGROUND_IO_PROVIDER_HELPER	Network/database/provider surface; keep bounded/background or behind provider authority.
264	CollectiveLearning	getActiveUsersCount	collective/CollectiveLearning.kt	BACKGROUND_IO_PROVIDER_HELPER	Network/database/provider surface; keep bounded/background or behind provider authority.
265	CollectiveLearning	getCollectiveTradeCount	collective/CollectiveLearning.kt	BACKGROUND_IO_PROVIDER_HELPER	Network/database/provider surface; keep bounded/background or behind provider authority.
266	CollectiveLearning	getLegalAgreementCount	collective/CollectiveLearning.kt	BACKGROUND_IO_PROVIDER_HELPER	Network/database/provider surface; keep bounded/background or behind provider authority.
267	CollectiveLearning	getWhaleEffectiveness	collective/CollectiveLearning.kt	BACKGROUND_IO_PROVIDER_HELPER	Network/database/provider surface; keep bounded/background or behind provider authority.
268	CollectiveLearning	lastSyncAgeMs6943	collective/CollectiveLearning.kt	BACKGROUND_IO_PROVIDER_HELPER	Network/database/provider surface; keep bounded/background or behind provider authority.
269	CollectiveLearning	uploadModePerformance	collective/CollectiveLearning.kt	BACKGROUND_IO_PROVIDER_HELPER	Network/database/provider surface; keep bounded/background or behind provider authority.
270	CommoditiesStrategy	seasonalBias	perps/strategy/CommoditiesStrategy.kt	STRATEGY_INTERNAL_ZERO_CALLER	Strategy/perps internal zero-caller declaration; owning subsystem remains authoritative, direct wiring requires distinct non-duplicate evidence.
271	CommonSenseTradePlaybook	allowShaped	engine/CommonSenseTradePlaybook.kt	LEGACY_ZERO_CALLER_DO_NOT_AUTOWIRE	No production caller found in static ledger; classify as legacy/internal dead declaration pending deletion or explicit redesign, not arbitrary wiring.
272	CommonSenseTradePlaybook	warmAsync	engine/CommonSenseTradePlaybook.kt	LEGACY_ZERO_CALLER_DO_NOT_AUTOWIRE	No production caller found in static ledger; classify as legacy/internal dead declaration pending deletion or explicit redesign, not arbitrary wiring.
273	CompoundGrowthMentality	agiBias	engine/CompoundGrowthMentality.kt	LEGACY_ZERO_CALLER_DO_NOT_AUTOWIRE	No production caller found in static ledger; classify as legacy/internal dead declaration pending deletion or explicit redesign, not arbitrary wiring.
274	ConfidenceBreakdown	getStarvationRelief	v3/decision/DecisionEngine.kt	READBACK_PREDICATE_ADVISORY	State/readback/predicate/advisory surface; no independent authority implied by zero callers.
275	ConfidenceBreakdown	recordExecute	v3/decision/DecisionEngine.kt	STRATEGY_INTERNAL_ZERO_CALLER	Strategy/perps internal zero-caller declaration; owning subsystem remains authoritative, direct wiring requires distinct non-duplicate evidence.
276	ConfidenceBreakdown	recordNonExecute	v3/decision/DecisionEngine.kt	STRATEGY_INTERNAL_ZERO_CALLER	Strategy/perps internal zero-caller declaration; owning subsystem remains authoritative, direct wiring requires distinct non-duplicate evidence.
277	ConservationInvariants6387	checkBasis	engine/truth/ConservationInvariants6387.kt	TRUTH_INTERNAL_ZERO_CALLER	Canonical truth-layer zero-caller internal/compatibility declaration; retain unwired or delete, never fabricate a parallel caller.
278	ConservationInvariants6387	checkQuantity	engine/truth/ConservationInvariants6387.kt	TRUTH_INTERNAL_ZERO_CALLER	Canonical truth-layer zero-caller internal/compatibility declaration; retain unwired or delete, never fabricate a parallel caller.
279	CopyTradeEngine	addWallet	engine/CopyTradeEngine.kt	LEGACY_ZERO_CALLER_DO_NOT_AUTOWIRE	No production caller found in static ledger; classify as legacy/internal dead declaration pending deletion or explicit redesign, not arbitrary wiring.
280	CopyTradeEngine	discoverTopWallets	engine/CopyTradeEngine.kt	LEGACY_ZERO_CALLER_DO_NOT_AUTOWIRE	No production caller found in static ledger; classify as legacy/internal dead declaration pending deletion or explicit redesign, not arbitrary wiring.
281	CorrelationScanner	analyzeCorrelationPair	perps/CorrelationScanner.kt	STRATEGY_INTERNAL_ZERO_CALLER	Strategy/perps internal zero-caller declaration; owning subsystem remains authoritative, direct wiring requires distinct non-duplicate evidence.
282	CorrelationScanner	calculateCorrelation	perps/CorrelationScanner.kt	STRATEGY_INTERNAL_ZERO_CALLER	Strategy/perps internal zero-caller declaration; owning subsystem remains authoritative, direct wiring requires distinct non-duplicate evidence.
283	CorrelationScanner	checkChinaCorrelation	perps/CorrelationScanner.kt	STRATEGY_INTERNAL_ZERO_CALLER	Strategy/perps internal zero-caller declaration; owning subsystem remains authoritative, direct wiring requires distinct non-duplicate evidence.
284	CorrelationScanner	checkGoldMinersCorrelation	perps/CorrelationScanner.kt	STRATEGY_INTERNAL_ZERO_CALLER	Strategy/perps internal zero-caller declaration; owning subsystem remains authoritative, direct wiring requires distinct non-duplicate evidence.
285	CorrelationScanner	checkSilverMinersCorrelation	perps/CorrelationScanner.kt	STRATEGY_INTERNAL_ZERO_CALLER	Strategy/perps internal zero-caller declaration; owning subsystem remains authoritative, direct wiring requires distinct non-duplicate evidence.
286	CorrelationScanner	getCorrelationStrength	perps/CorrelationScanner.kt	READBACK_PREDICATE_ADVISORY	State/readback/predicate/advisory surface; no independent authority implied by zero callers.
287	CorrelationScanner	getDataPointCounts	perps/CorrelationScanner.kt	READBACK_PREDICATE_ADVISORY	State/readback/predicate/advisory surface; no independent authority implied by zero callers.
288	CorrelationScanner	hasEnoughData	perps/CorrelationScanner.kt	READBACK_PREDICATE_ADVISORY	State/readback/predicate/advisory surface; no independent authority implied by zero callers.
289	CorrelationScanner	recordPrices	perps/CorrelationScanner.kt	STRATEGY_INTERNAL_ZERO_CALLER	Strategy/perps internal zero-caller declaration; owning subsystem remains authoritative, direct wiring requires distinct non-duplicate evidence.
290	CorrelationScanner	scanAllCorrelations	perps/CorrelationScanner.kt	STRATEGY_INTERNAL_ZERO_CALLER	Strategy/perps internal zero-caller declaration; owning subsystem remains authoritative, direct wiring requires distinct non-duplicate evidence.
291	CounterParityLedger6399	fdgCount	engine/truth/CounterParityLedger6399.kt	READBACK_PREDICATE_ADVISORY	State/readback/predicate/advisory surface; no independent authority implied by zero callers.
292	CounterParityLedger6399	fdgTotal	engine/truth/CounterParityLedger6399.kt	TRUTH_INTERNAL_ZERO_CALLER	Canonical truth-layer zero-caller internal/compatibility declaration; retain unwired or delete, never fabricate a parallel caller.
293	CounterfactualReplayEngine	bestMissedAlternatives	engine/CounterfactualReplayEngine.kt	LEGACY_ZERO_CALLER_DO_NOT_AUTOWIRE	No production caller found in static ledger; classify as legacy/internal dead declaration pending deletion or explicit redesign, not arbitrary wiring.
294	CrossAssetUniverseDiagnostic6727	recordAdvance	engine/truth/CrossAssetUniverseDiagnostic6727.kt	TRUTH_INTERNAL_ZERO_CALLER	Canonical truth-layer zero-caller internal/compatibility declaration; retain unwired or delete, never fabricate a parallel caller.
295	CrossAssetUniverseDiagnostic6727	recordCandidate	engine/truth/CrossAssetUniverseDiagnostic6727.kt	TRUTH_INTERNAL_ZERO_CALLER	Canonical truth-layer zero-caller internal/compatibility declaration; retain unwired or delete, never fabricate a parallel caller.
296	CrossAssetUniverseDiagnostic6727	recordStart	engine/truth/CrossAssetUniverseDiagnostic6727.kt	TRUTH_INTERNAL_ZERO_CALLER	Canonical truth-layer zero-caller internal/compatibility declaration; retain unwired or delete, never fabricate a parallel caller.
297	CrossMarketRegimeAI	getCapitalBias	v4/meta/CrossMarketRegimeAI.kt	READBACK_PREDICATE_ADVISORY	State/readback/predicate/advisory surface; no independent authority implied by zero callers.
298	CrossMarketRegimeAI	getRegimeFitMultiplier	v4/meta/CrossMarketRegimeAI.kt	READBACK_PREDICATE_ADVISORY	State/readback/predicate/advisory surface; no independent authority implied by zero callers.
299	CrossMarketRegimeAI	lastAssessAgeMs	v4/meta/CrossMarketRegimeAI.kt	READBACK_PREDICATE_ADVISORY	State/readback/predicate/advisory surface; no independent authority implied by zero callers.
300	CrossMarketRegimeAI	trackedMarketCount	v4/meta/CrossMarketRegimeAI.kt	READBACK_PREDICATE_ADVISORY	State/readback/predicate/advisory surface; no independent authority implied by zero callers.
301	CryptoAltActivity	setCandles	ui/CryptoAltActivity.kt	PRODUCT_UI_VOICE_DEAD	Product/UI/voice surface; zero-caller does not imply trading wiring.
302	CryptoAltActivity	setSimpleLine	ui/CryptoAltActivity.kt	PRODUCT_UI_VOICE_DEAD	Product/UI/voice surface; zero-caller does not imply trading wiring.
303	CryptoAltActivity	statBox	ui/CryptoAltActivity.kt	PRODUCT_UI_VOICE_DEAD	Product/UI/voice surface; zero-caller does not imply trading wiring.
304	CryptoAltScannerAI	getAltBeta	perps/CryptoAltScannerAI.kt	READBACK_PREDICATE_ADVISORY	State/readback/predicate/advisory surface; no independent authority implied by zero callers.
305	CryptoAltScannerAI	getTopSectors	perps/CryptoAltScannerAI.kt	READBACK_PREDICATE_ADVISORY	State/readback/predicate/advisory surface; no independent authority implied by zero callers.
306	CryptoAltStrategy	classifyBtcRegime	perps/strategy/CryptoAltStrategy.kt	STRATEGY_INTERNAL_ZERO_CALLER	Strategy/perps internal zero-caller declaration; owning subsystem remains authoritative, direct wiring requires distinct non-duplicate evidence.
307	CryptoAltStrategy	classifyVolRegime	perps/strategy/CryptoAltStrategy.kt	STRATEGY_INTERNAL_ZERO_CALLER	Strategy/perps internal zero-caller declaration; owning subsystem remains authoritative, direct wiring requires distinct non-duplicate evidence.
308	CryptoAltTrader	getClosedPositions	perps/CryptoAltTrader.kt	READBACK_PREDICATE_ADVISORY	State/readback/predicate/advisory surface; no independent authority implied by zero callers.
309	CryptoAltTrader	getLossCount	perps/CryptoAltTrader.kt	READBACK_PREDICATE_ADVISORY	State/readback/predicate/advisory surface; no independent authority implied by zero callers.
310	CryptoAltTrader	hasPositionSymbol	perps/CryptoAltTrader.kt	READBACK_PREDICATE_ADVISORY	State/readback/predicate/advisory surface; no independent authority implied by zero callers.
311	CryptoAltTrader	hasTrustedMark	perps/CryptoAltTrader.kt	READBACK_PREDICATE_ADVISORY	State/readback/predicate/advisory surface; no independent authority implied by zero callers.
312	CryptoAltTrader	requestClose	perps/CryptoAltTrader.kt	STRATEGY_INTERNAL_ZERO_CALLER	Strategy/perps internal zero-caller declaration; owning subsystem remains authoritative, direct wiring requires distinct non-duplicate evidence.
313	CryptoAltTrader	terminalDisposition6613	perps/CryptoAltTrader.kt	STRATEGY_INTERNAL_ZERO_CALLER	Strategy/perps internal zero-caller declaration; owning subsystem remains authoritative, direct wiring requires distinct non-duplicate evidence.
314	CryptoBehavior	sentiment	perps/crypto/brain/CryptoBehavior.kt	STRATEGY_INTERNAL_ZERO_CALLER	Strategy/perps internal zero-caller declaration; owning subsystem remains authoritative, direct wiring requires distinct non-duplicate evidence.
315	CryptoBrain	activeTactic	perps/crypto/brain/CryptoBrain.kt	STRATEGY_INTERNAL_ZERO_CALLER	Strategy/perps internal zero-caller declaration; owning subsystem remains authoritative, direct wiring requires distinct non-duplicate evidence.
316	CryptoBrain	getLevConfFloor	perps/crypto/brain/CryptoBrain.kt	READBACK_PREDICATE_ADVISORY	State/readback/predicate/advisory surface; no independent authority implied by zero callers.
317	CryptoBrain	getSlPct	perps/crypto/brain/CryptoBrain.kt	READBACK_PREDICATE_ADVISORY	State/readback/predicate/advisory surface; no independent authority implied by zero callers.
318	CryptoBrain	shouldShadowOnly	perps/crypto/brain/CryptoBrain.kt	READBACK_PREDICATE_ADVISORY	State/readback/predicate/advisory surface; no independent authority implied by zero callers.
319	CryptoBrainState	saveNow	perps/crypto/brain/CryptoBrainState.kt	STRATEGY_INTERNAL_ZERO_CALLER	Strategy/perps internal zero-caller declaration; owning subsystem remains authoritative, direct wiring requires distinct non-duplicate evidence.
320	CryptoBridgeAdapter	dryRunChain6987	perps/crypto/CryptoBridgeAdapter.kt	STRATEGY_INTERNAL_ZERO_CALLER	Strategy/perps internal zero-caller declaration; owning subsystem remains authoritative, direct wiring requires distinct non-duplicate evidence.
321	CryptoCanonicalLearning	recordInconclusive	perps/crypto/brain/CryptoCanonicalLearning.kt	STRATEGY_INTERNAL_ZERO_CALLER	Strategy/perps internal zero-caller declaration; owning subsystem remains authoritative, direct wiring requires distinct non-duplicate evidence.
322	CryptoCanonicalLearning	recordOther	perps/crypto/brain/CryptoCanonicalLearning.kt	STRATEGY_INTERNAL_ZERO_CALLER	Strategy/perps internal zero-caller declaration; owning subsystem remains authoritative, direct wiring requires distinct non-duplicate evidence.
323	CryptoCexAdapter	placeOrder	perps/crypto/CryptoCexAdapter.kt	STRATEGY_INTERNAL_ZERO_CALLER	Strategy/perps internal zero-caller declaration; owning subsystem remains authoritative, direct wiring requires distinct non-duplicate evidence.
324	CryptoFluidLearning	liveTradeCount	perps/crypto/brain/CryptoFluidLearning.kt	READBACK_PREDICATE_ADVISORY	State/readback/predicate/advisory surface; no independent authority implied by zero callers.
325	CryptoFluidLearning	lossCount	perps/crypto/brain/CryptoFluidLearning.kt	READBACK_PREDICATE_ADVISORY	State/readback/predicate/advisory surface; no independent authority implied by zero callers.
326	CryptoFluidLearning	paperPnlEma	perps/crypto/brain/CryptoFluidLearning.kt	READBACK_PREDICATE_ADVISORY	State/readback/predicate/advisory surface; no independent authority implied by zero callers.
327	CryptoFluidLearning	paperTradeCount	perps/crypto/brain/CryptoFluidLearning.kt	READBACK_PREDICATE_ADVISORY	State/readback/predicate/advisory surface; no independent authority implied by zero callers.
328	CryptoFluidLearning	winCount	perps/crypto/brain/CryptoFluidLearning.kt	READBACK_PREDICATE_ADVISORY	State/readback/predicate/advisory surface; no independent authority implied by zero callers.
329	CryptoLaneExitTuner	netSol	perps/crypto/brain/CryptoLaneExitTuner.kt	STRATEGY_INTERNAL_ZERO_CALLER	Strategy/perps internal zero-caller declaration; owning subsystem remains authoritative, direct wiring requires distinct non-duplicate evidence.
330	CryptoLosingPatternMemory	lossRate	perps/crypto/brain/CryptoLosingPatternMemory.kt	READBACK_PREDICATE_ADVISORY	State/readback/predicate/advisory surface; no independent authority implied by zero callers.
331	CryptoLosingPatternMemory	meanPnl	perps/crypto/brain/CryptoLosingPatternMemory.kt	READBACK_PREDICATE_ADVISORY	State/readback/predicate/advisory surface; no independent authority implied by zero callers.
332	CryptoPositionState	liveOnlyCount	engine/CryptoPositionState.kt	READBACK_PREDICATE_ADVISORY	State/readback/predicate/advisory surface; no independent authority implied by zero callers.
333	CryptoWrappedAssetMapper	isNativeOnly	perps/crypto/CryptoWrappedAssetMapper.kt	READBACK_PREDICATE_ADVISORY	State/readback/predicate/advisory surface; no independent authority implied by zero callers.
334	CultMomentumAI	countWithin	v3/scoring/CultMomentumAI.kt	READBACK_PREDICATE_ADVISORY	State/readback/predicate/advisory surface; no independent authority implied by zero callers.
335	CycleProfiler6411	onCycleComplete	engine/truth/CycleProfiler6411.kt	TRUTH_INTERNAL_ZERO_CALLER	Canonical truth-layer zero-caller internal/compatibility declaration; retain unwired or delete, never fabricate a parallel caller.
336	CyclicTradeEngine	reconcilePnl7068	engine/CyclicTradeEngine.kt	READBACK_PREDICATE_ADVISORY	State/readback/predicate/advisory surface; no independent authority implied by zero callers.
337	DailyCompoundingTracker	progressToTarget	engine/DailyCompoundingTracker.kt	LEGACY_ZERO_CALLER_DO_NOT_AUTOWIRE	No production caller found in static ledger; classify as legacy/internal dead declaration pending deletion or explicit redesign, not arbitrary wiring.
338	DashboardDataProvider	getIntelligenceDashboard	engine/DashboardDataProvider.kt	READBACK_PREDICATE_ADVISORY	State/readback/predicate/advisory surface; no independent authority implied by zero callers.
339	DashboardDataProvider	getTreasuryDashboard	engine/DashboardDataProvider.kt	READBACK_PREDICATE_ADVISORY	State/readback/predicate/advisory surface; no independent authority implied by zero callers.
340	DashboardDataProvider	lastCanonicalFinalized6485	engine/DashboardDataProvider.kt	READBACK_PREDICATE_ADVISORY	State/readback/predicate/advisory surface; no independent authority implied by zero callers.
341	DataOrchestrator	onTokenRemoved	engine/DataOrchestrator.kt	LEGACY_ZERO_CALLER_DO_NOT_AUTOWIRE	No production caller found in static ledger; classify as legacy/internal dead declaration pending deletion or explicit redesign, not arbitrary wiring.
342	DataOrchestrator	setDevWallet	engine/DataOrchestrator.kt	EXPLICIT_CONTROL_MAINTENANCE	Explicit mutator/recovery/config/maintenance API; do not auto-call from trading hot path.
343	DataProviderFaultCircuits6468	isNetworkAllowed	engine/truth/DataProviderFaultCircuits6468.kt	READBACK_PREDICATE_ADVISORY	State/readback/predicate/advisory surface; no independent authority implied by zero callers.
344	DataProviderFaultCircuits6468	releaseAuthLockout	engine/truth/DataProviderFaultCircuits6468.kt	EXPLICIT_CONTROL_MAINTENANCE	Explicit mutator/recovery/config/maintenance API; do not auto-call from trading hot path.
345	DeadAILayerFilter	isNotApplicable	engine/DeadAILayerFilter.kt	READBACK_PREDICATE_ADVISORY	State/readback/predicate/advisory surface; no independent authority implied by zero callers.
346	DeadAILayerFilter	repairList	engine/DeadAILayerFilter.kt	LEGACY_ZERO_CALLER_DO_NOT_AUTOWIRE	No production caller found in static ledger; classify as legacy/internal dead declaration pending deletion or explicit redesign, not arbitrary wiring.
347	DeskPerformanceAuthority6648	reduce	engine/truth/DeskPerformanceAuthority6648.kt	TRUTH_INTERNAL_ZERO_CALLER	Canonical truth-layer zero-caller internal/compatibility declaration; retain unwired or delete, never fabricate a parallel caller.
348	DexScreenerWebSocket	getSubscribedCount	network/DexScreenerWebSocket.kt	BACKGROUND_IO_PROVIDER_HELPER	Network/database/provider surface; keep bounded/background or behind provider authority.
349	DipHunterAI	getFluidRecoveryTarget	v3/scoring/DipHunterAI.kt	READBACK_PREDICATE_ADVISORY	State/readback/predicate/advisory surface; no independent authority implied by zero callers.
350	DiscordNotifier	bigWinMsg	engine/DiscordNotifier.kt	LEGACY_ZERO_CALLER_DO_NOT_AUTOWIRE	No production caller found in static ledger; classify as legacy/internal dead declaration pending deletion or explicit redesign, not arbitrary wiring.
351	DistributionFadeAvoider	recordDistribution	engine/DistributionFadeAvoider.kt	LEGACY_ZERO_CALLER_DO_NOT_AUTOWIRE	No production caller found in static ledger; classify as legacy/internal dead declaration pending deletion or explicit redesign, not arbitrary wiring.
352	DownstreamWorkQueue	telemetry	engine/DownstreamWorkQueue.kt	LEGACY_ZERO_CALLER_DO_NOT_AUTOWIRE	No production caller found in static ledger; classify as legacy/internal dead declaration pending deletion or explicit redesign, not arbitrary wiring.
353	DynamicAltTokenRegistry	canonicalIdentity6544	perps/DynamicAltTokenRegistry.kt	READBACK_PREDICATE_ADVISORY	State/readback/predicate/advisory surface; no independent authority implied by zero callers.
354	DynamicAltTokenRegistry	getDynamicCount	perps/DynamicAltTokenRegistry.kt	READBACK_PREDICATE_ADVISORY	State/readback/predicate/advisory surface; no independent authority implied by zero callers.
355	DynamicAltTokenRegistry	getNewTokens	perps/DynamicAltTokenRegistry.kt	READBACK_PREDICATE_ADVISORY	State/readback/predicate/advisory surface; no independent authority implied by zero callers.
356	DynamicAltTokenRegistry	getStaticCount	perps/DynamicAltTokenRegistry.kt	READBACK_PREDICATE_ADVISORY	State/readback/predicate/advisory surface; no independent authority implied by zero callers.
357	DynamicAltTokenRegistry	getTokensBySector	perps/DynamicAltTokenRegistry.kt	READBACK_PREDICATE_ADVISORY	State/readback/predicate/advisory surface; no independent authority implied by zero callers.
358	DynamicAltTokenRegistry	inferSector	perps/DynamicAltTokenRegistry.kt	STRATEGY_INTERNAL_ZERO_CALLER	Strategy/perps internal zero-caller declaration; owning subsystem remains authoritative, direct wiring requires distinct non-duplicate evidence.
359	EVCalculator	getKellySize	engine/quant/EVCalculator.kt	READBACK_PREDICATE_ADVISORY	State/readback/predicate/advisory surface; no independent authority implied by zero callers.
360	EVCalculator	isPositiveEV	engine/quant/EVCalculator.kt	READBACK_PREDICATE_ADVISORY	State/readback/predicate/advisory surface; no independent authority implied by zero callers.
361	EarlyEntryScout6390	aggregateAlarm	engine/truth/EarlyEntryAndPeakCapture6390.kt	TRUTH_INTERNAL_ZERO_CALLER	Canonical truth-layer zero-caller internal/compatibility declaration; retain unwired or delete, never fabricate a parallel caller.
362	EarlyEntryScout6390	firedRungs	engine/truth/EarlyEntryAndPeakCapture6390.kt	TRUTH_INTERNAL_ZERO_CALLER	Canonical truth-layer zero-caller internal/compatibility declaration; retain unwired or delete, never fabricate a parallel caller.
363	EarlyEntryScout6390	isAlarm	engine/truth/EarlyEntryAndPeakCapture6390.kt	READBACK_PREDICATE_ADVISORY	State/readback/predicate/advisory surface; no independent authority implied by zero callers.
364	EarlyEntryScout6390	nextRung	engine/truth/EarlyEntryAndPeakCapture6390.kt	TRUTH_INTERNAL_ZERO_CALLER	Canonical truth-layer zero-caller internal/compatibility declaration; retain unwired or delete, never fabricate a parallel caller.
365	EarlyEntryScout6390	trackedWhaleDistribution6919	engine/truth/EarlyEntryAndPeakCapture6390.kt	TRUTH_INTERNAL_ZERO_CALLER	Canonical truth-layer zero-caller internal/compatibility declaration; retain unwired or delete, never fabricate a parallel caller.
366	EconomicPurityGate6504	clearUntrusted	engine/truth/EconomicPurityGate6504.kt	EXPLICIT_CONTROL_MAINTENANCE	Explicit mutator/recovery/config/maintenance API; do not auto-call from trading hot path.
367	EdgeLearning	getLiveTradesSeen	engine/EdgeLearning.kt	READBACK_PREDICATE_ADVISORY	State/readback/predicate/advisory surface; no independent authority implied by zero callers.
368	EdgeLearning	learnFromShadowTrade	engine/EdgeLearning.kt	LEGACY_ZERO_CALLER_DO_NOT_AUTOWIRE	No production caller found in static ledger; classify as legacy/internal dead declaration pending deletion or explicit redesign, not arbitrary wiring.
369	EdgeLearning	logStats	engine/EdgeLearning.kt	READBACK_PREDICATE_ADVISORY	State/readback/predicate/advisory surface; no independent authority implied by zero callers.
370	EducationSubLayerAI	applyOutcomeToReasonStats	v3/scoring/EducationSubLayerAI.kt	READBACK_PREDICATE_ADVISORY	State/readback/predicate/advisory surface; no independent authority implied by zero callers.
371	EducationSubLayerAI	getBootstrapRelaxation	v3/scoring/EducationSubLayerAI.kt	READBACK_PREDICATE_ADVISORY	State/readback/predicate/advisory surface; no independent authority implied by zero callers.
372	EducationSubLayerAI	getLayerLevel	v3/scoring/EducationSubLayerAI.kt	READBACK_PREDICATE_ADVISORY	State/readback/predicate/advisory surface; no independent authority implied by zero callers.
373	EducationSubLayerAI	getLayerLevelProgress	v3/scoring/EducationSubLayerAI.kt	READBACK_PREDICATE_ADVISORY	State/readback/predicate/advisory surface; no independent authority implied by zero callers.
374	EducationSubLayerAI	getLayerTrustMultiplier	v3/scoring/EducationSubLayerAI.kt	READBACK_PREDICATE_ADVISORY	State/readback/predicate/advisory surface; no independent authority implied by zero callers.
375	EducationSubLayerAI	getStockLearningStats	v3/scoring/EducationSubLayerAI.kt	READBACK_PREDICATE_ADVISORY	State/readback/predicate/advisory surface; no independent authority implied by zero callers.
376	EducationSubLayerAI	getTopLosingReasons	v3/scoring/EducationSubLayerAI.kt	READBACK_PREDICATE_ADVISORY	State/readback/predicate/advisory surface; no independent authority implied by zero callers.
377	EducationSubLayerAI	getTopWinningReasons	v3/scoring/EducationSubLayerAI.kt	READBACK_PREDICATE_ADVISORY	State/readback/predicate/advisory surface; no independent authority implied by zero callers.
378	EducationSubLayerAI	markLayerOutcome	v3/scoring/EducationSubLayerAI.kt	EXPLICIT_CONTROL_MAINTENANCE	Explicit mutator/recovery/config/maintenance API; do not auto-call from trading hot path.
379	EducationSubLayerAI	markLayerOutcome	v3/scoring/EducationSubLayerAI.kt	EXPLICIT_CONTROL_MAINTENANCE	Explicit mutator/recovery/config/maintenance API; do not auto-call from trading hot path.
380	EducationSubLayerAI	recordLayerVote	v3/scoring/EducationSubLayerAI.kt	STRATEGY_INTERNAL_ZERO_CALLER	Strategy/perps internal zero-caller declaration; owning subsystem remains authoritative, direct wiring requires distinct non-duplicate evidence.
381	EducationSubLayerAI	recordScanDecision	v3/scoring/EducationSubLayerAI.kt	STRATEGY_INTERNAL_ZERO_CALLER	Strategy/perps internal zero-caller declaration; owning subsystem remains authoritative, direct wiring requires distinct non-duplicate evidence.
382	EducationSubLayerAI	saveForced	v3/scoring/EducationSubLayerAI.kt	STRATEGY_INTERNAL_ZERO_CALLER	Strategy/perps internal zero-caller declaration; owning subsystem remains authoritative, direct wiring requires distinct non-duplicate evidence.
383	EfficiencyLayer	getTopCandidates	engine/EfficiencyLayer.kt	READBACK_PREDICATE_ADVISORY	State/readback/predicate/advisory surface; no independent authority implied by zero callers.
384	EfficiencyLayer	promoteCandidate	engine/EfficiencyLayer.kt	LEGACY_ZERO_CALLER_DO_NOT_AUTOWIRE	No production caller found in static ledger; classify as legacy/internal dead declaration pending deletion or explicit redesign, not arbitrary wiring.
385	EfficiencyLayer	removeCandidate	engine/EfficiencyLayer.kt	EXPLICIT_CONTROL_MAINTENANCE	Explicit mutator/recovery/config/maintenance API; do not auto-call from trading hot path.
386	EfficiencyLayer	upsertCandidate	engine/EfficiencyLayer.kt	LEGACY_ZERO_CALLER_DO_NOT_AUTOWIRE	No production caller found in static ledger; classify as legacy/internal dead declaration pending deletion or explicit redesign, not arbitrary wiring.
387	ElevenLabsApi	cacheKeySfx	engine/voice/ElevenLabsApi.kt	PRODUCT_UI_VOICE_DEAD	Product/UI/voice surface; zero-caller does not imply trading wiring.
388	ElevenLabsApi	voiceDesignSave	engine/voice/ElevenLabsApi.kt	PRODUCT_UI_VOICE_DEAD	Product/UI/voice surface; zero-caller does not imply trading wiring.
389	EligibilityResult	isCoolingDown	v3/eligibility/EligibilityGate.kt	READBACK_PREDICATE_ADVISORY	State/readback/predicate/advisory surface; no independent authority implied by zero callers.
390	EligibilityResult	isGlobalExposureMaxed	v3/eligibility/EligibilityGate.kt	READBACK_PREDICATE_ADVISORY	State/readback/predicate/advisory surface; no independent authority implied by zero callers.
391	EligibilityResult	isTokenAlreadyOpen	v3/eligibility/EligibilityGate.kt	READBACK_PREDICATE_ADVISORY	State/readback/predicate/advisory surface; no independent authority implied by zero callers.
392	EligibilityResult	maxPct	v3/eligibility/EligibilityGate.kt	STRATEGY_INTERNAL_ZERO_CALLER	Strategy/perps internal zero-caller declaration; owning subsystem remains authoritative, direct wiring requires distinct non-duplicate evidence.
393	EligibilityResult	maxSlots	v3/eligibility/EligibilityGate.kt	STRATEGY_INTERNAL_ZERO_CALLER	Strategy/perps internal zero-caller declaration; owning subsystem remains authoritative, direct wiring requires distinct non-duplicate evidence.
394	EmergentGuardrails	areConfigChangesAllowed	engine/EmergentGuardrails.kt	LEGACY_ZERO_CALLER_DO_NOT_AUTOWIRE	No production caller found in static ledger; classify as legacy/internal dead declaration pending deletion or explicit redesign, not arbitrary wiring.
395	EmergentGuardrails	checkConfigChange	engine/EmergentGuardrails.kt	LEGACY_ZERO_CALLER_DO_NOT_AUTOWIRE	No production caller found in static ledger; classify as legacy/internal dead declaration pending deletion or explicit redesign, not arbitrary wiring.
396	EmergentGuardrails	enableConfigChanges	engine/EmergentGuardrails.kt	EXPLICIT_CONTROL_MAINTENANCE	Explicit mutator/recovery/config/maintenance API; do not auto-call from trading hot path.
397	EmergentGuardrails	freezeAggression	engine/EmergentGuardrails.kt	LEGACY_ZERO_CALLER_DO_NOT_AUTOWIRE	No production caller found in static ledger; classify as legacy/internal dead declaration pending deletion or explicit redesign, not arbitrary wiring.
398	EmergentGuardrails	getFrozenAggression	engine/EmergentGuardrails.kt	READBACK_PREDICATE_ADVISORY	State/readback/predicate/advisory surface; no independent authority implied by zero callers.
399	EmergentGuardrails	getTradesLastMinute	engine/EmergentGuardrails.kt	READBACK_PREDICATE_ADVISORY	State/readback/predicate/advisory surface; no independent authority implied by zero callers.
400	EmergentGuardrails	isAggressionFrozen	engine/EmergentGuardrails.kt	READBACK_PREDICATE_ADVISORY	State/readback/predicate/advisory surface; no independent authority implied by zero callers.
401	EmergentGuardrails	traceFullPipeline	engine/EmergentGuardrails.kt	LEGACY_ZERO_CALLER_DO_NOT_AUTOWIRE	No production caller found in static ledger; classify as legacy/internal dead declaration pending deletion or explicit redesign, not arbitrary wiring.
402	EmergentGuardrails	tracePipeline	engine/EmergentGuardrails.kt	LEGACY_ZERO_CALLER_DO_NOT_AUTOWIRE	No production caller found in static ledger; classify as legacy/internal dead declaration pending deletion or explicit redesign, not arbitrary wiring.
403	EmergentGuardrails	unfreezeAggression	engine/EmergentGuardrails.kt	LEGACY_ZERO_CALLER_DO_NOT_AUTOWIRE	No production caller found in static ledger; classify as legacy/internal dead declaration pending deletion or explicit redesign, not arbitrary wiring.
404	EntryGateBlockCache6398	buildFingerprint	engine/truth/EntryGateBlockCache6398.kt	TRUTH_INTERNAL_ZERO_CALLER	Canonical truth-layer zero-caller internal/compatibility declaration; retain unwired or delete, never fabricate a parallel caller.
405	EntryGateBlockCache6398	clearForMint	engine/truth/EntryGateBlockCache6398.kt	EXPLICIT_CONTROL_MAINTENANCE	Explicit mutator/recovery/config/maintenance API; do not auto-call from trading hot path.
406	EntryRejectionDedupeCache6396	clearMint	engine/truth/EntryRejectionDedupeCache6396.kt	EXPLICIT_CONTROL_MAINTENANCE	Explicit mutator/recovery/config/maintenance API; do not auto-call from trading hot path.
407	EntryRejectionDedupeCache6396	shouldEmitFresh	engine/truth/EntryRejectionDedupeCache6396.kt	READBACK_PREDICATE_ADVISORY	State/readback/predicate/advisory surface; no independent authority implied by zero callers.
408	EntryRejectionTelemetry6396	assertNotBuyFailure	engine/truth/EntryRejectionTelemetry6396.kt	TRUTH_INTERNAL_ZERO_CALLER	Canonical truth-layer zero-caller internal/compatibility declaration; retain unwired or delete, never fabricate a parallel caller.
409	EntryRejectionTelemetry6396	recordForensicCorrection	engine/truth/EntryRejectionTelemetry6396.kt	TRUTH_INTERNAL_ZERO_CALLER	Canonical truth-layer zero-caller internal/compatibility declaration; retain unwired or delete, never fabricate a parallel caller.
410	EntryStrategySnapshot6450	migrate	engine/truth/EntryStrategySnapshot6450.kt	READBACK_PREDICATE_ADVISORY	State/readback/predicate/advisory surface; no independent authority implied by zero callers.
411	ErrorLogActivity	updateLogs	ui/ErrorLogActivity.kt	PRODUCT_UI_VOICE_DEAD	Product/UI/voice surface; zero-caller does not imply trading wiring.
412	ErrorLogger	getCrashesOnly	engine/ErrorLogger.kt	READBACK_PREDICATE_ADVISORY	State/readback/predicate/advisory surface; no independent authority implied by zero callers.
413	ErrorLogger	getCurrentSessionLogs	engine/ErrorLogger.kt	READBACK_PREDICATE_ADVISORY	State/readback/predicate/advisory surface; no independent authority implied by zero callers.
414	ErrorLogger	getErrorsAndCrashes	engine/ErrorLogger.kt	READBACK_PREDICATE_ADVISORY	State/readback/predicate/advisory surface; no independent authority implied by zero callers.
415	ErrorLogger	getLogsByComponent	engine/ErrorLogger.kt	READBACK_PREDICATE_ADVISORY	State/readback/predicate/advisory surface; no independent authority implied by zero callers.
416	EvidenceEpochFilter6388	archiveAndStartNewEpoch	engine/truth/GovernorRecoverySubstrate6388.kt	TRUTH_INTERNAL_ZERO_CALLER	Canonical truth-layer zero-caller internal/compatibility declaration; retain unwired or delete, never fabricate a parallel caller.
417	EvidenceEpochFilter6388	bySignature	engine/truth/GovernorRecoverySubstrate6388.kt	TRUTH_INTERNAL_ZERO_CALLER	Canonical truth-layer zero-caller internal/compatibility declaration; retain unwired or delete, never fabricate a parallel caller.
418	EvidenceEpochFilter6388	bySignature	engine/truth/GovernorRecoverySubstrate6388.kt	TRUTH_INTERNAL_ZERO_CALLER	Canonical truth-layer zero-caller internal/compatibility declaration; retain unwired or delete, never fabricate a parallel caller.
419	EvidenceEpochFilter6388	entriesLastHour	engine/truth/GovernorRecoverySubstrate6388.kt	TRUTH_INTERNAL_ZERO_CALLER	Canonical truth-layer zero-caller internal/compatibility declaration; retain unwired or delete, never fabricate a parallel caller.
420	EvidenceEpochFilter6388	incompleteFlag	engine/truth/GovernorRecoverySubstrate6388.kt	TRUTH_INTERNAL_ZERO_CALLER	Canonical truth-layer zero-caller internal/compatibility declaration; retain unwired or delete, never fabricate a parallel caller.
421	EvidenceEpochFilter6388	isHeld	engine/truth/GovernorRecoverySubstrate6388.kt	READBACK_PREDICATE_ADVISORY	State/readback/predicate/advisory surface; no independent authority implied by zero callers.
422	EvidenceEpochFilter6388	isHistoricalAudit	engine/truth/GovernorRecoverySubstrate6388.kt	READBACK_PREDICATE_ADVISORY	State/readback/predicate/advisory surface; no independent authority implied by zero callers.
423	EvidenceEpochFilter6388	isRecoveryEligible	engine/truth/GovernorRecoverySubstrate6388.kt	READBACK_PREDICATE_ADVISORY	State/readback/predicate/advisory surface; no independent authority implied by zero callers.
424	EvidenceEpochFilter6388	liveEntryInfrastructureHealthy	engine/truth/GovernorRecoverySubstrate6388.kt	TRUTH_INTERNAL_ZERO_CALLER	Canonical truth-layer zero-caller internal/compatibility declaration; retain unwired or delete, never fabricate a parallel caller.
425	EvidenceEpochFilter6388	nextEligibleEntryAt	engine/truth/GovernorRecoverySubstrate6388.kt	TRUTH_INTERNAL_ZERO_CALLER	Canonical truth-layer zero-caller internal/compatibility declaration; retain unwired or delete, never fabricate a parallel caller.
426	ExecutableEntryAuthority6450	consecutiveLossesFor6488	engine/truth/ExecutableEntryAuthority6450.kt	TRUTH_INTERNAL_ZERO_CALLER	Canonical truth-layer zero-caller internal/compatibility declaration; retain unwired or delete, never fabricate a parallel caller.
427	ExecutableEntryAuthority6450	consecutiveLossesNow6487	engine/truth/ExecutableEntryAuthority6450.kt	TRUTH_INTERNAL_ZERO_CALLER	Canonical truth-layer zero-caller internal/compatibility declaration; retain unwired or delete, never fabricate a parallel caller.
428	ExecutableEntryAuthority6450	defensiveActive6487	engine/truth/ExecutableEntryAuthority6450.kt	TRUTH_INTERNAL_ZERO_CALLER	Canonical truth-layer zero-caller internal/compatibility declaration; retain unwired or delete, never fabricate a parallel caller.
429	ExecutableEntryAuthority6450	recordBypass	engine/truth/ExecutableEntryAuthority6450.kt	TRUTH_INTERNAL_ZERO_CALLER	Canonical truth-layer zero-caller internal/compatibility declaration; retain unwired or delete, never fabricate a parallel caller.
430	ExecutableEntryAuthority6450	recordLossForTest6487	engine/truth/ExecutableEntryAuthority6450.kt	TEST_HOOK_ONLY	Explicit test/reset/probe hook; never production-wire to satisfy static analysis.
431	ExecutableEntryAuthority6450	resetForTest6487	engine/truth/ExecutableEntryAuthority6450.kt	TEST_HOOK_ONLY	Explicit test/reset/probe hook; never production-wire to satisfy static analysis.
432	ExecutableEntryAuthority6450	sizeMultiplier6487	engine/truth/ExecutableEntryAuthority6450.kt	READBACK_PREDICATE_ADVISORY	State/readback/predicate/advisory surface; no independent authority implied by zero callers.
433	ExecutableEntryAuthority6450	sizeMultiplierFor6488	engine/truth/ExecutableEntryAuthority6450.kt	READBACK_PREDICATE_ADVISORY	State/readback/predicate/advisory surface; no independent authority implied by zero callers.
434	ExecutableOpenGate	canonicalExecutableIntent6509	engine/ExecutableOpenGate.kt	READBACK_PREDICATE_ADVISORY	State/readback/predicate/advisory surface; no independent authority implied by zero callers.
435	ExecutableOpenGate	clearRetryPending6548	engine/ExecutableOpenGate.kt	EXPLICIT_CONTROL_MAINTENANCE	Explicit mutator/recovery/config/maintenance API; do not auto-call from trading hot path.
436	ExecutableOpenGate	dropped	engine/ExecutableOpenGate.kt	LEGACY_ZERO_CALLER_DO_NOT_AUTOWIRE	No production caller found in static ledger; classify as legacy/internal dead declaration pending deletion or explicit redesign, not arbitrary wiring.
437	ExecutableOpenGate	lanesCompatibleForTests	engine/ExecutableOpenGate.kt	TEST_HOOK_ONLY	Explicit test/reset/probe hook; never production-wire to satisfy static analysis.
438	ExecutableOpenGate	sameDecisionContract6734	engine/ExecutableOpenGate.kt	LEGACY_ZERO_CALLER_DO_NOT_AUTOWIRE	No production caller found in static ledger; classify as legacy/internal dead declaration pending deletion or explicit redesign, not arbitrary wiring.
439	ExecutablePriceStopPreflight6345	preflight	engine/ExecutablePriceStopPreflight6345.kt	LEGACY_ZERO_CALLER_DO_NOT_AUTOWIRE	No production caller found in static ledger; classify as legacy/internal dead declaration pending deletion or explicit redesign, not arbitrary wiring.
440	ExecutableProfitAuthority6395	computeExecutableNetSol	engine/truth/ExecutableProfitAuthority6395.kt	TRUTH_INTERNAL_ZERO_CALLER	Canonical truth-layer zero-caller internal/compatibility declaration; retain unwired or delete, never fabricate a parallel caller.
441	ExecutableProfitAuthority6395	computeExecutablePnlPct	engine/truth/ExecutableProfitAuthority6395.kt	READBACK_PREDICATE_ADVISORY	State/readback/predicate/advisory surface; no independent authority implied by zero callers.
442	ExecutionAttemptLease	activeBackoffs	engine/ExecutionAttemptLease.kt	LEGACY_ZERO_CALLER_DO_NOT_AUTOWIRE	No production caller found in static ledger; classify as legacy/internal dead declaration pending deletion or explicit redesign, not arbitrary wiring.
443	ExecutionAttemptLease	activeBuyLeases	engine/ExecutionAttemptLease.kt	LEGACY_ZERO_CALLER_DO_NOT_AUTOWIRE	No production caller found in static ledger; classify as legacy/internal dead declaration pending deletion or explicit redesign, not arbitrary wiring.
444	ExecutionAttemptLease	visibleNegativeTtlCount	engine/ExecutionAttemptLease.kt	READBACK_PREDICATE_ADVISORY	State/readback/predicate/advisory surface; no independent authority implied by zero callers.
445	ExecutionAuthorityPolicy6533	requiresSolanaTokenMap	engine/ExecutionAuthorityPolicy6533.kt	LEGACY_ZERO_CALLER_DO_NOT_AUTOWIRE	No production caller found in static ledger; classify as legacy/internal dead declaration pending deletion or explicit redesign, not arbitrary wiring.
446	ExecutionCostPredictorAI	avgSlipPct	v3/scoring/ExecutionCostPredictorAI.kt	STRATEGY_INTERNAL_ZERO_CALLER	Strategy/perps internal zero-caller declaration; owning subsystem remains authoritative, direct wiring requires distinct non-duplicate evidence.
447	ExecutionCounterContract	recordCloseAttempt	engine/runtime/ExecutionCounterContract.kt	RUNTIME_QUANT_LEARNING_UTILITY	Runtime/quant/learning utility surface; no autonomous execution authority.
448	ExecutionCounterContract	recordCloseSuccess	engine/runtime/ExecutionCounterContract.kt	RUNTIME_QUANT_LEARNING_UTILITY	Runtime/quant/learning utility surface; no autonomous execution authority.
449	ExecutionCounterContract	recordJournalBuyWrite	engine/runtime/ExecutionCounterContract.kt	RUNTIME_QUANT_LEARNING_UTILITY	Runtime/quant/learning utility surface; no autonomous execution authority.
450	ExecutionCounterContract	recordOpenAttempt	engine/runtime/ExecutionCounterContract.kt	RUNTIME_QUANT_LEARNING_UTILITY	Runtime/quant/learning utility surface; no autonomous execution authority.
451	ExecutionCounterContract	recordOpenSuccess	engine/runtime/ExecutionCounterContract.kt	RUNTIME_QUANT_LEARNING_UTILITY	Runtime/quant/learning utility surface; no autonomous execution authority.
452	ExecutionHealthGuard	isEmergencyReason	engine/ExecutionHealthGuard.kt	READBACK_PREDICATE_ADVISORY	State/readback/predicate/advisory surface; no independent authority implied by zero callers.
453	ExecutionHealthGuard	slippageViolationsToday	engine/ExecutionHealthGuard.kt	READBACK_PREDICATE_ADVISORY	State/readback/predicate/advisory surface; no independent authority implied by zero callers.
454	ExecutionPathAI	recordExecution	v4/meta/ExecutionPathAI.kt	STRATEGY_INTERNAL_ZERO_CALLER	Strategy/perps internal zero-caller declaration; owning subsystem remains authoritative, direct wiring requires distinct non-duplicate evidence.
455	ExecutionSpineAcceptance6647	requirePassing	engine/truth/ExecutionSpineAcceptance6647.kt	TRUTH_INTERNAL_ZERO_CALLER	Canonical truth-layer zero-caller internal/compatibility declaration; retain unwired or delete, never fabricate a parallel caller.
456	ExecutionTicketMachine6411	forceTerminal	engine/truth/ExecutionTicketMachine6411.kt	EXPLICIT_CONTROL_MAINTENANCE	Explicit mutator/recovery/config/maintenance API; do not auto-call from trading hot path.
457	ExecutionTicketMachine6411	intentId	engine/truth/ExecutionTicketMachine6411.kt	TRUTH_INTERNAL_ZERO_CALLER	Canonical truth-layer zero-caller internal/compatibility declaration; retain unwired or delete, never fabricate a parallel caller.
458	ExecutionTicketMachine6411	sweepExpired	engine/truth/ExecutionTicketMachine6411.kt	TRUTH_INTERNAL_ZERO_CALLER	Canonical truth-layer zero-caller internal/compatibility declaration; retain unwired or delete, never fabricate a parallel caller.
459	ExitCoordinatorHeartbeat	falseResetsPreventedCount	engine/ExitCoordinatorHeartbeat.kt	READBACK_PREDICATE_ADVISORY	State/readback/predicate/advisory surface; no independent authority implied by zero callers.
460	ExitCoordinatorHeartbeat	justifiedResetCount	engine/ExitCoordinatorHeartbeat.kt	READBACK_PREDICATE_ADVISORY	State/readback/predicate/advisory surface; no independent authority implied by zero callers.
461	ExitCoordinatorHeartbeat	shouldStaleReset	engine/ExitCoordinatorHeartbeat.kt	READBACK_PREDICATE_ADVISORY	State/readback/predicate/advisory surface; no independent authority implied by zero callers.
462	ExitCoordinatorHeartbeat	staleReset	engine/ExitCoordinatorHeartbeat.kt	LEGACY_ZERO_CALLER_DO_NOT_AUTOWIRE	No production caller found in static ledger; classify as legacy/internal dead declaration pending deletion or explicit redesign, not arbitrary wiring.
463	ExitCoordinatorHeartbeat	staleResetCount	engine/ExitCoordinatorHeartbeat.kt	READBACK_PREDICATE_ADVISORY	State/readback/predicate/advisory surface; no independent authority implied by zero callers.
464	ExitCoordinatorHeartbeat	startSweep	engine/ExitCoordinatorHeartbeat.kt	LEGACY_ZERO_CALLER_DO_NOT_AUTOWIRE	No production caller found in static ledger; classify as legacy/internal dead declaration pending deletion or explicit redesign, not arbitrary wiring.
465	ExitIntelligence	needsAttention	engine/ExitIntelligence.kt	LEGACY_ZERO_CALLER_DO_NOT_AUTOWIRE	No production caller found in static ledger; classify as legacy/internal dead declaration pending deletion or explicit redesign, not arbitrary wiring.
466	ExitManager	hasCriticalCondition	engine/ExitManager.kt	READBACK_PREDICATE_ADVISORY	State/readback/predicate/advisory surface; no independent authority implied by zero callers.
467	ExitProviderHealth	jupiterCooldownRemainingMs	engine/sell/ExitProviderHealth.kt	LEGACY_ZERO_CALLER_DO_NOT_AUTOWIRE	No production caller found in static ledger; classify as legacy/internal dead declaration pending deletion or explicit redesign, not arbitrary wiring.
468	ExitProviderHealth	jupiterProbeReady	engine/sell/ExitProviderHealth.kt	LEGACY_ZERO_CALLER_DO_NOT_AUTOWIRE	No production caller found in static ledger; classify as legacy/internal dead declaration pending deletion or explicit redesign, not arbitrary wiring.
469	ExitProviderHealth	pumpRouteInvalidatedRecently	engine/sell/ExitProviderHealth.kt	LEGACY_ZERO_CALLER_DO_NOT_AUTOWIRE	No production caller found in static ledger; classify as legacy/internal dead declaration pending deletion or explicit redesign, not arbitrary wiring.
470	ExpressHandoffFunnel6625	currentBacklogByLane6625	engine/truth/MemeExecutionFunnelReceivers6625.kt	READBACK_PREDICATE_ADVISORY	State/readback/predicate/advisory surface; no independent authority implied by zero callers.
471	FalseProfitHistoricalQuarantine6387	evaluateReasons	engine/truth/FalseProfitHistoricalQuarantine6387.kt	TRUTH_INTERNAL_ZERO_CALLER	Canonical truth-layer zero-caller internal/compatibility declaration; retain unwired or delete, never fabricate a parallel caller.
472	FatalRiskResult	pairValid	v3/risk/FatalRiskChecker.kt	STRATEGY_INTERNAL_ZERO_CALLER	Strategy/perps internal zero-caller declaration; owning subsystem remains authoritative, direct wiring requires distinct non-duplicate evidence.
473	FdgFanoutControl6396	canShadowLaneExecute	engine/truth/FdgFanoutControl6396.kt	READBACK_PREDICATE_ADVISORY	State/readback/predicate/advisory surface; no independent authority implied by zero callers.
474	FdgFanoutControl6396	fanoutOverBudget	engine/truth/FdgFanoutControl6396.kt	TRUTH_INTERNAL_ZERO_CALLER	Canonical truth-layer zero-caller internal/compatibility declaration; retain unwired or delete, never fabricate a parallel caller.
475	FdgFanoutControl6396	fanoutRatioFdgPerIntake	engine/truth/FdgFanoutControl6396.kt	TRUTH_INTERNAL_ZERO_CALLER	Canonical truth-layer zero-caller internal/compatibility declaration; retain unwired or delete, never fabricate a parallel caller.
476	FdgFanoutControl6396	issueOrReuse	engine/truth/FdgFanoutControl6396.kt	READBACK_PREDICATE_ADVISORY	State/readback/predicate/advisory surface; no independent authority implied by zero callers.
477	FdgFanoutControl6396	recordExecInvocation	engine/truth/FdgFanoutControl6396.kt	TRUTH_INTERNAL_ZERO_CALLER	Canonical truth-layer zero-caller internal/compatibility declaration; retain unwired or delete, never fabricate a parallel caller.
478	FdgFanoutControl6396	recordIntakeSample	engine/truth/FdgFanoutControl6396.kt	TRUTH_INTERNAL_ZERO_CALLER	Canonical truth-layer zero-caller internal/compatibility declaration; retain unwired or delete, never fabricate a parallel caller.
479	FillLot6386	consumeFifo	engine/truth/FillLotLedger6386.kt	TRUTH_INTERNAL_ZERO_CALLER	Canonical truth-layer zero-caller internal/compatibility declaration; retain unwired or delete, never fabricate a parallel caller.
480	FillLot6386	openLotsFor	engine/truth/FillLotLedger6386.kt	TRUTH_INTERNAL_ZERO_CALLER	Canonical truth-layer zero-caller internal/compatibility declaration; retain unwired or delete, never fabricate a parallel caller.
481	FillLot6386	totalRemainingRaw	engine/truth/FillLotLedger6386.kt	TRUTH_INTERNAL_ZERO_CALLER	Canonical truth-layer zero-caller internal/compatibility declaration; retain unwired or delete, never fabricate a parallel caller.
482	FillLotLedger6504	assertMatches	engine/truth/FillLotLedger6504.kt	TRUTH_INTERNAL_ZERO_CALLER	Canonical truth-layer zero-caller internal/compatibility declaration; retain unwired or delete, never fabricate a parallel caller.
483	FillLotLedger6504	canonicalQtyOf	engine/truth/FillLotLedger6504.kt	READBACK_PREDICATE_ADVISORY	State/readback/predicate/advisory surface; no independent authority implied by zero callers.
484	FillLotLedger6504	lotsOf	engine/truth/FillLotLedger6504.kt	TRUTH_INTERNAL_ZERO_CALLER	Canonical truth-layer zero-caller internal/compatibility declaration; retain unwired or delete, never fabricate a parallel caller.
485	FillLotLedger6504	setTestMemoryMode6641	engine/truth/FillLotLedger6504.kt	EXPLICIT_CONTROL_MAINTENANCE	Explicit mutator/recovery/config/maintenance API; do not auto-call from trading hot path.
486	FinalExecutionPermit	getRejectionReason	engine/FinalExecutionPermit.kt	READBACK_PREDICATE_ADVISORY	State/readback/predicate/advisory surface; no independent authority implied by zero callers.
487	FinalExecutionPermit	recordPermitFalseReturn4416	engine/FinalExecutionPermit.kt	LEGACY_ZERO_CALLER_DO_NOT_AUTOWIRE	No production caller found in static ledger; classify as legacy/internal dead declaration pending deletion or explicit redesign, not arbitrary wiring.
488	FinalExecutionPermit	releasePrimaryAfterPermitFailure	engine/FinalExecutionPermit.kt	EXPLICIT_CONTROL_MAINTENANCE	Explicit mutator/recovery/config/maintenance API; do not auto-call from trading hot path.
489	FinalExecutionPermit	wasRejectedByV3	engine/FinalExecutionPermit.kt	LEGACY_ZERO_CALLER_DO_NOT_AUTOWIRE	No production caller found in static ledger; classify as legacy/internal dead declaration pending deletion or explicit redesign, not arbitrary wiring.
490	FinalizedFanoutParity6459	recordConsumer	engine/truth/FinalizedFanoutParity6459.kt	TRUTH_INTERNAL_ZERO_CALLER	Canonical truth-layer zero-caller internal/compatibility declaration; retain unwired or delete, never fabricate a parallel caller.
491	FluidLearning	decayPriceImpacts	engine/FluidLearning.kt	LEGACY_ZERO_CALLER_DO_NOT_AUTOWIRE	No production caller found in static ledger; classify as legacy/internal dead declaration pending deletion or explicit redesign, not arbitrary wiring.
492	FluidLearning	getAvailableBalance	engine/FluidLearning.kt	READBACK_PREDICATE_ADVISORY	State/readback/predicate/advisory surface; no independent authority implied by zero callers.
493	FluidLearning	getLearningScaleMultiplier	engine/FluidLearning.kt	READBACK_PREDICATE_ADVISORY	State/readback/predicate/advisory surface; no independent authority implied by zero callers.
494	FluidLearning	isLearningAvailable	engine/FluidLearning.kt	READBACK_PREDICATE_ADVISORY	State/readback/predicate/advisory surface; no independent authority implied by zero callers.
495	FluidLearning	recordPaperTopUp	engine/FluidLearning.kt	LEGACY_ZERO_CALLER_DO_NOT_AUTOWIRE	No production caller found in static ledger; classify as legacy/internal dead declaration pending deletion or explicit redesign, not arbitrary wiring.
496	FluidLearning	shouldEnableAllFeatures	engine/FluidLearning.kt	READBACK_PREDICATE_ADVISORY	State/readback/predicate/advisory surface; no independent authority implied by zero callers.
497	FluidLearningAI	getAltsLearningProgress	v3/scoring/FluidLearningAI.kt	READBACK_PREDICATE_ADVISORY	State/readback/predicate/advisory surface; no independent authority implied by zero callers.
498	FluidLearningAI	getAltsTradeCount	v3/scoring/FluidLearningAI.kt	READBACK_PREDICATE_ADVISORY	State/readback/predicate/advisory surface; no independent authority implied by zero callers.
499	FluidLearningAI	getBehaviorModifier	v3/scoring/FluidLearningAI.kt	READBACK_PREDICATE_ADVISORY	State/readback/predicate/advisory surface; no independent authority implied by zero callers.
500	FluidLearningAI	getFreshTokenAgeMinutes	v3/scoring/FluidLearningAI.kt	READBACK_PREDICATE_ADVISORY	State/readback/predicate/advisory surface; no independent authority implied by zero callers.
501	FluidLearningAI	getLearningWeights	v3/scoring/FluidLearningAI.kt	READBACK_PREDICATE_ADVISORY	State/readback/predicate/advisory surface; no independent authority implied by zero callers.
502	FluidLearningAI	getMarketsTradeCount	v3/scoring/FluidLearningAI.kt	READBACK_PREDICATE_ADVISORY	State/readback/predicate/advisory surface; no independent authority implied by zero callers.
503	FluidLearningAI	getMinHistoryCandles	v3/scoring/FluidLearningAI.kt	READBACK_PREDICATE_ADVISORY	State/readback/predicate/advisory surface; no independent authority implied by zero callers.
504	FluidLearningAI	getScannerMinLiquidity	v3/scoring/FluidLearningAI.kt	READBACK_PREDICATE_ADVISORY	State/readback/predicate/advisory surface; no independent authority implied by zero callers.
505	FluidLearningAI	getSessionPnlStats	v3/scoring/FluidLearningAI.kt	READBACK_PREDICATE_ADVISORY	State/readback/predicate/advisory surface; no independent authority implied by zero callers.
506	FluidLearningAI	getSubTraderTradeCount	v3/scoring/FluidLearningAI.kt	READBACK_PREDICATE_ADVISORY	State/readback/predicate/advisory surface; no independent authority implied by zero callers.
507	FluidLearningAI	getSubTraderWinCount	v3/scoring/FluidLearningAI.kt	READBACK_PREDICATE_ADVISORY	State/readback/predicate/advisory surface; no independent authority implied by zero callers.
508	FluidLearningAI	lerpAlts	v3/scoring/FluidLearningAI.kt	STRATEGY_INTERNAL_ZERO_CALLER	Strategy/perps internal zero-caller declaration; owning subsystem remains authoritative, direct wiring requires distinct non-duplicate evidence.
509	FluidLearningAI	lerpInverse	v3/scoring/FluidLearningAI.kt	STRATEGY_INTERNAL_ZERO_CALLER	Strategy/perps internal zero-caller declaration; owning subsystem remains authoritative, direct wiring requires distinct non-duplicate evidence.
510	FluidLearningAI	lerpMarkets	v3/scoring/FluidLearningAI.kt	STRATEGY_INTERNAL_ZERO_CALLER	Strategy/perps internal zero-caller declaration; owning subsystem remains authoritative, direct wiring requires distinct non-duplicate evidence.
511	FluidLearningAI	lerpRaw	v3/scoring/FluidLearningAI.kt	STRATEGY_INTERNAL_ZERO_CALLER	Strategy/perps internal zero-caller declaration; owning subsystem remains authoritative, direct wiring requires distinct non-duplicate evidence.
512	FluidLearningAI	logFeeAnalysis	v3/scoring/FluidLearningAI.kt	STRATEGY_INTERNAL_ZERO_CALLER	Strategy/perps internal zero-caller declaration; owning subsystem remains authoritative, direct wiring requires distinct non-duplicate evidence.
513	FluidLearningAI	logState	v3/scoring/FluidLearningAI.kt	READBACK_PREDICATE_ADVISORY	State/readback/predicate/advisory surface; no independent authority implied by zero callers.
514	FluidLearningAI	recordAltsTradeStart	v3/scoring/FluidLearningAI.kt	STRATEGY_INTERNAL_ZERO_CALLER	Strategy/perps internal zero-caller declaration; owning subsystem remains authoritative, direct wiring requires distinct non-duplicate evidence.
515	FluidLearningAI	setCrossLearningEnabled	v3/scoring/FluidLearningAI.kt	EXPLICIT_CONTROL_MAINTENANCE	Explicit mutator/recovery/config/maintenance API; do not auto-call from trading hot path.
516	ForcedCloseSlotSweeper6468	onForcedClose	engine/truth/ForcedCloseSlotSweeper6468.kt	TRUTH_INTERNAL_ZERO_CALLER	Canonical truth-layer zero-caller internal/compatibility declaration; retain unwired or delete, never fabricate a parallel caller.
517	ForensicEventEnvelope6430	asKeyValue	engine/truth/ForensicEventEnvelope6430.kt	TRUTH_INTERNAL_ZERO_CALLER	Canonical truth-layer zero-caller internal/compatibility declaration; retain unwired or delete, never fabricate a parallel caller.
518	ForensicLogger	fmtInt	engine/ForensicLogger.kt	LEGACY_ZERO_CALLER_DO_NOT_AUTOWIRE	No production caller found in static ledger; classify as legacy/internal dead declaration pending deletion or explicit redesign, not arbitrary wiring.
519	ForensicLogger	mintTag6978	engine/ForensicLogger.kt	LEGACY_ZERO_CALLER_DO_NOT_AUTOWIRE	No production caller found in static ledger; classify as legacy/internal dead declaration pending deletion or explicit redesign, not arbitrary wiring.
520	ForensicReconciler6377	lifetimeMismatchCount	engine/ForensicReconciler6377.kt	READBACK_PREDICATE_ADVISORY	State/readback/predicate/advisory surface; no independent authority implied by zero callers.
521	ForensicReconciler6377	lifetimePassCount	engine/ForensicReconciler6377.kt	READBACK_PREDICATE_ADVISORY	State/readback/predicate/advisory surface; no independent authority implied by zero callers.
522	ForensicRowMirror6442	emitClose	engine/truth/ForensicRowMirror6442.kt	TRUTH_INTERNAL_ZERO_CALLER	Canonical truth-layer zero-caller internal/compatibility declaration; retain unwired or delete, never fabricate a parallel caller.
523	ForexStrategy	classifyPair	perps/strategy/ForexStrategy.kt	STRATEGY_INTERNAL_ZERO_CALLER	Strategy/perps internal zero-caller declaration; owning subsystem remains authoritative, direct wiring requires distinct non-duplicate evidence.
524	ForexStrategy	pipSize	perps/strategy/ForexStrategy.kt	READBACK_PREDICATE_ADVISORY	State/readback/predicate/advisory surface; no independent authority implied by zero callers.
525	FreeRangeMode	clearOverride	engine/FreeRangeMode.kt	EXPLICIT_CONTROL_MAINTENANCE	Explicit mutator/recovery/config/maintenance API; do not auto-call from trading hot path.
526	FreeRangeMode	emergencyGraduated	engine/FreeRangeMode.kt	LEGACY_ZERO_CALLER_DO_NOT_AUTOWIRE	No production caller found in static ledger; classify as legacy/internal dead declaration pending deletion or explicit redesign, not arbitrary wiring.
527	FreeRangeMode	explorationSizeMultiplier	engine/FreeRangeMode.kt	READBACK_PREDICATE_ADVISORY	State/readback/predicate/advisory surface; no independent authority implied by zero callers.
528	FreeRangeMode	forceOff	engine/FreeRangeMode.kt	EXPLICIT_CONTROL_MAINTENANCE	Explicit mutator/recovery/config/maintenance API; do not auto-call from trading hot path.
529	FreeRangeMode	forceOn	engine/FreeRangeMode.kt	EXPLICIT_CONTROL_MAINTENANCE	Explicit mutator/recovery/config/maintenance API; do not auto-call from trading hot path.
530	FundingRateAwarenessAI	getFundingApr	v3/scoring/FundingRateAwarenessAI.kt	READBACK_PREDICATE_ADVISORY	State/readback/predicate/advisory surface; no independent authority implied by zero callers.
531	GeminiCopilot	clearCaches	engine/GeminiCopilot.kt	EXPLICIT_CONTROL_MAINTENANCE	Explicit mutator/recovery/config/maintenance API; do not auto-call from trading hot path.
532	GeminiCopilot	getRateLimitRemainingMinutes	engine/GeminiCopilot.kt	READBACK_PREDICATE_ADVISORY	State/readback/predicate/advisory surface; no independent authority implied by zero callers.
533	GlobalCapitalArbitration6617	recordLaneLocalBypass6617	engine/truth/GlobalCapitalArbitration6617.kt	TRUTH_INTERNAL_ZERO_CALLER	Canonical truth-layer zero-caller internal/compatibility declaration; retain unwired or delete, never fabricate a parallel caller.
534	GlobalEntryPolicy6405	setGlobalPause	engine/truth/GlobalEntryPolicy6405.kt	EXPLICIT_CONTROL_MAINTENANCE	Explicit mutator/recovery/config/maintenance API; do not auto-call from trading hot path.
535	GlobalTradeRegistry	canProcess	engine/GlobalTradeRegistry.kt	READBACK_PREDICATE_ADVISORY	State/readback/predicate/advisory surface; no independent authority implied by zero callers.
536	GlobalTradeRegistry	clearPositionIfUnheld	engine/GlobalTradeRegistry.kt	EXPLICIT_CONTROL_MAINTENANCE	Explicit mutator/recovery/config/maintenance API; do not auto-call from trading hot path.
537	GlobalTradeRegistry	getTotalExposure	engine/GlobalTradeRegistry.kt	READBACK_PREDICATE_ADVISORY	State/readback/predicate/advisory surface; no independent authority implied by zero callers.
538	GlobalTradeRegistry	isInProbation	engine/GlobalTradeRegistry.kt	READBACK_PREDICATE_ADVISORY	State/readback/predicate/advisory surface; no independent authority implied by zero callers.
539	GlobalTradeRegistry	promoteFromProbation	engine/GlobalTradeRegistry.kt	LEGACY_ZERO_CALLER_DO_NOT_AUTOWIRE	No production caller found in static ledger; classify as legacy/internal dead declaration pending deletion or explicit redesign, not arbitrary wiring.
540	GlobalTradeRegistry	pruneDormant	engine/GlobalTradeRegistry.kt	EXPLICIT_CONTROL_MAINTENANCE	Explicit mutator/recovery/config/maintenance API; do not auto-call from trading hot path.
541	GlobalTradeRegistry	pumpPortalProbationDiversionCount	engine/GlobalTradeRegistry.kt	READBACK_PREDICATE_ADVISORY	State/readback/predicate/advisory surface; no independent authority implied by zero callers.
542	GlobalTradeRegistry	rejectFromProbation	engine/GlobalTradeRegistry.kt	LEGACY_ZERO_CALLER_DO_NOT_AUTOWIRE	No production caller found in static ledger; classify as legacy/internal dead declaration pending deletion or explicit redesign, not arbitrary wiring.
543	GlobalTradeRegistry	updateProbationPrice	engine/GlobalTradeRegistry.kt	LEGACY_ZERO_CALLER_DO_NOT_AUTOWIRE	No production caller found in static ledger; classify as legacy/internal dead declaration pending deletion or explicit redesign, not arbitrary wiring.
544	GlobalTradeRegistry	updateProbationRC	engine/GlobalTradeRegistry.kt	LEGACY_ZERO_CALLER_DO_NOT_AUTOWIRE	No production caller found in static ledger; classify as legacy/internal dead declaration pending deletion or explicit redesign, not arbitrary wiring.
545	GlobalTradeRegistry	updateSymbol	engine/GlobalTradeRegistry.kt	LEGACY_ZERO_CALLER_DO_NOT_AUTOWIRE	No production caller found in static ledger; classify as legacy/internal dead declaration pending deletion or explicit redesign, not arbitrary wiring.
546	GovernorRecovery6388	failedReason	engine/truth/GovernorRecovery6388.kt	TRUTH_INTERNAL_ZERO_CALLER	Canonical truth-layer zero-caller internal/compatibility declaration; retain unwired or delete, never fabricate a parallel caller.
547	GovernorRecovery6388	lastDemotionReason	engine/truth/GovernorRecovery6388.kt	READBACK_PREDICATE_ADVISORY	State/readback/predicate/advisory surface; no independent authority implied by zero callers.
548	HardRugPreFilter	isViable	engine/HardRugPreFilter.kt	READBACK_PREDICATE_ADVISORY	State/readback/predicate/advisory surface; no independent authority implied by zero callers.
549	HeatmapRenderCache6374	currentMinRefreshMs	ui/HeatmapRenderCache6374.kt	PRODUCT_UI_VOICE_DEAD	Product/UI/voice surface; zero-caller does not imply trading wiring.
550	HeatmapRenderCache6374	hasCache	ui/HeatmapRenderCache6374.kt	PRODUCT_UI_VOICE_DEAD	Product/UI/voice surface; zero-caller does not imply trading wiring.
551	HeatmapRenderCache6374	lastComputedAt	ui/HeatmapRenderCache6374.kt	PRODUCT_UI_VOICE_DEAD	Product/UI/voice surface; zero-caller does not imply trading wiring.
552	HeatmapRenderCache6374	setMinRefreshMs	ui/HeatmapRenderCache6374.kt	PRODUCT_UI_VOICE_DEAD	Product/UI/voice surface; zero-caller does not imply trading wiring.
553	HeliusEnhancedWS	updateWatchlist	network/HeliusEnhancedWS.kt	BACKGROUND_IO_PROVIDER_HELPER	Network/database/provider surface; keep bounded/background or behind provider authority.
554	HeliusWebSocket	unwatchWallet	network/HeliusWebSocket.kt	BACKGROUND_IO_PROVIDER_HELPER	Network/database/provider surface; keep bounded/background or behind provider authority.
555	HistoricalQuarantine6386	evaluateQuarantineReasons	engine/truth/HistoricalQuarantine6386.kt	TRUTH_INTERNAL_ZERO_CALLER	Canonical truth-layer zero-caller internal/compatibility declaration; retain unwired or delete, never fabricate a parallel caller.
556	HoldingLogicLayer	getAllModeParams	engine/HoldingLogicLayer.kt	READBACK_PREDICATE_ADVISORY	State/readback/predicate/advisory surface; no independent authority implied by zero callers.
557	HostCircuitInterceptor	totalNxBypassedRequests	network/HostCircuitInterceptor.kt	BACKGROUND_IO_PROVIDER_HELPER	Network/database/provider surface; keep bounded/background or behind provider authority.
558	HostCircuitInterceptor	totalServerBypassedRequests	network/HostCircuitInterceptor.kt	BACKGROUND_IO_PROVIDER_HELPER	Network/database/provider surface; keep bounded/background or behind provider authority.
559	HostWalletTokenTracker	recordBuyConfirmed	engine/HostWalletTokenTracker.kt	LEGACY_ZERO_CALLER_DO_NOT_AUTOWIRE	No production caller found in static ledger; classify as legacy/internal dead declaration pending deletion or explicit redesign, not arbitrary wiring.
560	HotLabelCoalescer6626	flushNow6626	engine/truth/HotLabelCoalescer6626.kt	LAB_BACKTEST_BACKGROUND	Lab/backtest/research surface; promotion requires a separate canonical transfer contract.
561	HotPathLaneGate	markHotIdle	engine/HotPathLaneGate.kt	EXPLICIT_CONTROL_MAINTENANCE	Explicit mutator/recovery/config/maintenance API; do not auto-call from trading hot path.
562	HotPathLaneGate	mustYieldToHot	engine/HotPathLaneGate.kt	LEGACY_ZERO_CALLER_DO_NOT_AUTOWIRE	No production caller found in static ledger; classify as legacy/internal dead declaration pending deletion or explicit redesign, not arbitrary wiring.
563	HotfixRules	activeRules	engine/HotfixRules.kt	LEGACY_ZERO_CALLER_DO_NOT_AUTOWIRE	No production caller found in static ledger; classify as legacy/internal dead declaration pending deletion or explicit redesign, not arbitrary wiring.
564	HotfixRules	isSignatureValid	engine/HotfixRules.kt	READBACK_PREDICATE_ADVISORY	State/readback/predicate/advisory surface; no independent authority implied by zero callers.
565	HotfixRules	rollback	engine/HotfixRules.kt	LEGACY_ZERO_CALLER_DO_NOT_AUTOWIRE	No production caller found in static ledger; classify as legacy/internal dead declaration pending deletion or explicit redesign, not arbitrary wiring.
566	HotfixRules	signPayload	engine/HotfixRules.kt	LEGACY_ZERO_CALLER_DO_NOT_AUTOWIRE	No production caller found in static ledger; classify as legacy/internal dead declaration pending deletion or explicit redesign, not arbitrary wiring.
567	IdempotencyKeyStore6437	buyKey	engine/truth/IdempotencyKeyStore6437.kt	TRUTH_INTERNAL_ZERO_CALLER	Canonical truth-layer zero-caller internal/compatibility declaration; retain unwired or delete, never fabricate a parallel caller.
568	InnerLaneReeducationDoctrine	allowsDisable	engine/InnerLaneReeducationDoctrine.kt	LEGACY_ZERO_CALLER_DO_NOT_AUTOWIRE	No production caller found in static ledger; classify as legacy/internal dead declaration pending deletion or explicit redesign, not arbitrary wiring.
569	InnerLaneReeducationDoctrine	curriculumFor	engine/InnerLaneReeducationDoctrine.kt	LEGACY_ZERO_CALLER_DO_NOT_AUTOWIRE	No production caller found in static ledger; classify as legacy/internal dead declaration pending deletion or explicit redesign, not arbitrary wiring.
570	InsiderTrackerAI	getAllWallets	v3/scoring/InsiderTrackerAI.kt	READBACK_PREDICATE_ADVISORY	State/readback/predicate/advisory surface; no independent authority implied by zero callers.
571	InsiderTrackerAI	getWalletActivity	v3/scoring/InsiderTrackerAI.kt	READBACK_PREDICATE_ADVISORY	State/readback/predicate/advisory surface; no independent authority implied by zero callers.
572	InsiderTrackerAI	removeCustomWallet	v3/scoring/InsiderTrackerAI.kt	EXPLICIT_CONTROL_MAINTENANCE	Explicit mutator/recovery/config/maintenance API; do not auto-call from trading hot path.
573	IntakeFanoutGovernor6835	allowFdgEval	engine/truth/IntakeFanoutGovernor6835.kt	TRUTH_INTERNAL_ZERO_CALLER	Canonical truth-layer zero-caller internal/compatibility declaration; retain unwired or delete, never fabricate a parallel caller.
574	IntakeFanoutGovernor6835	allowLaneEval	engine/truth/IntakeFanoutGovernor6835.kt	TRUTH_INTERNAL_ZERO_CALLER	Canonical truth-layer zero-caller internal/compatibility declaration; retain unwired or delete, never fabricate a parallel caller.
575	IntentSide	outstandingCount	engine/truth/ExecutionIntent6386.kt	READBACK_PREDICATE_ADVISORY	State/readback/predicate/advisory surface; no independent authority implied by zero callers.
576	IntentSide	tryReserve	engine/truth/ExecutionIntent6386.kt	TRUTH_INTERNAL_ZERO_CALLER	Canonical truth-layer zero-caller internal/compatibility declaration; retain unwired or delete, never fabricate a parallel caller.
577	IntentSide	withState	engine/truth/ExecutionIntent6386.kt	READBACK_PREDICATE_ADVISORY	State/readback/predicate/advisory surface; no independent authority implied by zero callers.
578	InventoryPressureGovernor6829	pressureLevel	engine/truth/InventoryPressureGovernor6829.kt	READBACK_PREDICATE_ADVISORY	State/readback/predicate/advisory surface; no independent authority implied by zero callers.
579	JitoMEVProtection	sendProtectedTransaction	engine/JitoMEVProtection.kt	LEGACY_ZERO_CALLER_DO_NOT_AUTOWIRE	No production caller found in static ledger; classify as legacy/internal dead declaration pending deletion or explicit redesign, not arbitrary wiring.
580	JournalActivity	makeTab	ui/JournalActivity.kt	PRODUCT_UI_VOICE_DEAD	Product/UI/voice surface; zero-caller does not imply trading wiring.
581	JournalReceiptAccounting6663	buildLiveJournal	engine/TradeJournal.kt	LEGACY_ZERO_CALLER_DO_NOT_AUTOWIRE	No production caller found in static ledger; classify as legacy/internal dead declaration pending deletion or explicit redesign, not arbitrary wiring.
582	JournalReceiptAccounting6663	buildPaperJournal	engine/TradeJournal.kt	LEGACY_ZERO_CALLER_DO_NOT_AUTOWIRE	No production caller found in static ledger; classify as legacy/internal dead declaration pending deletion or explicit redesign, not arbitrary wiring.
583	JournalReceiptAccounting6663	getLiveStats	engine/TradeJournal.kt	READBACK_PREDICATE_ADVISORY	State/readback/predicate/advisory surface; no independent authority implied by zero callers.
584	JupiterPerps	calculateLiquidationPrice	perps/JupiterPerps.kt	STRATEGY_INTERNAL_ZERO_CALLER	Strategy/perps internal zero-caller declaration; owning subsystem remains authoritative, direct wiring requires distinct non-duplicate evidence.
585	JupiterPerps	calculateMaxPositionSize	perps/JupiterPerps.kt	READBACK_PREDICATE_ADVISORY	State/readback/predicate/advisory surface; no independent authority implied by zero callers.
586	JupiterPerps	calculateRequiredCollateral	perps/JupiterPerps.kt	STRATEGY_INTERNAL_ZERO_CALLER	Strategy/perps internal zero-caller declaration; owning subsystem remains authoritative, direct wiring requires distinct non-duplicate evidence.
587	JupiterPerps	getActiveOrderCount	perps/JupiterPerps.kt	READBACK_PREDICATE_ADVISORY	State/readback/predicate/advisory surface; no independent authority implied by zero callers.
588	JupiterPerps	getActiveOrders	perps/JupiterPerps.kt	READBACK_PREDICATE_ADVISORY	State/readback/predicate/advisory surface; no independent authority implied by zero callers.
589	JupiterPerps	getFailedOrders	perps/JupiterPerps.kt	READBACK_PREDICATE_ADVISORY	State/readback/predicate/advisory surface; no independent authority implied by zero callers.
590	JupiterPerps	getSuccessfulOrders	perps/JupiterPerps.kt	READBACK_PREDICATE_ADVISORY	State/readback/predicate/advisory surface; no independent authority implied by zero callers.
591	JupiterPerps	getTotalOrders	perps/JupiterPerps.kt	READBACK_PREDICATE_ADVISORY	State/readback/predicate/advisory surface; no independent authority implied by zero callers.
592	JupiterStrictTokenList	getVerified	network/JupiterStrictTokenList.kt	BACKGROUND_IO_PROVIDER_HELPER	Network/database/provider surface; keep bounded/background or behind provider authority.
593	KeylessLlmProviders6999	chatWithModel	network/KeylessLlmProviders6999.kt	BACKGROUND_IO_PROVIDER_HELPER	Network/database/provider surface; keep bounded/background or behind provider authority.
594	KeylessLlmProviders6999	models	network/KeylessLlmProviders6999.kt	BACKGROUND_IO_PROVIDER_HELPER	Network/database/provider surface; keep bounded/background or behind provider authority.
595	KeylessPriceSources6996	defiLlamaBatch	network/KeylessPriceSources6996.kt	BACKGROUND_IO_PROVIDER_HELPER	Network/database/provider surface; keep bounded/background or behind provider authority.
596	KeylessPriceSources6996	jupiterBatch	network/KeylessPriceSources6996.kt	BACKGROUND_IO_PROVIDER_HELPER	Network/database/provider surface; keep bounded/background or behind provider authority.
597	LaneAdaptiveDamping6472	recordLaneEvPct	engine/truth/LaneAdaptiveDamping6472.kt	TRUTH_INTERNAL_ZERO_CALLER	Canonical truth-layer zero-caller internal/compatibility declaration; retain unwired or delete, never fabricate a parallel caller.
598	LaneAdmissionGate6473	admissionDecision	engine/truth/LaneAdmissionGate6473.kt	TRUTH_INTERNAL_ZERO_CALLER	Canonical truth-layer zero-caller internal/compatibility declaration; retain unwired or delete, never fabricate a parallel caller.
599	LaneAlias	sameCanonical	engine/LaneAlias.kt	LEGACY_ZERO_CALLER_DO_NOT_AUTOWIRE	No production caller found in static ledger; classify as legacy/internal dead declaration pending deletion or explicit redesign, not arbitrary wiring.
600	LaneAutoPauseGuard	isPausedLive	engine/LaneAutoPauseGuard.kt	READBACK_PREDICATE_ADVISORY	State/readback/predicate/advisory surface; no independent authority implied by zero callers.
601	LaneCapitalFairness6732	hasHeadroom	engine/truth/LaneCapitalFairness6732.kt	READBACK_PREDICATE_ADVISORY	State/readback/predicate/advisory surface; no independent authority implied by zero callers.
602	LaneExecutionCoordinator	registerAffinity	engine/LaneExecutionCoordinator.kt	EXPLICIT_CONTROL_MAINTENANCE	Explicit mutator/recovery/config/maintenance API; do not auto-call from trading hot path.
603	LanePolicy	allBuckets	engine/learning/LanePolicy.kt	LEGACY_ZERO_CALLER_DO_NOT_AUTOWIRE	No production caller found in static ledger; classify as legacy/internal dead declaration pending deletion or explicit redesign, not arbitrary wiring.
604	LanePolicy	allLanes	engine/learning/LanePolicy.kt	LEGACY_ZERO_CALLER_DO_NOT_AUTOWIRE	No production caller found in static ledger; classify as legacy/internal dead declaration pending deletion or explicit redesign, not arbitrary wiring.
605	LanePolicy	evidenceSamples6611	engine/learning/LanePolicy.kt	LEGACY_ZERO_CALLER_DO_NOT_AUTOWIRE	No production caller found in static ledger; classify as legacy/internal dead declaration pending deletion or explicit redesign, not arbitrary wiring.
606	LanePolicy	learningWeightForBucket	engine/learning/LanePolicy.kt	LEGACY_ZERO_CALLER_DO_NOT_AUTOWIRE	No production caller found in static ledger; classify as legacy/internal dead declaration pending deletion or explicit redesign, not arbitrary wiring.
607	LanePolicy	learningWeightForLane	engine/learning/LanePolicy.kt	LEGACY_ZERO_CALLER_DO_NOT_AUTOWIRE	No production caller found in static ledger; classify as legacy/internal dead declaration pending deletion or explicit redesign, not arbitrary wiring.
608	LanePolicy	rollingWrForBucket	engine/learning/LanePolicy.kt	LEGACY_ZERO_CALLER_DO_NOT_AUTOWIRE	No production caller found in static ledger; classify as legacy/internal dead declaration pending deletion or explicit redesign, not arbitrary wiring.
609	LanePolicy	setBucketState	engine/learning/LanePolicy.kt	EXPLICIT_CONTROL_MAINTENANCE	Explicit mutator/recovery/config/maintenance API; do not auto-call from trading hot path.
610	LanePolicy	setLaneState	engine/learning/LanePolicy.kt	EXPLICIT_CONTROL_MAINTENANCE	Explicit mutator/recovery/config/maintenance API; do not auto-call from trading hot path.
611	LanePolicy	stateForBucket	engine/learning/LanePolicy.kt	READBACK_PREDICATE_ADVISORY	State/readback/predicate/advisory surface; no independent authority implied by zero callers.
612	LanePolicy	stateForLane	engine/learning/LanePolicy.kt	READBACK_PREDICATE_ADVISORY	State/readback/predicate/advisory surface; no independent authority implied by zero callers.
613	LaneQuarantineRegistry6411	expireAll	engine/truth/LaneQuarantineRegistry6411.kt	TRUTH_INTERNAL_ZERO_CALLER	Canonical truth-layer zero-caller internal/compatibility declaration; retain unwired or delete, never fabricate a parallel caller.
614	LaneShadowProofLoop	allowLaneResume	engine/LaneShadowProofLoop.kt	LEGACY_ZERO_CALLER_DO_NOT_AUTOWIRE	No production caller found in static ledger; classify as legacy/internal dead declaration pending deletion or explicit redesign, not arbitrary wiring.
615	LaneStrategyEvaluator	transform	engine/LaneStrategyEvaluator.kt	LEGACY_ZERO_CALLER_DO_NOT_AUTOWIRE	No production caller found in static ledger; classify as legacy/internal dead declaration pending deletion or explicit redesign, not arbitrary wiring.
616	LaneTag	isMeme	engine/LaneTag.kt	READBACK_PREDICATE_ADVISORY	State/readback/predicate/advisory surface; no independent authority implied by zero callers.
617	LayerBrain	rawProb	engine/LayerBrain.kt	LEGACY_ZERO_CALLER_DO_NOT_AUTOWIRE	No production caller found in static ledger; classify as legacy/internal dead declaration pending deletion or explicit redesign, not arbitrary wiring.
618	LayerBrain	totalTrained	engine/LayerBrain.kt	LEGACY_ZERO_CALLER_DO_NOT_AUTOWIRE	No production caller found in static ledger; classify as legacy/internal dead declaration pending deletion or explicit redesign, not arbitrary wiring.
619	LayerLaneRegistry	singleLaneLayerCount	v3/scoring/LayerLaneRegistry.kt	READBACK_PREDICATE_ADVISORY	State/readback/predicate/advisory surface; no independent authority implied by zero callers.
620	LayerTransitionManager	getCurrentLayer	v3/scoring/LayerTransitionManager.kt	READBACK_PREDICATE_ADVISORY	State/readback/predicate/advisory surface; no independent authority implied by zero callers.
621	LayerTransitionManager	getLayerState	v3/scoring/LayerTransitionManager.kt	READBACK_PREDICATE_ADVISORY	State/readback/predicate/advisory surface; no independent authority implied by zero callers.
622	LayerTransitionManager	tierFloorsFor	v3/scoring/LayerTransitionManager.kt	STRATEGY_INTERNAL_ZERO_CALLER	Strategy/perps internal zero-caller declaration; owning subsystem remains authoritative, direct wiring requires distinct non-duplicate evidence.
623	LayerVoteStore	drainVotes	learning/LayerVoteStore.kt	RUNTIME_QUANT_LEARNING_UTILITY	Runtime/quant/learning utility surface; no autonomous execution authority.
624	LayerVoteStore	purgeStale	learning/LayerVoteStore.kt	RUNTIME_QUANT_LEARNING_UTILITY	Runtime/quant/learning utility surface; no autonomous execution authority.
625	LearnedAdmissionAuthority6846	laneOwnerWeights	engine/truth/LearnedAdmissionAuthority6846.kt	TRUTH_INTERNAL_ZERO_CALLER	Canonical truth-layer zero-caller internal/compatibility declaration; retain unwired or delete, never fabricate a parallel caller.
626	LearnerRewardBridge6440	finalizedMultiplier6486	engine/truth/LearnerRewardBridge6440.kt	TRUTH_INTERNAL_ZERO_CALLER	Canonical truth-layer zero-caller internal/compatibility declaration; retain unwired or delete, never fabricate a parallel caller.
627	LearnerRuntimeBudgetGuard6441	beginSlice	engine/truth/LearnerRuntimeBudgetGuard6441.kt	TRUTH_INTERNAL_ZERO_CALLER	Canonical truth-layer zero-caller internal/compatibility declaration; retain unwired or delete, never fabricate a parallel caller.
628	LearnerRuntimeBudgetGuard6441	endSlice	engine/truth/LearnerRuntimeBudgetGuard6441.kt	TRUTH_INTERNAL_ZERO_CALLER	Canonical truth-layer zero-caller internal/compatibility declaration; retain unwired or delete, never fabricate a parallel caller.
629	LearnerRuntimeBudgetGuard6441	noteProgress	engine/truth/LearnerRuntimeBudgetGuard6441.kt	TRUTH_INTERNAL_ZERO_CALLER	Canonical truth-layer zero-caller internal/compatibility declaration; retain unwired or delete, never fabricate a parallel caller.
630	LearningMetrics	recentEvents	v3/learning/LearningStore.kt	STRATEGY_INTERNAL_ZERO_CALLER	Strategy/perps internal zero-caller declaration; owning subsystem remains authoritative, direct wiring requires distinct non-duplicate evidence.
631	LearningPnlSanitizer	isTrainablePct	engine/LearningPnlSanitizer.kt	READBACK_PREDICATE_ADVISORY	State/readback/predicate/advisory surface; no independent authority implied by zero callers.
632	LearningPnlSanitizer	isTrainableTrade	engine/LearningPnlSanitizer.kt	READBACK_PREDICATE_ADVISORY	State/readback/predicate/advisory surface; no independent authority implied by zero callers.
633	LearningQuarantine6450	evaluateCohort	engine/truth/LearningQuarantine6450.kt	TRUTH_INTERNAL_ZERO_CALLER	Canonical truth-layer zero-caller internal/compatibility declaration; retain unwired or delete, never fabricate a parallel caller.
634	LegacyReplayIsolation6630	setMigrationAuthorized6630	engine/truth/LegacyReplayIsolation6630.kt	EXPLICIT_CONTROL_MAINTENANCE	Explicit mutator/recovery/config/maintenance API; do not auto-call from trading hot path.
635	LegalAgreementManager	getAcceptanceTimestamp	collective/LegalAgreementManager.kt	BACKGROUND_IO_PROVIDER_HELPER	Network/database/provider surface; keep bounded/background or behind provider authority.
636	LegalAgreementManager	hasAcceptedAgreement	collective/LegalAgreementManager.kt	BACKGROUND_IO_PROVIDER_HELPER	Network/database/provider surface; keep bounded/background or behind provider authority.
637	LegalAgreementManager	needsReacceptance	collective/LegalAgreementManager.kt	BACKGROUND_IO_PROVIDER_HELPER	Network/database/provider surface; keep bounded/background or behind provider authority.
638	LeveragePreference	isLeveragePreferred	engine/LeveragePreference.kt	READBACK_PREDICATE_ADVISORY	State/readback/predicate/advisory surface; no independent authority implied by zero callers.
639	LeveragePreference	setLeveragePreferred	engine/LeveragePreference.kt	EXPLICIT_CONTROL_MAINTENANCE	Explicit mutator/recovery/config/maintenance API; do not auto-call from trading hot path.
640	LeverageSurvivalAI	getAllowedLeverage	v4/meta/LeverageSurvivalAI.kt	READBACK_PREDICATE_ADVISORY	State/readback/predicate/advisory surface; no independent authority implied by zero callers.
641	LiquidityBucketRouter	isModeAppropriate	engine/LiquidityBucketRouter.kt	READBACK_PREDICATE_ADVISORY	State/readback/predicate/advisory surface; no independent authority implied by zero callers.
642	LiquidityClassifier	isBondingCurveQuote	engine/LiquidityClassifier.kt	READBACK_PREDICATE_ADVISORY	State/readback/predicate/advisory surface; no independent authority implied by zero callers.
643	LiquidityCycleAI	isOutflowing	v3/scoring/LiquidityCycleAI.kt	READBACK_PREDICATE_ADVISORY	State/readback/predicate/advisory surface; no independent authority implied by zero callers.
644	LiquidityDepthAI	getEntryLiquidity	engine/LiquidityDepthAI.kt	READBACK_PREDICATE_ADVISORY	State/readback/predicate/advisory surface; no independent authority implied by zero callers.
645	LiquidityExitPathAI	estimateRoundTripSlippagePct	v3/scoring/LiquidityExitPathAI.kt	READBACK_PREDICATE_ADVISORY	State/readback/predicate/advisory surface; no independent authority implied by zero callers.
646	LiquidityFragilityAI	getMaxSafeSize	v4/meta/LiquidityFragilityAI.kt	READBACK_PREDICATE_ADVISORY	State/readback/predicate/advisory surface; no independent authority implied by zero callers.
647	LiquidityFragilityAI	getMaxSafeSizeFor	v4/meta/LiquidityFragilityAI.kt	READBACK_PREDICATE_ADVISORY	State/readback/predicate/advisory surface; no independent authority implied by zero callers.
648	LiquidityFragilityAI	isTradeAllowed	v4/meta/LiquidityFragilityAI.kt	READBACK_PREDICATE_ADVISORY	State/readback/predicate/advisory surface; no independent authority implied by zero callers.
649	LiquidityFragilityAI	recordBreakout	v4/meta/LiquidityFragilityAI.kt	STRATEGY_INTERNAL_ZERO_CALLER	Strategy/perps internal zero-caller declaration; owning subsystem remains authoritative, direct wiring requires distinct non-duplicate evidence.
650	LiquidityFragilityAI	recordWick	v4/meta/LiquidityFragilityAI.kt	STRATEGY_INTERNAL_ZERO_CALLER	Strategy/perps internal zero-caller declaration; owning subsystem remains authoritative, direct wiring requires distinct non-duplicate evidence.
651	LiveBuyAdmissionGate	evaluateForTest	engine/sell/LiveBuyAdmissionGate.kt	TEST_HOOK_ONLY	Explicit test/reset/probe hook; never production-wire to satisfy static analysis.
652	LiveCanaryMode6411	forceMinSize	engine/truth/LiveCanaryMode6411.kt	EXPLICIT_CONTROL_MAINTENANCE	Explicit mutator/recovery/config/maintenance API; do not auto-call from trading hot path.
653	LiveCanaryMode6411	maxConcurrentLiveBuys	engine/truth/LiveCanaryMode6411.kt	TRUTH_INTERNAL_ZERO_CALLER	Canonical truth-layer zero-caller internal/compatibility declaration; retain unwired or delete, never fabricate a parallel caller.
654	LiveCanaryMode6411	recordCleanConfirm	engine/truth/LiveCanaryMode6411.kt	TRUTH_INTERNAL_ZERO_CALLER	Canonical truth-layer zero-caller internal/compatibility declaration; retain unwired or delete, never fabricate a parallel caller.
655	LiveCanaryMode6411	recordInvariantFailure	engine/truth/LiveCanaryMode6411.kt	TRUTH_INTERNAL_ZERO_CALLER	Canonical truth-layer zero-caller internal/compatibility declaration; retain unwired or delete, never fabricate a parallel caller.
656	LiveContinuityPolicy6392	buildFrom	engine/truth/LiveContinuity6392.kt	TRUTH_INTERNAL_ZERO_CALLER	Canonical truth-layer zero-caller internal/compatibility declaration; retain unwired or delete, never fabricate a parallel caller.
657	LiveContinuityPolicy6392	byState	engine/truth/LiveContinuity6392.kt	READBACK_PREDICATE_ADVISORY	State/readback/predicate/advisory surface; no independent authority implied by zero callers.
658	LiveContinuityPolicy6392	decisionHierarchyOrder	engine/truth/LiveContinuity6392.kt	TRUTH_INTERNAL_ZERO_CALLER	Canonical truth-layer zero-caller internal/compatibility declaration; retain unwired or delete, never fabricate a parallel caller.
659	LiveContinuityPolicy6392	expectedLossPct	engine/truth/LiveContinuity6392.kt	TRUTH_INTERNAL_ZERO_CALLER	Canonical truth-layer zero-caller internal/compatibility declaration; retain unwired or delete, never fabricate a parallel caller.
660	LiveContinuityPolicy6392	findOrAttach	engine/truth/LiveContinuity6392.kt	TRUTH_INTERNAL_ZERO_CALLER	Canonical truth-layer zero-caller internal/compatibility declaration; retain unwired or delete, never fabricate a parallel caller.
661	LiveContinuityPolicy6392	idempotentResult	engine/truth/LiveContinuity6392.kt	TRUTH_INTERNAL_ZERO_CALLER	Canonical truth-layer zero-caller internal/compatibility declaration; retain unwired or delete, never fabricate a parallel caller.
662	LiveContinuityPolicy6392	isBluechip	engine/truth/LiveContinuity6392.kt	READBACK_PREDICATE_ADVISORY	State/readback/predicate/advisory surface; no independent authority implied by zero callers.
663	LiveContinuityPolicy6392	markExpired	engine/truth/LiveContinuity6392.kt	EXPLICIT_CONTROL_MAINTENANCE	Explicit mutator/recovery/config/maintenance API; do not auto-call from trading hot path.
664	LiveContinuityPolicy6392	maxDelayMs	engine/truth/LiveContinuity6392.kt	TRUTH_INTERNAL_ZERO_CALLER	Canonical truth-layer zero-caller internal/compatibility declaration; retain unwired or delete, never fabricate a parallel caller.
665	LiveContinuityPolicy6392	maximumBuySol	engine/truth/LiveContinuity6392.kt	TRUTH_INTERNAL_ZERO_CALLER	Canonical truth-layer zero-caller internal/compatibility declaration; retain unwired or delete, never fabricate a parallel caller.
666	LiveContinuityPolicy6392	pendingExposureLamports	engine/truth/LiveContinuity6392.kt	TRUTH_INTERNAL_ZERO_CALLER	Canonical truth-layer zero-caller internal/compatibility declaration; retain unwired or delete, never fabricate a parallel caller.
667	LiveContinuityPolicy6392	quarantinedFor	engine/truth/LiveContinuity6392.kt	TRUTH_INTERNAL_ZERO_CALLER	Canonical truth-layer zero-caller internal/compatibility declaration; retain unwired or delete, never fabricate a parallel caller.
668	LiveContinuityPolicy6392	recordBroadcast	engine/truth/LiveContinuity6392.kt	TRUTH_INTERNAL_ZERO_CALLER	Canonical truth-layer zero-caller internal/compatibility declaration; retain unwired or delete, never fabricate a parallel caller.
669	LiveContinuityPolicy6392	recordProviderQuarantine	engine/truth/LiveContinuity6392.kt	TRUTH_INTERNAL_ZERO_CALLER	Canonical truth-layer zero-caller internal/compatibility declaration; retain unwired or delete, never fabricate a parallel caller.
670	LiveContinuityPolicy6392	resolveLaneForUnknown	engine/truth/LiveContinuity6392.kt	TRUTH_INTERNAL_ZERO_CALLER	Canonical truth-layer zero-caller internal/compatibility declaration; retain unwired or delete, never fabricate a parallel caller.
671	LiveContinuityPolicy6392	singleActivePositionInvariant	engine/truth/LiveContinuity6392.kt	TRUTH_INTERNAL_ZERO_CALLER	Canonical truth-layer zero-caller internal/compatibility declaration; retain unwired or delete, never fabricate a parallel caller.
672	LiveEntrySafetyHold	currentFloorAdjustment	engine/LiveEntrySafetyHold.kt	READBACK_PREDICATE_ADVISORY	State/readback/predicate/advisory surface; no independent authority implied by zero callers.
673	LiveEntrySafetyHold	resetGovernorWindow	engine/LiveEntrySafetyHold.kt	EXPLICIT_CONTROL_MAINTENANCE	Explicit mutator/recovery/config/maintenance API; do not auto-call from trading hot path.
674	LiveEntryThresholdAuthority6396	parityCheck	engine/truth/LiveEntryThresholdAuthority6396.kt	TRUTH_INTERNAL_ZERO_CALLER	Canonical truth-layer zero-caller internal/compatibility declaration; retain unwired or delete, never fabricate a parallel caller.
675	LiveEntryThresholdAuthority6396	positiveLaneRelax	engine/truth/LiveEntryThresholdAuthority6396.kt	TRUTH_INTERNAL_ZERO_CALLER	Canonical truth-layer zero-caller internal/compatibility declaration; retain unwired or delete, never fabricate a parallel caller.
676	LiveExecutionGate	buyCompleted	engine/LiveExecutionGate.kt	LEGACY_ZERO_CALLER_DO_NOT_AUTOWIRE	No production caller found in static ledger; classify as legacy/internal dead declaration pending deletion or explicit redesign, not arbitrary wiring.
677	LiveExecutionReadiness6411	toTile	engine/truth/LiveExecutionReadiness6411.kt	TRUTH_INTERNAL_ZERO_CALLER	Canonical truth-layer zero-caller internal/compatibility declaration; retain unwired or delete, never fabricate a parallel caller.
678	LiveExitOnlyMode6387	currentIndex	engine/truth/LiveTruthExitAuthority6387.kt	READBACK_PREDICATE_ADVISORY	State/readback/predicate/advisory surface; no independent authority implied by zero callers.
679	LiveExitOnlyMode6387	evaluateHealth	engine/truth/LiveTruthExitAuthority6387.kt	TRUTH_INTERNAL_ZERO_CALLER	Canonical truth-layer zero-caller internal/compatibility declaration; retain unwired or delete, never fabricate a parallel caller.
680	LiveExitOnlyMode6387	isConfirmedZero	engine/truth/LiveTruthExitAuthority6387.kt	READBACK_PREDICATE_ADVISORY	State/readback/predicate/advisory surface; no independent authority implied by zero callers.
681	LiveExitOnlyMode6387	isJobActive	engine/truth/LiveTruthExitAuthority6387.kt	READBACK_PREDICATE_ADVISORY	State/readback/predicate/advisory surface; no independent authority implied by zero callers.
682	LiveExitOnlyMode6387	neverResetOnLaneReassignment	engine/truth/LiveTruthExitAuthority6387.kt	TRUTH_INTERNAL_ZERO_CALLER	Canonical truth-layer zero-caller internal/compatibility declaration; retain unwired or delete, never fabricate a parallel caller.
683	LiveExitOnlyMode6387	rankSources	engine/truth/LiveTruthExitAuthority6387.kt	TRUTH_INTERNAL_ZERO_CALLER	Canonical truth-layer zero-caller internal/compatibility declaration; retain unwired or delete, never fabricate a parallel caller.
684	LiveExitOnlyMode6387	requiresReset	engine/truth/LiveTruthExitAuthority6387.kt	TRUTH_INTERNAL_ZERO_CALLER	Canonical truth-layer zero-caller internal/compatibility declaration; retain unwired or delete, never fabricate a parallel caller.
685	LiveExitOnlyMode6387	tryAdvance	engine/truth/LiveTruthExitAuthority6387.kt	TRUTH_INTERNAL_ZERO_CALLER	Canonical truth-layer zero-caller internal/compatibility declaration; retain unwired or delete, never fabricate a parallel caller.
686	LiveLaneGovernor	preBuyBleederPause	engine/LiveLaneGovernor.kt	LEGACY_ZERO_CALLER_DO_NOT_AUTOWIRE	No production caller found in static ledger; classify as legacy/internal dead declaration pending deletion or explicit redesign, not arbitrary wiring.
687	LiveLaneGovernor	preBuyBleederPauseWithSetup	engine/LiveLaneGovernor.kt	LEGACY_ZERO_CALLER_DO_NOT_AUTOWIRE	No production caller found in static ledger; classify as legacy/internal dead declaration pending deletion or explicit redesign, not arbitrary wiring.
688	LiveLaneGovernor	releaseLane	engine/LiveLaneGovernor.kt	EXPLICIT_CONTROL_MAINTENANCE	Explicit mutator/recovery/config/maintenance API; do not auto-call from trading hot path.
689	LiveLayerGateRelaxer	floorMultiplierForToken	engine/LiveLayerGateRelaxer.kt	LEGACY_ZERO_CALLER_DO_NOT_AUTOWIRE	No production caller found in static ledger; classify as legacy/internal dead declaration pending deletion or explicit redesign, not arbitrary wiring.
690	LiveLayerGateRelaxer	setMultiplier	engine/LiveLayerGateRelaxer.kt	EXPLICIT_CONTROL_MAINTENANCE	Explicit mutator/recovery/config/maintenance API; do not auto-call from trading hot path.
691	LivePipelineTrace6431	bumpStage	engine/truth/LivePipelineTrace6431.kt	READBACK_PREDICATE_ADVISORY	State/readback/predicate/advisory surface; no independent authority implied by zero callers.
692	LivePositionCloseAuthority	isUntrustedRpc	engine/sell/LivePositionCloseAuthority.kt	READBACK_PREDICATE_ADVISORY	State/readback/predicate/advisory surface; no independent authority implied by zero callers.
693	LiveProbeEntry	activeProbeCount	engine/LiveProbeEntry.kt	READBACK_PREDICATE_ADVISORY	State/readback/predicate/advisory surface; no independent authority implied by zero callers.
694	LiveProbeEntry	hasActiveProbe	engine/LiveProbeEntry.kt	READBACK_PREDICATE_ADVISORY	State/readback/predicate/advisory surface; no independent authority implied by zero callers.
695	LiveProbeEntry	probeSizeFor	engine/LiveProbeEntry.kt	READBACK_PREDICATE_ADVISORY	State/readback/predicate/advisory surface; no independent authority implied by zero callers.
696	LiveProviderQuorum	hostDegraded	engine/LiveProviderQuorum.kt	LEGACY_ZERO_CALLER_DO_NOT_AUTOWIRE	No production caller found in static ledger; classify as legacy/internal dead declaration pending deletion or explicit redesign, not arbitrary wiring.
697	LiveProviderQuorum	hostHealthy	engine/LiveProviderQuorum.kt	LEGACY_ZERO_CALLER_DO_NOT_AUTOWIRE	No production caller found in static ledger; classify as legacy/internal dead declaration pending deletion or explicit redesign, not arbitrary wiring.
698	LiveRestoreExecutionPolicy	breakEvenCheck	engine/LiveRestoreExecutionPolicy.kt	LEGACY_ZERO_CALLER_DO_NOT_AUTOWIRE	No production caller found in static ledger; classify as legacy/internal dead declaration pending deletion or explicit redesign, not arbitrary wiring.
699	LiveSafetyCircuitBreaker	sessionPnlSol	engine/LiveSafetyCircuitBreaker.kt	READBACK_PREDICATE_ADVISORY	State/readback/predicate/advisory surface; no independent authority implied by zero callers.
700	LiveSafetyCircuitBreaker	sessionStartSol	engine/LiveSafetyCircuitBreaker.kt	LEGACY_ZERO_CALLER_DO_NOT_AUTOWIRE	No production caller found in static ledger; classify as legacy/internal dead declaration pending deletion or explicit redesign, not arbitrary wiring.
701	LiveSafetyCircuitBreaker	sessionStartedAt	engine/LiveSafetyCircuitBreaker.kt	LEGACY_ZERO_CALLER_DO_NOT_AUTOWIRE	No production caller found in static ledger; classify as legacy/internal dead declaration pending deletion or explicit redesign, not arbitrary wiring.
702	LiveSafetyFlags	totalRaised	engine/sell/LiveSafetyFlags.kt	LEGACY_ZERO_CALLER_DO_NOT_AUTOWIRE	No production caller found in static ledger; classify as legacy/internal dead declaration pending deletion or explicit redesign, not arbitrary wiring.
703	LiveSizingProfile	applyCompoundFloor	engine/LiveSizingProfile.kt	LEGACY_ZERO_CALLER_DO_NOT_AUTOWIRE	No production caller found in static ledger; classify as legacy/internal dead declaration pending deletion or explicit redesign, not arbitrary wiring.
704	LiveSizingProfile	dailyRampMultiplier	engine/LiveSizingProfile.kt	LEGACY_ZERO_CALLER_DO_NOT_AUTOWIRE	No production caller found in static ledger; classify as legacy/internal dead declaration pending deletion or explicit redesign, not arbitrary wiring.
705	LiveSizingProfile	dailyRealizedPnlPct	engine/LiveSizingProfile.kt	READBACK_PREDICATE_ADVISORY	State/readback/predicate/advisory surface; no independent authority implied by zero callers.
706	LiveSizingProfile	gateSizeMult	engine/LiveSizingProfile.kt	READBACK_PREDICATE_ADVISORY	State/readback/predicate/advisory surface; no independent authority implied by zero callers.
707	LiveStylePivotRouter	canLiveAdaptiveRelease	engine/LiveStylePivotRouter.kt	READBACK_PREDICATE_ADVISORY	State/readback/predicate/advisory surface; no independent authority implied by zero callers.
708	LiveStylePivotRouter	cleanProofForRelease	engine/LiveStylePivotRouter.kt	LEGACY_ZERO_CALLER_DO_NOT_AUTOWIRE	No production caller found in static ledger; classify as legacy/internal dead declaration pending deletion or explicit redesign, not arbitrary wiring.
709	LiveStylePivotRouter	laneLocalStyleFrom	engine/LiveStylePivotRouter.kt	LEGACY_ZERO_CALLER_DO_NOT_AUTOWIRE	No production caller found in static ledger; classify as legacy/internal dead declaration pending deletion or explicit redesign, not arbitrary wiring.
710	LiveStylePivotRouter	liveBootstrapGreen	engine/LiveStylePivotRouter.kt	LEGACY_ZERO_CALLER_DO_NOT_AUTOWIRE	No production caller found in static ledger; classify as legacy/internal dead declaration pending deletion or explicit redesign, not arbitrary wiring.
711	LiveWalletReconciler	isStarted	engine/sell/LiveWalletReconciler.kt	READBACK_PREDICATE_ADVISORY	State/readback/predicate/advisory surface; no independent authority implied by zero callers.
712	LiveWalletReconciler	lastBuySignature	engine/sell/LiveWalletReconciler.kt	READBACK_PREDICATE_ADVISORY	State/readback/predicate/advisory surface; no independent authority implied by zero callers.
713	LiveWalletReconciler	lastRunMs	engine/sell/LiveWalletReconciler.kt	READBACK_PREDICATE_ADVISORY	State/readback/predicate/advisory surface; no independent authority implied by zero callers.
714	LiveWalletReconciler	skippedDueToCooldown	engine/sell/LiveWalletReconciler.kt	LEGACY_ZERO_CALLER_DO_NOT_AUTOWIRE	No production caller found in static ledger; classify as legacy/internal dead declaration pending deletion or explicit redesign, not arbitrary wiring.
715	LiveWalletReconciler	totalRuns	engine/sell/LiveWalletReconciler.kt	LEGACY_ZERO_CALLER_DO_NOT_AUTOWIRE	No production caller found in static ledger; classify as legacy/internal dead declaration pending deletion or explicit redesign, not arbitrary wiring.
716	LiveWalletReconciler	totalUpdated	engine/sell/LiveWalletReconciler.kt	LEGACY_ZERO_CALLER_DO_NOT_AUTOWIRE	No production caller found in static ledger; classify as legacy/internal dead declaration pending deletion or explicit redesign, not arbitrary wiring.
717	LiveWinDNAStore	captureRatioByLane6925	engine/LiveWinDNAStore.kt	LEGACY_ZERO_CALLER_DO_NOT_AUTOWIRE	No production caller found in static ledger; classify as legacy/internal dead declaration pending deletion or explicit redesign, not arbitrary wiring.
718	LiveWinDNAStore	captureRatioOverall6925	engine/LiveWinDNAStore.kt	LEGACY_ZERO_CALLER_DO_NOT_AUTOWIRE	No production caller found in static ledger; classify as legacy/internal dead declaration pending deletion or explicit redesign, not arbitrary wiring.
719	LiveWinDNAStore	losingLaneFrequency	engine/LiveWinDNAStore.kt	LEGACY_ZERO_CALLER_DO_NOT_AUTOWIRE	No production caller found in static ledger; classify as legacy/internal dead declaration pending deletion or explicit redesign, not arbitrary wiring.
720	LiveWinDNAStore	routeFrequency	engine/LiveWinDNAStore.kt	LEGACY_ZERO_CALLER_DO_NOT_AUTOWIRE	No production caller found in static ledger; classify as legacy/internal dead declaration pending deletion or explicit redesign, not arbitrary wiring.
721	LlmLabEngine	requestTransferToMainPaper	engine/lab/LlmLabEngine.kt	LAB_BACKTEST_BACKGROUND	Lab/backtest/research surface; promotion requires a separate canonical transfer contract.
722	LlmLabStore	adjustLiveBalance	engine/lab/LlmLabStore.kt	LAB_BACKTEST_BACKGROUND	Lab/backtest/research surface; promotion requires a separate canonical transfer contract.
723	LlmLabStore	getLiveBalance	engine/lab/LlmLabStore.kt	LAB_BACKTEST_BACKGROUND	Lab/backtest/research surface; promotion requires a separate canonical transfer contract.
724	LocalOrphanStore	reconcileAll	collective/LocalOrphanStore.kt	BACKGROUND_IO_PROVIDER_HELPER	Network/database/provider surface; keep bounded/background or behind provider authority.
725	LockDiagnosticsTracker	inFlight	engine/diagnostics/LockDiagnosticsTracker.kt	LEGACY_ZERO_CALLER_DO_NOT_AUTOWIRE	No production caller found in static ledger; classify as legacy/internal dead declaration pending deletion or explicit redesign, not arbitrary wiring.
726	LoopCycleEmergencyEvict6352	totalShedCount	engine/LoopCycleEmergencyEvict6352.kt	READBACK_PREDICATE_ADVISORY	State/readback/predicate/advisory surface; no independent authority implied by zero callers.
727	LosingStreakReflex6439	consecutiveWinsNow	engine/truth/LosingStreakReflex6439.kt	TRUTH_INTERNAL_ZERO_CALLER	Canonical truth-layer zero-caller internal/compatibility declaration; retain unwired or delete, never fabricate a parallel caller.
728	ManipulatedTraderAI	getFluidMaxAge	v3/scoring/ManipulatedTraderAI.kt	READBACK_PREDICATE_ADVISORY	State/readback/predicate/advisory surface; no independent authority implied by zero callers.
729	ManipulatedTraderAI	getFluidPositionSize	v3/scoring/ManipulatedTraderAI.kt	READBACK_PREDICATE_ADVISORY	State/readback/predicate/advisory surface; no independent authority implied by zero callers.
730	ManipulatedTraderAI	noEnter	v3/scoring/ManipulatedTraderAI.kt	STRATEGY_INTERNAL_ZERO_CALLER	Strategy/perps internal zero-caller declaration; owning subsystem remains authoritative, direct wiring requires distinct non-duplicate evidence.
731	MarkAuthorityInvalidLatch6499	reasonOf	engine/truth/MarkAuthorityInvalidLatch6499.kt	TRUTH_INTERNAL_ZERO_CALLER	Canonical truth-layer zero-caller internal/compatibility declaration; retain unwired or delete, never fabricate a parallel caller.
732	MarketMarkGate6635	refuseBasisMutation6635	engine/truth/MarketMarkGate6635.kt	TRUTH_INTERNAL_ZERO_CALLER	Canonical truth-layer zero-caller internal/compatibility declaration; retain unwired or delete, never fabricate a parallel caller.
733	MarketRegimeAI	getRegimeDurationMinutes	engine/MarketRegimeAI.kt	READBACK_PREDICATE_ADVISORY	State/readback/predicate/advisory surface; no independent authority implied by zero callers.
734	MarketRegimeAI	getRegimeInfo	engine/MarketRegimeAI.kt	READBACK_PREDICATE_ADVISORY	State/readback/predicate/advisory surface; no independent authority implied by zero callers.
735	MarketStructureRouter	fluidMin	v3/modes/MarketStructureRouter.kt	STRATEGY_INTERNAL_ZERO_CALLER	Strategy/perps internal zero-caller declaration; owning subsystem remains authoritative, direct wiring requires distinct non-duplicate evidence.
736	MarketStructureRouter	getAIWeights	v3/modes/MarketStructureRouter.kt	READBACK_PREDICATE_ADVISORY	State/readback/predicate/advisory surface; no independent authority implied by zero callers.
737	MarketStructureRouter	getRawPositionParams	v3/modes/MarketStructureRouter.kt	READBACK_PREDICATE_ADVISORY	State/readback/predicate/advisory surface; no independent authority implied by zero callers.
738	MarketStructureRouter	isSuitableForLiquidity	v3/modes/MarketStructureRouter.kt	READBACK_PREDICATE_ADVISORY	State/readback/predicate/advisory surface; no independent authority implied by zero callers.
739	MarketsLiveExecutor	closeFlashPosition	perps/MarketsLiveExecutor.kt	STRATEGY_INTERNAL_ZERO_CALLER	Strategy/perps internal zero-caller declaration; owning subsystem remains authoritative, direct wiring requires distinct non-duplicate evidence.
740	MarketsLiveExecutor	closeLivePosition	perps/MarketsLiveExecutor.kt	STRATEGY_INTERNAL_ZERO_CALLER	Strategy/perps internal zero-caller declaration; owning subsystem remains authoritative, direct wiring requires distinct non-duplicate evidence.
741	MarketsLiveExecutor	collectTradingFeePublic	perps/MarketsLiveExecutor.kt	STRATEGY_INTERNAL_ZERO_CALLER	Strategy/perps internal zero-caller declaration; owning subsystem remains authoritative, direct wiring requires distinct non-duplicate evidence.
742	MarketsLiveExecutor	getSuccessRate	perps/MarketsLiveExecutor.kt	READBACK_PREDICATE_ADVISORY	State/readback/predicate/advisory surface; no independent authority implied by zero callers.
743	MarketsLiveExecutor	getTotalExecutions	perps/MarketsLiveExecutor.kt	READBACK_PREDICATE_ADVISORY	State/readback/predicate/advisory surface; no independent authority implied by zero callers.
744	MarketsLiveExecutor	getTotalFeesCollected	perps/MarketsLiveExecutor.kt	READBACK_PREDICATE_ADVISORY	State/readback/predicate/advisory surface; no independent authority implied by zero callers.
745	MarketsScanner	advancedScan	perps/MarketsScanner.kt	STRATEGY_INTERNAL_ZERO_CALLER	Strategy/perps internal zero-caller declaration; owning subsystem remains authoritative, direct wiring requires distinct non-duplicate evidence.
746	MarketsScanner	getCategoryStats	perps/MarketsScanner.kt	READBACK_PREDICATE_ADVISORY	State/readback/predicate/advisory surface; no independent authority implied by zero callers.
747	MarketsScanner	getChinaStocks	perps/MarketsScanner.kt	READBACK_PREDICATE_ADVISORY	State/readback/predicate/advisory surface; no independent authority implied by zero callers.
748	MarketsScanner	getEuropeStocks	perps/MarketsScanner.kt	READBACK_PREDICATE_ADVISORY	State/readback/predicate/advisory surface; no independent authority implied by zero callers.
749	MarketsScanner	getGoldMiners	perps/MarketsScanner.kt	READBACK_PREDICATE_ADVISORY	State/readback/predicate/advisory surface; no independent authority implied by zero callers.
750	MarketsScanner	getJapanStocks	perps/MarketsScanner.kt	READBACK_PREDICATE_ADVISORY	State/readback/predicate/advisory surface; no independent authority implied by zero callers.
751	MarketsScanner	getSilverMiners	perps/MarketsScanner.kt	READBACK_PREDICATE_ADVISORY	State/readback/predicate/advisory surface; no independent authority implied by zero callers.
752	MarketsScanner	getTopGainers	perps/MarketsScanner.kt	READBACK_PREDICATE_ADVISORY	State/readback/predicate/advisory surface; no independent authority implied by zero callers.
753	MarketsScanner	getTopLosers	perps/MarketsScanner.kt	READBACK_PREDICATE_ADVISORY	State/readback/predicate/advisory surface; no independent authority implied by zero callers.
754	MarketsScanner	getTotalAssetsCount	perps/MarketsScanner.kt	READBACK_PREDICATE_ADVISORY	State/readback/predicate/advisory surface; no independent authority implied by zero callers.
755	MarketsScanner	scanCategory	perps/MarketsScanner.kt	STRATEGY_INTERNAL_ZERO_CALLER	Strategy/perps internal zero-caller declaration; owning subsystem remains authoritative, direct wiring requires distinct non-duplicate evidence.
756	MathematicalEdgeEngine	captureFill	engine/MathematicalEdgeEngine.kt	LEGACY_ZERO_CALLER_DO_NOT_AUTOWIRE	No production caller found in static ledger; classify as legacy/internal dead declaration pending deletion or explicit redesign, not arbitrary wiring.
757	MemeEntryCoordinator6621	probeAliasing6621	engine/truth/MemeEntryCoordinator6621.kt	TRUTH_INTERNAL_ZERO_CALLER	Canonical truth-layer zero-caller internal/compatibility declaration; retain unwired or delete, never fabricate a parallel caller.
758	MemeEntryCoordinator6621	submitMemeSpecialistEntry6621	engine/truth/MemeEntryCoordinator6621.kt	TRUTH_INTERNAL_ZERO_CALLER	Canonical truth-layer zero-caller internal/compatibility declaration; retain unwired or delete, never fabricate a parallel caller.
759	MemeExecutionIntent6621	byAttemptId	engine/truth/MemeExecutionIntent6621.kt	TRUTH_INTERNAL_ZERO_CALLER	Canonical truth-layer zero-caller internal/compatibility declaration; retain unwired or delete, never fabricate a parallel caller.
760	MemeExecutionIntent6621	matchesTicketDimensions	engine/truth/MemeExecutionIntent6621.kt	TRUTH_INTERNAL_ZERO_CALLER	Canonical truth-layer zero-caller internal/compatibility declaration; retain unwired or delete, never fabricate a parallel caller.
761	MemeExecutionIntent6621	validateTicketRestore6621	engine/truth/MemeExecutionIntent6621.kt	TRUTH_INTERNAL_ZERO_CALLER	Canonical truth-layer zero-caller internal/compatibility declaration; retain unwired or delete, never fabricate a parallel caller.
762	MemeExecutionRouteStack	confirm	engine/execution/MemeExecutionRouteStack.kt	LEGACY_ZERO_CALLER_DO_NOT_AUTOWIRE	No production caller found in static ledger; classify as legacy/internal dead declaration pending deletion or explicit redesign, not arbitrary wiring.
763	MemeExecutionRouteStack	confirmationSource	engine/execution/MemeExecutionRouteStack.kt	LEGACY_ZERO_CALLER_DO_NOT_AUTOWIRE	No production caller found in static ledger; classify as legacy/internal dead declaration pending deletion or explicit redesign, not arbitrary wiring.
764	MemeExecutionRouteStack	emitStartupCoverageGauge6386	engine/execution/MemeExecutionRouteStack.kt	READBACK_PREDICATE_ADVISORY	State/readback/predicate/advisory surface; no independent authority implied by zero callers.
765	MemeExecutionRouteStack	failureClass	engine/execution/MemeExecutionRouteStack.kt	LEGACY_ZERO_CALLER_DO_NOT_AUTOWIRE	No production caller found in static ledger; classify as legacy/internal dead declaration pending deletion or explicit redesign, not arbitrary wiring.
766	MemeExecutionRouteStack	failureClass	engine/execution/MemeExecutionRouteStack.kt	LEGACY_ZERO_CALLER_DO_NOT_AUTOWIRE	No production caller found in static ledger; classify as legacy/internal dead declaration pending deletion or explicit redesign, not arbitrary wiring.
767	MemeExecutionRouteStack	finalProvider	engine/execution/MemeExecutionRouteStack.kt	LEGACY_ZERO_CALLER_DO_NOT_AUTOWIRE	No production caller found in static ledger; classify as legacy/internal dead declaration pending deletion or explicit redesign, not arbitrary wiring.
768	MemeExecutionRouteStack	markMintUnsupported	engine/execution/MemeExecutionRouteStack.kt	EXPLICIT_CONTROL_MAINTENANCE	Explicit mutator/recovery/config/maintenance API; do not auto-call from trading hot path.
769	MemeExecutionRouteStack	oldThreeRouteCollapse	engine/execution/MemeExecutionRouteStack.kt	LEGACY_ZERO_CALLER_DO_NOT_AUTOWIRE	No production caller found in static ledger; classify as legacy/internal dead declaration pending deletion or explicit redesign, not arbitrary wiring.
770	MemeExecutionRouteStack	providerFail	engine/execution/MemeExecutionRouteStack.kt	LEGACY_ZERO_CALLER_DO_NOT_AUTOWIRE	No production caller found in static ledger; classify as legacy/internal dead declaration pending deletion or explicit redesign, not arbitrary wiring.
771	MemeExecutionRouteStack	providerOrder	engine/execution/MemeExecutionRouteStack.kt	LEGACY_ZERO_CALLER_DO_NOT_AUTOWIRE	No production caller found in static ledger; classify as legacy/internal dead declaration pending deletion or explicit redesign, not arbitrary wiring.
772	MemeExecutionRouteStack	providerSuccess	engine/execution/MemeExecutionRouteStack.kt	LEGACY_ZERO_CALLER_DO_NOT_AUTOWIRE	No production caller found in static ledger; classify as legacy/internal dead declaration pending deletion or explicit redesign, not arbitrary wiring.
773	MemeExecutionRouteStack	providersUsedForIntel	engine/execution/MemeExecutionRouteStack.kt	LEGACY_ZERO_CALLER_DO_NOT_AUTOWIRE	No production caller found in static ledger; classify as legacy/internal dead declaration pending deletion or explicit redesign, not arbitrary wiring.
774	MemeExecutionRouteStack	quoteOrBuild	engine/execution/MemeExecutionRouteStack.kt	LEGACY_ZERO_CALLER_DO_NOT_AUTOWIRE	No production caller found in static ledger; classify as legacy/internal dead declaration pending deletion or explicit redesign, not arbitrary wiring.
775	MemeExecutionRouteStack	senderFail	engine/execution/MemeExecutionRouteStack.kt	LEGACY_ZERO_CALLER_DO_NOT_AUTOWIRE	No production caller found in static ledger; classify as legacy/internal dead declaration pending deletion or explicit redesign, not arbitrary wiring.
776	MemeExecutionRouteStack	senderOrder	engine/execution/MemeExecutionRouteStack.kt	LEGACY_ZERO_CALLER_DO_NOT_AUTOWIRE	No production caller found in static ledger; classify as legacy/internal dead declaration pending deletion or explicit redesign, not arbitrary wiring.
777	MemeExecutionRouteStack	senderSuccess	engine/execution/MemeExecutionRouteStack.kt	LEGACY_ZERO_CALLER_DO_NOT_AUTOWIRE	No production caller found in static ledger; classify as legacy/internal dead declaration pending deletion or explicit redesign, not arbitrary wiring.
778	MemeExecutionRouteStack	supports	engine/execution/MemeExecutionRouteStack.kt	LEGACY_ZERO_CALLER_DO_NOT_AUTOWIRE	No production caller found in static ledger; classify as legacy/internal dead declaration pending deletion or explicit redesign, not arbitrary wiring.
779	MemeExecutionRouteStack	supports	engine/execution/MemeExecutionRouteStack.kt	LEGACY_ZERO_CALLER_DO_NOT_AUTOWIRE	No production caller found in static ledger; classify as legacy/internal dead declaration pending deletion or explicit redesign, not arbitrary wiring.
780	MemeMintRegistry	evictStale	engine/MemeMintRegistry.kt	LEGACY_ZERO_CALLER_DO_NOT_AUTOWIRE	No production caller found in static ledger; classify as legacy/internal dead declaration pending deletion or explicit redesign, not arbitrary wiring.
781	MemeMintRegistry	touchBulk	engine/MemeMintRegistry.kt	LEGACY_ZERO_CALLER_DO_NOT_AUTOWIRE	No production caller found in static ledger; classify as legacy/internal dead declaration pending deletion or explicit redesign, not arbitrary wiring.
782	MemePipelineTracer	positionCapCheck	engine/MemePipelineTracer.kt	LEGACY_ZERO_CALLER_DO_NOT_AUTOWIRE	No production caller found in static ledger; classify as legacy/internal dead declaration pending deletion or explicit redesign, not arbitrary wiring.
783	MemeSellFinality6620	recordConfirmed6620	engine/truth/MemeSellFinality6620.kt	TRUTH_INTERNAL_ZERO_CALLER	Canonical truth-layer zero-caller internal/compatibility declaration; retain unwired or delete, never fabricate a parallel caller.
784	MemeSellFinality6620	recordKeptOpen6620	engine/truth/MemeSellFinality6620.kt	TRUTH_INTERNAL_ZERO_CALLER	Canonical truth-layer zero-caller internal/compatibility declaration; retain unwired or delete, never fabricate a parallel caller.
785	MemeSellFinality6620	recordStateReleasedWithoutConfirmation6620	engine/truth/MemeSellFinality6620.kt	READBACK_PREDICATE_ADVISORY	State/readback/predicate/advisory surface; no independent authority implied by zero callers.
786	MemeTraderFullAuditSweeper	openItems	engine/MemeTraderFullAuditSweeper.kt	LEGACY_ZERO_CALLER_DO_NOT_AUTOWIRE	No production caller found in static ledger; classify as legacy/internal dead declaration pending deletion or explicit redesign, not arbitrary wiring.
787	MemeVenueRouter	preferPumpNative	engine/sell/MemeVenueRouter.kt	LEGACY_ZERO_CALLER_DO_NOT_AUTOWIRE	No production caller found in static ledger; classify as legacy/internal dead declaration pending deletion or explicit redesign, not arbitrary wiring.
788	MemeVenueRouter	preferPumpNative	engine/sell/MemeVenueRouter.kt	LEGACY_ZERO_CALLER_DO_NOT_AUTOWIRE	No production caller found in static ledger; classify as legacy/internal dead declaration pending deletion or explicit redesign, not arbitrary wiring.
789	MetaCognitionAI	getLayerDashboard	v3/scoring/MetaCognitionAI.kt	READBACK_PREDICATE_ADVISORY	State/readback/predicate/advisory surface; no independent authority implied by zero callers.
790	MintIntegrityGate	isSilentStablePark	engine/execution/MintIntegrityGate.kt	READBACK_PREDICATE_ADVISORY	State/readback/predicate/advisory surface; no independent authority implied by zero callers.
791	MintWorkCoordinator6450	acquireOrAttach	engine/truth/MintWorkCoordinator6450.kt	TRUTH_INTERNAL_ZERO_CALLER	Canonical truth-layer zero-caller internal/compatibility declaration; retain unwired or delete, never fabricate a parallel caller.
792	ModeRouter	mapToExtendedMode	engine/ModeRouter.kt	LEGACY_ZERO_CALLER_DO_NOT_AUTOWIRE	No production caller found in static ledger; classify as legacy/internal dead declaration pending deletion or explicit redesign, not arbitrary wiring.
793	ModeSpecificGates	applyMultiplier	engine/ModeSpecificGates.kt	LEGACY_ZERO_CALLER_DO_NOT_AUTOWIRE	No production caller found in static ledger; classify as legacy/internal dead declaration pending deletion or explicit redesign, not arbitrary wiring.
794	ModeSpecificScanners	getCached	engine/ModeSpecificScanners.kt	READBACK_PREDICATE_ADVISORY	State/readback/predicate/advisory surface; no independent authority implied by zero callers.
795	ModeSpecificScanners	getMinBuyPressure	engine/ModeSpecificScanners.kt	READBACK_PREDICATE_ADVISORY	State/readback/predicate/advisory surface; no independent authority implied by zero callers.
796	ModeSpecificScanners	getMinDipDepth	engine/ModeSpecificScanners.kt	READBACK_PREDICATE_ADVISORY	State/readback/predicate/advisory surface; no independent authority implied by zero callers.
797	ModeSpecificScanners	getMinImpulse	engine/ModeSpecificScanners.kt	READBACK_PREDICATE_ADVISORY	State/readback/predicate/advisory surface; no independent authority implied by zero callers.
798	ModeSpecificScanners	scanBreakout	engine/ModeSpecificScanners.kt	LEGACY_ZERO_CALLER_DO_NOT_AUTOWIRE	No production caller found in static ledger; classify as legacy/internal dead declaration pending deletion or explicit redesign, not arbitrary wiring.
799	ModeSpecificScanners	scanFreshLaunch	engine/ModeSpecificScanners.kt	LEGACY_ZERO_CALLER_DO_NOT_AUTOWIRE	No production caller found in static ledger; classify as legacy/internal dead declaration pending deletion or explicit redesign, not arbitrary wiring.
800	ModeSpecificScanners	scanGraduation	engine/ModeSpecificScanners.kt	LEGACY_ZERO_CALLER_DO_NOT_AUTOWIRE	No production caller found in static ledger; classify as legacy/internal dead declaration pending deletion or explicit redesign, not arbitrary wiring.
801	ModeSpecificScanners	scanLiquidityRegime	engine/ModeSpecificScanners.kt	LEGACY_ZERO_CALLER_DO_NOT_AUTOWIRE	No production caller found in static ledger; classify as legacy/internal dead declaration pending deletion or explicit redesign, not arbitrary wiring.
802	ModeSpecificScanners	scanReversal	engine/ModeSpecificScanners.kt	LEGACY_ZERO_CALLER_DO_NOT_AUTOWIRE	No production caller found in static ledger; classify as legacy/internal dead declaration pending deletion or explicit redesign, not arbitrary wiring.
803	ModeSpecificScanners	scanSmartWallet	engine/ModeSpecificScanners.kt	LEGACY_ZERO_CALLER_DO_NOT_AUTOWIRE	No production caller found in static ledger; classify as legacy/internal dead declaration pending deletion or explicit redesign, not arbitrary wiring.
804	MoonshotTraderAI	cleanCollectiveWinners	v3/scoring/MoonshotTraderAI.kt	STRATEGY_INTERNAL_ZERO_CALLER	Strategy/perps internal zero-caller declaration; owning subsystem remains authoritative, direct wiring requires distinct non-duplicate evidence.
805	MoonshotTraderAI	getDailyHundredX	v3/scoring/MoonshotTraderAI.kt	READBACK_PREDICATE_ADVISORY	State/readback/predicate/advisory surface; no independent authority implied by zero callers.
806	MoonshotTraderAI	getDailyTenX	v3/scoring/MoonshotTraderAI.kt	READBACK_PREDICATE_ADVISORY	State/readback/predicate/advisory surface; no independent authority implied by zero callers.
807	MoonshotTraderAI	recordCollectiveWinner	v3/scoring/MoonshotTraderAI.kt	STRATEGY_INTERNAL_ZERO_CALLER	Strategy/perps internal zero-caller declaration; owning subsystem remains authoritative, direct wiring requires distinct non-duplicate evidence.
808	MultiChainWalletGenerator6546	fromMnemonic	engine/MultiChainWalletGenerator6546.kt	LEGACY_ZERO_CALLER_DO_NOT_AUTOWIRE	No production caller found in static ledger; classify as legacy/internal dead declaration pending deletion or explicit redesign, not arbitrary wiring.
809	MultiHorizonHolding6405	horizonFor	engine/truth/MultiHorizonHolding6405.kt	TRUTH_INTERNAL_ZERO_CALLER	Canonical truth-layer zero-caller internal/compatibility declaration; retain unwired or delete, never fabricate a parallel caller.
810	NarrativeDetectorAI	detectAllNarratives	engine/NarrativeDetectorAI.kt	LEGACY_ZERO_CALLER_DO_NOT_AUTOWIRE	No production caller found in static ledger; classify as legacy/internal dead declaration pending deletion or explicit redesign, not arbitrary wiring.
811	NetworkSignalAutoBuyer	getDailyRemaining	perps/NetworkSignalAutoBuyer.kt	READBACK_PREDICATE_ADVISORY	State/readback/predicate/advisory surface; no independent authority implied by zero callers.
812	NewsShockAI	getSlope	v3/scoring/NewsShockAI.kt	READBACK_PREDICATE_ADVISORY	State/readback/predicate/advisory surface; no independent authority implied by zero callers.
813	NoHardScoreEntryGateGuard6400	setHardGateActive	engine/truth/NoHardScoreEntryGateGuard6400.kt	EXPLICIT_CONTROL_MAINTENANCE	Explicit mutator/recovery/config/maintenance API; do not auto-call from trading hot path.
814	NoTradeObservationStore	totalSamples	engine/learning/NoTradeObservationStore.kt	LEGACY_ZERO_CALLER_DO_NOT_AUTOWIRE	No production caller found in static ledger; classify as legacy/internal dead declaration pending deletion or explicit redesign, not arbitrary wiring.
815	OpenPnlSanity	nearScale	engine/OpenPnlSanity.kt	LEGACY_ZERO_CALLER_DO_NOT_AUTOWIRE	No production caller found in static ledger; classify as legacy/internal dead declaration pending deletion or explicit redesign, not arbitrary wiring.
816	OrderFlowImbalanceAI	getCumulativeDelta	v3/scoring/OrderFlowImbalanceAI.kt	READBACK_PREDICATE_ADVISORY	State/readback/predicate/advisory surface; no independent authority implied by zero callers.
817	OrderFlowImbalanceAI	isAbsorbing	v3/scoring/OrderFlowImbalanceAI.kt	READBACK_PREDICATE_ADVISORY	State/readback/predicate/advisory surface; no independent authority implied by zero callers.
818	OrderSizeResolver6441	updatePaperExecutableMinimumSol	engine/truth/OrderSizeResolver6441.kt	TRUTH_INTERNAL_ZERO_CALLER	Canonical truth-layer zero-caller internal/compatibility declaration; retain unwired or delete, never fabricate a parallel caller.
819	OrthogonalSignals	calculateCorrelationAwareWeights	engine/OrthogonalSignals.kt	LEGACY_ZERO_CALLER_DO_NOT_AUTOWIRE	No production caller found in static ledger; classify as legacy/internal dead declaration pending deletion or explicit redesign, not arbitrary wiring.
820	OrthogonalSignals	calculateCrossTokenCorrelation	engine/OrthogonalSignals.kt	LEGACY_ZERO_CALLER_DO_NOT_AUTOWIRE	No production caller found in static ledger; classify as legacy/internal dead declaration pending deletion or explicit redesign, not arbitrary wiring.
821	OrthogonalSignals	calculateVolumeAnomaly	engine/OrthogonalSignals.kt	LEGACY_ZERO_CALLER_DO_NOT_AUTOWIRE	No production caller found in static ledger; classify as legacy/internal dead declaration pending deletion or explicit redesign, not arbitrary wiring.
822	OrthogonalSignals	computeAssessment	engine/OrthogonalSignals.kt	LEGACY_ZERO_CALLER_DO_NOT_AUTOWIRE	No production caller found in static ledger; classify as legacy/internal dead declaration pending deletion or explicit redesign, not arbitrary wiring.
823	OwnershipClassification6391	byMint	engine/truth/SellOnlyHoldRepair6391.kt	TRUTH_INTERNAL_ZERO_CALLER	Canonical truth-layer zero-caller internal/compatibility declaration; retain unwired or delete, never fabricate a parallel caller.
824	OwnershipClassification6391	completePlan	engine/truth/SellOnlyHoldRepair6391.kt	TRUTH_INTERNAL_ZERO_CALLER	Canonical truth-layer zero-caller internal/compatibility declaration; retain unwired or delete, never fabricate a parallel caller.
825	OwnershipClassification6391	distribution	engine/truth/SellOnlyHoldRepair6391.kt	TRUTH_INTERNAL_ZERO_CALLER	Canonical truth-layer zero-caller internal/compatibility declaration; retain unwired or delete, never fabricate a parallel caller.
826	OwnershipClassification6391	forceArm	engine/truth/SellOnlyHoldRepair6391.kt	EXPLICIT_CONTROL_MAINTENANCE	Explicit mutator/recovery/config/maintenance API; do not auto-call from trading hot path.
827	OwnershipClassification6391	hasAnyProof	engine/truth/SellOnlyHoldRepair6391.kt	READBACK_PREDICATE_ADVISORY	State/readback/predicate/advisory surface; no independent authority implied by zero callers.
828	OwnershipClassification6391	isValidEvent	engine/truth/SellOnlyHoldRepair6391.kt	READBACK_PREDICATE_ADVISORY	State/readback/predicate/advisory surface; no independent authority implied by zero callers.
829	OwnershipClassification6391	matrix	engine/truth/SellOnlyHoldRepair6391.kt	TRUTH_INTERNAL_ZERO_CALLER	Canonical truth-layer zero-caller internal/compatibility declaration; retain unwired or delete, never fabricate a parallel caller.
830	OwnershipClassification6391	openMintCount	engine/truth/SellOnlyHoldRepair6391.kt	READBACK_PREDICATE_ADVISORY	State/readback/predicate/advisory surface; no independent authority implied by zero callers.
831	OwnershipClassification6391	provenBotExposure	engine/truth/SellOnlyHoldRepair6391.kt	TRUTH_INTERNAL_ZERO_CALLER	Canonical truth-layer zero-caller internal/compatibility declaration; retain unwired or delete, never fabricate a parallel caller.
832	OwnershipClassification6391	redactedSchema	engine/truth/SellOnlyHoldRepair6391.kt	TRUTH_INTERNAL_ZERO_CALLER	Canonical truth-layer zero-caller internal/compatibility declaration; retain unwired or delete, never fabricate a parallel caller.
833	OwnershipClassification6391	shouldJournal	engine/truth/SellOnlyHoldRepair6391.kt	READBACK_PREDICATE_ADVISORY	State/readback/predicate/advisory surface; no independent authority implied by zero callers.
834	OwnershipClassification6391	terminal	engine/truth/SellOnlyHoldRepair6391.kt	TRUTH_INTERNAL_ZERO_CALLER	Canonical truth-layer zero-caller internal/compatibility declaration; retain unwired or delete, never fabricate a parallel caller.
835	PairPriceIdentity6395	registerChainDecimals	engine/truth/PairPriceIdentity6395.kt	EXPLICIT_CONTROL_MAINTENANCE	Explicit mutator/recovery/config/maintenance API; do not auto-call from trading hot path.
836	PaperAccountLedger6430	canAffordBuy	engine/truth/PaperAccountLedger6430.kt	READBACK_PREDICATE_ADVISORY	State/readback/predicate/advisory surface; no independent authority implied by zero callers.
837	PaperAccountLedger6430	hasPersistentState6487	engine/truth/PaperAccountLedger6430.kt	READBACK_PREDICATE_ADVISORY	State/readback/predicate/advisory surface; no independent authority implied by zero callers.
838	PaperAccountLedger6430	onBuyProvenanced6737	engine/truth/PaperAccountLedger6430.kt	TRUTH_INTERNAL_ZERO_CALLER	Canonical truth-layer zero-caller internal/compatibility declaration; retain unwired or delete, never fabricate a parallel caller.
839	PaperAccountLedger6430	onPositionPurged	engine/truth/PaperAccountLedger6430.kt	TRUTH_INTERNAL_ZERO_CALLER	Canonical truth-layer zero-caller internal/compatibility declaration; retain unwired or delete, never fabricate a parallel caller.
840	PaperAccountReplay6461	replayForTest	engine/truth/PaperAccountReplay6461.kt	TEST_HOOK_ONLY	Explicit test/reset/probe hook; never production-wire to satisfy static analysis.
841	PaperCapitalAuthority6577	accountId	engine/truth/PaperCapitalAuthority6577.kt	READBACK_PREDICATE_ADVISORY	State/readback/predicate/advisory surface; no independent authority implied by zero callers.
842	PaperCapitalAuthority6577	invariantCounts	engine/truth/PaperCapitalAuthority6577.kt	READBACK_PREDICATE_ADVISORY	State/readback/predicate/advisory surface; no independent authority implied by zero callers.
843	PaperCapitalAuthority6577	openMarketValueSol	engine/truth/PaperCapitalAuthority6577.kt	TRUTH_INTERNAL_ZERO_CALLER	Canonical truth-layer zero-caller internal/compatibility declaration; retain unwired or delete, never fabricate a parallel caller.
844	PaperCapitalAuthority6577	probeDebitReservation	engine/truth/PaperCapitalAuthority6577.kt	TRUTH_INTERNAL_ZERO_CALLER	Canonical truth-layer zero-caller internal/compatibility declaration; retain unwired or delete, never fabricate a parallel caller.
845	PaperCapitalAuthority6577	probeEquityConservation	engine/truth/PaperCapitalAuthority6577.kt	TRUTH_INTERNAL_ZERO_CALLER	Canonical truth-layer zero-caller internal/compatibility declaration; retain unwired or delete, never fabricate a parallel caller.
846	PaperCapitalAuthority6577	probeUiCash	engine/truth/PaperCapitalAuthority6577.kt	TRUTH_INTERNAL_ZERO_CALLER	Canonical truth-layer zero-caller internal/compatibility declaration; retain unwired or delete, never fabricate a parallel caller.
847	PaperCapitalAuthority6577	resetInvariantsForTest	engine/truth/PaperCapitalAuthority6577.kt	TEST_HOOK_ONLY	Explicit test/reset/probe hook; never production-wire to satisfy static analysis.
848	PaperCapitalAuthority6577	totalEquitySol	engine/truth/PaperCapitalAuthority6577.kt	TRUTH_INTERNAL_ZERO_CALLER	Canonical truth-layer zero-caller internal/compatibility declaration; retain unwired or delete, never fabricate a parallel caller.
849	PaperCatastrophicCloseIdempotency6497	isClaimed	engine/truth/PaperCatastrophicCloseIdempotency6497.kt	READBACK_PREDICATE_ADVISORY	State/readback/predicate/advisory surface; no independent authority implied by zero callers.
850	PaperEconomicAtomicCommit6632	bothStamped	engine/truth/PaperEconomicAtomicCommit6632.kt	TRUTH_INTERNAL_ZERO_CALLER	Canonical truth-layer zero-caller internal/compatibility declaration; retain unwired or delete, never fabricate a parallel caller.
851	PaperEconomicAtomicCommit6632	keyFromAttempt	engine/truth/PaperEconomicAtomicCommit6632.kt	TRUTH_INTERNAL_ZERO_CALLER	Canonical truth-layer zero-caller internal/compatibility declaration; retain unwired or delete, never fabricate a parallel caller.
852	PaperEconomicSnapshot6629	read6629	engine/truth/PaperEconomicSnapshot6629.kt	TRUTH_INTERNAL_ZERO_CALLER	Canonical truth-layer zero-caller internal/compatibility declaration; retain unwired or delete, never fabricate a parallel caller.
853	PaperLearningSanity	configuredMaxTradeSol	engine/PaperLearningSanity.kt	LEGACY_ZERO_CALLER_DO_NOT_AUTOWIRE	No production caller found in static ledger; classify as legacy/internal dead declaration pending deletion or explicit redesign, not arbitrary wiring.
854	PaperLearningSanity	configuredMinTradeSol	engine/PaperLearningSanity.kt	LEGACY_ZERO_CALLER_DO_NOT_AUTOWIRE	No production caller found in static ledger; classify as legacy/internal dead declaration pending deletion or explicit redesign, not arbitrary wiring.
855	PaperLedgerDivergenceGuard6731	stamped	engine/truth/PaperLedgerDivergenceGuard6731.kt	TRUTH_INTERNAL_ZERO_CALLER	Canonical truth-layer zero-caller internal/compatibility declaration; retain unwired or delete, never fabricate a parallel caller.
856	PaperLiveParityCreed6439	census6988	engine/truth/PaperLiveParityCreed6439.kt	TRUTH_INTERNAL_ZERO_CALLER	Canonical truth-layer zero-caller internal/compatibility declaration; retain unwired or delete, never fabricate a parallel caller.
857	PaperLiveParityKernel6405	setLane	engine/truth/PaperLiveParityKernel6405.kt	EXPLICIT_CONTROL_MAINTENANCE	Explicit mutator/recovery/config/maintenance API; do not auto-call from trading hot path.
858	PaperPositionDustInvariant6460	enforce	engine/truth/PaperPositionDustInvariant6460.kt	TRUTH_INTERNAL_ZERO_CALLER	Canonical truth-layer zero-caller internal/compatibility declaration; retain unwired or delete, never fabricate a parallel caller.
859	PaperQuantityRepresentation6514	effectiveRequested	engine/ExecutorPaperUtils.kt	LEGACY_ZERO_CALLER_DO_NOT_AUTOWIRE	No production caller found in static ledger; classify as legacy/internal dead declaration pending deletion or explicit redesign, not arbitrary wiring.
860	PaperSeededPrior6991	impactSurvival6992	engine/truth/PaperSeededPrior6991.kt	TRUTH_INTERNAL_ZERO_CALLER	Canonical truth-layer zero-caller internal/compatibility declaration; retain unwired or delete, never fabricate a parallel caller.
861	PaperSeededPrior6991	liveFade	engine/truth/PaperSeededPrior6991.kt	TRUTH_INTERNAL_ZERO_CALLER	Canonical truth-layer zero-caller internal/compatibility declaration; retain unwired or delete, never fabricate a parallel caller.
862	PaperSeededPrior6991	optimismWeightFor6992	engine/truth/PaperSeededPrior6991.kt	TRUTH_INTERNAL_ZERO_CALLER	Canonical truth-layer zero-caller internal/compatibility declaration; retain unwired or delete, never fabricate a parallel caller.
863	PaperTokenQuantityAuthority6509	journalSoldRaw	engine/truth/PaperTokenQuantityAuthority6509.kt	TRUTH_INTERNAL_ZERO_CALLER	Canonical truth-layer zero-caller internal/compatibility declaration; retain unwired or delete, never fabricate a parallel caller.
864	PaperWalletStore	markMode	engine/PaperWalletStore.kt	EXPLICIT_CONTROL_MAINTENANCE	Explicit mutator/recovery/config/maintenance API; do not auto-call from trading hot path.
865	PartialSellMismatchDetector	latestForMint	engine/sell/PartialSellMismatchDetector.kt	LEGACY_ZERO_CALLER_DO_NOT_AUTOWIRE	No production caller found in static ledger; classify as legacy/internal dead declaration pending deletion or explicit redesign, not arbitrary wiring.
866	PartialSellMismatchDetector	mismatchCount	engine/sell/PartialSellMismatchDetector.kt	READBACK_PREDICATE_ADVISORY	State/readback/predicate/advisory surface; no independent authority implied by zero callers.
867	PartialSellUnitTypes6461	toRatio	engine/truth/PartialSellUnitTypes6461.kt	TRUTH_INTERNAL_ZERO_CALLER	Canonical truth-layer zero-caller internal/compatibility declaration; retain unwired or delete, never fabricate a parallel caller.
868	PatternAutoTuner	applyAutoTune	engine/PatternAutoTuner.kt	LEGACY_ZERO_CALLER_DO_NOT_AUTOWIRE	No production caller found in static ledger; classify as legacy/internal dead declaration pending deletion or explicit redesign, not arbitrary wiring.
869	PatternAutoTuner	getLastUpdateTs	engine/PatternAutoTuner.kt	READBACK_PREDICATE_ADVISORY	State/readback/predicate/advisory surface; no independent authority implied by zero callers.
870	PatternAutoTuner	getTradesAnalyzed	engine/PatternAutoTuner.kt	READBACK_PREDICATE_ADVISORY	State/readback/predicate/advisory surface; no independent authority implied by zero callers.
871	PatternClassifier	getFeatureName	engine/PatternClassifier.kt	READBACK_PREDICATE_ADVISORY	State/readback/predicate/advisory surface; no independent authority implied by zero callers.
872	PeakDrawdownLock	lockPrice	engine/PeakDrawdownLock.kt	LEGACY_ZERO_CALLER_DO_NOT_AUTOWIRE	No production caller found in static ledger; classify as legacy/internal dead declaration pending deletion or explicit redesign, not arbitrary wiring.
873	PendingEntryProjectionGuard6461	pendingEntryPositions	engine/truth/PendingEntryProjectionGuard6461.kt	TRUTH_INTERNAL_ZERO_CALLER	Canonical truth-layer zero-caller internal/compatibility declaration; retain unwired or delete, never fabricate a parallel caller.
874	PendingSellQueue	isTemporary	engine/PendingSellQueue.kt	READBACK_PREDICATE_ADVISORY	State/readback/predicate/advisory surface; no independent authority implied by zero callers.
875	PerformanceAnalytics	lifetimeClosedCount	engine/PerformanceAnalytics.kt	READBACK_PREDICATE_ADVISORY	State/readback/predicate/advisory surface; no independent authority implied by zero callers.
876	PerformanceDoctrine6727	belowTarget	engine/truth/PerformanceDoctrine6727.kt	TRUTH_INTERNAL_ZERO_CALLER	Canonical truth-layer zero-caller internal/compatibility declaration; retain unwired or delete, never fabricate a parallel caller.
877	PerpsAdvancedAI	getBestTradingHours	perps/PerpsAdvancedAI.kt	READBACK_PREDICATE_ADVISORY	State/readback/predicate/advisory surface; no independent authority implied by zero callers.
878	PerpsAdvancedAI	getCorrelatedPositions	perps/PerpsAdvancedAI.kt	READBACK_PREDICATE_ADVISORY	State/readback/predicate/advisory surface; no independent authority implied by zero callers.
879	PerpsAdvancedAI	getSectorRotation	perps/PerpsAdvancedAI.kt	READBACK_PREDICATE_ADVISORY	State/readback/predicate/advisory surface; no independent authority implied by zero callers.
880	PerpsAdvancedAI	isHighlyCorrelated	perps/PerpsAdvancedAI.kt	READBACK_PREDICATE_ADVISORY	State/readback/predicate/advisory surface; no independent authority implied by zero callers.
881	PerpsAdvancedAI	isInHotSector	perps/PerpsAdvancedAI.kt	READBACK_PREDICATE_ADVISORY	State/readback/predicate/advisory surface; no independent authority implied by zero callers.
882	PerpsAutoReplayLearner	getLayerAdjustments	perps/PerpsAutoReplayLearner.kt	READBACK_PREDICATE_ADVISORY	State/readback/predicate/advisory surface; no independent authority implied by zero callers.
883	PerpsAutoReplayLearner	getTradeHistorySize	perps/PerpsAutoReplayLearner.kt	READBACK_PREDICATE_ADVISORY	State/readback/predicate/advisory surface; no independent authority implied by zero callers.
884	PerpsAutoReplayLearner	isLearning	perps/PerpsAutoReplayLearner.kt	READBACK_PREDICATE_ADVISORY	State/readback/predicate/advisory surface; no independent authority implied by zero callers.
885	PerpsCorrelationMatrix	analyzePortfolio	perps/PerpsCorrelationMatrix.kt	STRATEGY_INTERNAL_ZERO_CALLER	Strategy/perps internal zero-caller declaration; owning subsystem remains authoritative, direct wiring requires distinct non-duplicate evidence.
886	PerpsCorrelationMatrix	getCorrelationMatrix	perps/PerpsCorrelationMatrix.kt	READBACK_PREDICATE_ADVISORY	State/readback/predicate/advisory surface; no independent authority implied by zero callers.
887	PerpsCorrelationMatrix	getGroupMembers	perps/PerpsCorrelationMatrix.kt	READBACK_PREDICATE_ADVISORY	State/readback/predicate/advisory surface; no independent authority implied by zero callers.
888	PerpsCorrelationMatrix	getMarketGroup	perps/PerpsCorrelationMatrix.kt	READBACK_PREDICATE_ADVISORY	State/readback/predicate/advisory surface; no independent authority implied by zero callers.
889	PerpsDirection	isReadyForLive	perps/PerpsModels.kt	READBACK_PREDICATE_ADVISORY	State/readback/predicate/advisory surface; no independent authority implied by zero callers.
890	PerpsExecutionEngine	getExecutionCount	perps/PerpsExecutionEngine.kt	READBACK_PREDICATE_ADVISORY	State/readback/predicate/advisory surface; no independent authority implied by zero callers.
891	PerpsHandoffIdempotency6632	offerToPerps	engine/truth/PerpsHandoffIdempotency6632.kt	TRUTH_INTERNAL_ZERO_CALLER	Canonical truth-layer zero-caller internal/compatibility declaration; retain unwired or delete, never fabricate a parallel caller.
892	PerpsLaneGate	isShadowEnabled	engine/PerpsLaneGate.kt	READBACK_PREDICATE_ADVISORY	State/readback/predicate/advisory surface; no independent authority implied by zero callers.
893	PerpsLearningBridge	defaultLayersFor	perps/PerpsLearningBridge.kt	STRATEGY_INTERNAL_ZERO_CALLER	Strategy/perps internal zero-caller declaration; owning subsystem remains authoritative, direct wiring requires distinct non-duplicate evidence.
894	PerpsLearningBridge	getAssetClassStats	perps/PerpsLearningBridge.kt	READBACK_PREDICATE_ADVISORY	State/readback/predicate/advisory surface; no independent authority implied by zero callers.
895	PerpsLearningBridge	learnFromStockTrade	perps/PerpsLearningBridge.kt	STRATEGY_INTERNAL_ZERO_CALLER	Strategy/perps internal zero-caller declaration; owning subsystem remains authoritative, direct wiring requires distinct non-duplicate evidence.
896	PerpsLearningBridge	recordMemeTrade	perps/PerpsLearningBridge.kt	STRATEGY_INTERNAL_ZERO_CALLER	Strategy/perps internal zero-caller declaration; owning subsystem remains authoritative, direct wiring requires distinct non-duplicate evidence.
897	PerpsLearningBridge	reseedFrom	perps/PerpsLearningBridge.kt	STRATEGY_INTERNAL_ZERO_CALLER	Strategy/perps internal zero-caller declaration; owning subsystem remains authoritative, direct wiring requires distinct non-duplicate evidence.
898	PerpsLearningInsightsPanel	analyzeAndGenerateInsights	perps/PerpsLearningInsightsPanel.kt	READBACK_PREDICATE_ADVISORY	State/readback/predicate/advisory surface; no independent authority implied by zero callers.
899	PerpsLearningInsightsPanel	generateInsight	perps/PerpsLearningInsightsPanel.kt	READBACK_PREDICATE_ADVISORY	State/readback/predicate/advisory surface; no independent authority implied by zero callers.
900	PerpsLearningInsightsPanel	getActionableInsights	perps/PerpsLearningInsightsPanel.kt	READBACK_PREDICATE_ADVISORY	State/readback/predicate/advisory surface; no independent authority implied by zero callers.
901	PerpsLearningInsightsPanel	getHighPriorityInsights	perps/PerpsLearningInsightsPanel.kt	READBACK_PREDICATE_ADVISORY	State/readback/predicate/advisory surface; no independent authority implied by zero callers.
902	PerpsLearningInsightsPanel	getInsightsByType	perps/PerpsLearningInsightsPanel.kt	READBACK_PREDICATE_ADVISORY	State/readback/predicate/advisory surface; no independent authority implied by zero callers.
903	PerpsLearningInsightsPanel	getMarketInsights	perps/PerpsLearningInsightsPanel.kt	READBACK_PREDICATE_ADVISORY	State/readback/predicate/advisory surface; no independent authority implied by zero callers.
904	PerpsMarketDataFetcher	getAllMarketsData	perps/PerpsMarketDataFetcher.kt	READBACK_PREDICATE_ADVISORY	State/readback/predicate/advisory surface; no independent authority implied by zero callers.
905	PerpsMarketDataFetcher	refreshAllPrices	perps/PerpsMarketDataFetcher.kt	STRATEGY_INTERNAL_ZERO_CALLER	Strategy/perps internal zero-caller declaration; owning subsystem remains authoritative, direct wiring requires distinct non-duplicate evidence.
906	PerpsMarketScanners	getLastScanTime	perps/PerpsMarketScanners.kt	READBACK_PREDICATE_ADVISORY	State/readback/predicate/advisory surface; no independent authority implied by zero callers.
907	PerpsMarketScanners	getScannerStats	perps/PerpsMarketScanners.kt	READBACK_PREDICATE_ADVISORY	State/readback/predicate/advisory surface; no independent authority implied by zero callers.
908	PerpsMarketScanners	getTotalScans	perps/PerpsMarketScanners.kt	READBACK_PREDICATE_ADVISORY	State/readback/predicate/advisory surface; no independent authority implied by zero callers.
909	PerpsNotificationManager	notifyLearningMilestone	perps/PerpsNotificationManager.kt	STRATEGY_INTERNAL_ZERO_CALLER	Strategy/perps internal zero-caller declaration; owning subsystem remains authoritative, direct wiring requires distinct non-duplicate evidence.
910	PerpsNotificationManager	notifyLiquidationWarning	perps/PerpsNotificationManager.kt	STRATEGY_INTERNAL_ZERO_CALLER	Strategy/perps internal zero-caller declaration; owning subsystem remains authoritative, direct wiring requires distinct non-duplicate evidence.
911	PerpsNotificationManager	notifyMTFAlignment	perps/PerpsNotificationManager.kt	STRATEGY_INTERNAL_ZERO_CALLER	Strategy/perps internal zero-caller declaration; owning subsystem remains authoritative, direct wiring requires distinct non-duplicate evidence.
912	PerpsNotificationManager	setSoundEnabled	perps/PerpsNotificationManager.kt	EXPLICIT_CONTROL_MAINTENANCE	Explicit mutator/recovery/config/maintenance API; do not auto-call from trading hot path.
913	PerpsNotificationManager	setVibrationEnabled	perps/PerpsNotificationManager.kt	EXPLICIT_CONTROL_MAINTENANCE	Explicit mutator/recovery/config/maintenance API; do not auto-call from trading hot path.
914	PerpsPerformanceAttribution	getBottomLayers	perps/PerpsPerformanceAttribution.kt	READBACK_PREDICATE_ADVISORY	State/readback/predicate/advisory surface; no independent authority implied by zero callers.
915	PerpsPerformanceAttribution	getLayerStats	perps/PerpsPerformanceAttribution.kt	READBACK_PREDICATE_ADVISORY	State/readback/predicate/advisory surface; no independent authority implied by zero callers.
916	PerpsPerformanceAttribution	getLayersNeedingAttention	perps/PerpsPerformanceAttribution.kt	READBACK_PREDICATE_ADVISORY	State/readback/predicate/advisory surface; no independent authority implied by zero callers.
917	PerpsPerformanceAttribution	getSuggestedWeightAdjustments	perps/PerpsPerformanceAttribution.kt	READBACK_PREDICATE_ADVISORY	State/readback/predicate/advisory surface; no independent authority implied by zero callers.
918	PerpsPerformanceAttribution	getTopLayers	perps/PerpsPerformanceAttribution.kt	READBACK_PREDICATE_ADVISORY	State/readback/predicate/advisory surface; no independent authority implied by zero callers.
919	PerpsPositionSizer	getMarketStats	perps/PerpsPositionSizer.kt	READBACK_PREDICATE_ADVISORY	State/readback/predicate/advisory surface; no independent authority implied by zero callers.
920	PerpsSandbox6463	leverageOf	engine/truth/PerpsSandbox6463.kt	READBACK_PREDICATE_ADVISORY	State/readback/predicate/advisory surface; no independent authority implied by zero callers.
921	PerpsTradeHeatmap	getAvgPnl	perps/PerpsTradeHeatmap.kt	READBACK_PREDICATE_ADVISORY	State/readback/predicate/advisory surface; no independent authority implied by zero callers.
922	PerpsTradeHeatmap	getBestSetup	perps/PerpsTradeHeatmap.kt	READBACK_PREDICATE_ADVISORY	State/readback/predicate/advisory surface; no independent authority implied by zero callers.
923	PerpsTradeHeatmap	getBestTierForMarket	perps/PerpsTradeHeatmap.kt	READBACK_PREDICATE_ADVISORY	State/readback/predicate/advisory surface; no independent authority implied by zero callers.
924	PerpsTradeHeatmap	getBestTimeSlot	perps/PerpsTradeHeatmap.kt	READBACK_PREDICATE_ADVISORY	State/readback/predicate/advisory surface; no independent authority implied by zero callers.
925	PerpsTradeHeatmap	getColor	perps/PerpsTradeHeatmap.kt	READBACK_PREDICATE_ADVISORY	State/readback/predicate/advisory surface; no independent authority implied by zero callers.
926	PerpsTradeHeatmap	getHeatmapData	perps/PerpsTradeHeatmap.kt	READBACK_PREDICATE_ADVISORY	State/readback/predicate/advisory surface; no independent authority implied by zero callers.
927	PerpsTradeVisualizer	clearAllHistory	perps/PerpsTradeVisualizer.kt	EXPLICIT_CONTROL_MAINTENANCE	Explicit mutator/recovery/config/maintenance API; do not auto-call from trading hot path.
928	PerpsTraderAI	getCurrentStreak	perps/PerpsTraderAI.kt	READBACK_PREDICATE_ADVISORY	State/readback/predicate/advisory surface; no independent authority implied by zero callers.
929	PerpsTraderAI	getMaxLossStreak	perps/PerpsTraderAI.kt	READBACK_PREDICATE_ADVISORY	State/readback/predicate/advisory surface; no independent authority implied by zero callers.
930	PerpsTraderAI	getMaxWinStreak	perps/PerpsTraderAI.kt	READBACK_PREDICATE_ADVISORY	State/readback/predicate/advisory surface; no independent authority implied by zero callers.
931	PerpsTrailingStop	setGlobalConfig	perps/PerpsTrailingStop.kt	EXPLICIT_CONTROL_MAINTENANCE	Explicit mutator/recovery/config/maintenance API; do not auto-call from trading hot path.
932	PerpsUnifiedScorerBridge	openEntryCount	perps/PerpsUnifiedScorerBridge.kt	READBACK_PREDICATE_ADVISORY	State/readback/predicate/advisory surface; no independent authority implied by zero callers.
933	PerpsUnifiedScorerBridge	openEntrySymbols	perps/PerpsUnifiedScorerBridge.kt	STRATEGY_INTERNAL_ZERO_CALLER	Strategy/perps internal zero-caller declaration; owning subsystem remains authoritative, direct wiring requires distinct non-duplicate evidence.
934	PerpsUnifiedScorerBridge	reflexAbort	perps/PerpsUnifiedScorerBridge.kt	STRATEGY_INTERNAL_ZERO_CALLER	Strategy/perps internal zero-caller declaration; owning subsystem remains authoritative, direct wiring requires distinct non-duplicate evidence.
935	PersistentLearning	findLatestBackup	engine/PersistentLearning.kt	LEGACY_ZERO_CALLER_DO_NOT_AUTOWIRE	No production caller found in static ledger; classify as legacy/internal dead declaration pending deletion or explicit redesign, not arbitrary wiring.
936	PersistentLearning	getStoragePath	engine/PersistentLearning.kt	READBACK_PREDICATE_ADVISORY	State/readback/predicate/advisory surface; no independent authority implied by zero callers.
937	PersistentLearning	listBackups	engine/PersistentLearning.kt	LEGACY_ZERO_CALLER_DO_NOT_AUTOWIRE	No production caller found in static ledger; classify as legacy/internal dead declaration pending deletion or explicit redesign, not arbitrary wiring.
938	PersonaStudioActivity	customSoundFile	ui/PersonaStudioActivity.kt	PRODUCT_UI_VOICE_DEAD	Product/UI/voice surface; zero-caller does not imply trading wiring.
939	PersonaStudioActivity	hasCustomSound	ui/PersonaStudioActivity.kt	PRODUCT_UI_VOICE_DEAD	Product/UI/voice surface; zero-caller does not imply trading wiring.
940	PersonalityMemoryStore	getBio	engine/PersonalityMemoryStore.kt	READBACK_PREDICATE_ADVISORY	State/readback/predicate/advisory surface; no independent authority implied by zero callers.
941	PersonalityQuoteBanks	forPersona	engine/PersonalityQuoteBanks.kt	LEGACY_ZERO_CALLER_DO_NOT_AUTOWIRE	No production caller found in static ledger; classify as legacy/internal dead declaration pending deletion or explicit redesign, not arbitrary wiring.
942	PersonalityVoiceRegistry	quietHours	engine/voice/PersonalityVoiceRegistry.kt	PRODUCT_UI_VOICE_DEAD	Product/UI/voice surface; zero-caller does not imply trading wiring.
943	PersonalityVoiceRegistry	setBackupVoiceId	engine/voice/PersonalityVoiceRegistry.kt	PRODUCT_UI_VOICE_DEAD	Product/UI/voice surface; zero-caller does not imply trading wiring.
944	PersonalityVoiceRegistry	setQuietHours	engine/voice/PersonalityVoiceRegistry.kt	PRODUCT_UI_VOICE_DEAD	Product/UI/voice surface; zero-caller does not imply trading wiring.
945	PersonalityVoiceRegistry	setUseFlashForLive	engine/voice/PersonalityVoiceRegistry.kt	PRODUCT_UI_VOICE_DEAD	Product/UI/voice surface; zero-caller does not imply trading wiring.
946	PersonalityVoiceRegistry	setUsePremiumForDemos	engine/voice/PersonalityVoiceRegistry.kt	PRODUCT_UI_VOICE_DEAD	Product/UI/voice surface; zero-caller does not imply trading wiring.
947	PersonalityVoiceRegistry	setVoiceId	engine/voice/PersonalityVoiceRegistry.kt	PRODUCT_UI_VOICE_DEAD	Product/UI/voice surface; zero-caller does not imply trading wiring.
948	PersonalityVoiceRegistry	setVoiceMode	engine/voice/PersonalityVoiceRegistry.kt	PRODUCT_UI_VOICE_DEAD	Product/UI/voice surface; zero-caller does not imply trading wiring.
949	PersonalityVoiceRegistry	setVoiceSettings	engine/voice/PersonalityVoiceRegistry.kt	PRODUCT_UI_VOICE_DEAD	Product/UI/voice surface; zero-caller does not imply trading wiring.
950	PipelineHealthCollector	maxFrameGapMsNow	engine/PipelineHealthCollector.kt	LEGACY_ZERO_CALLER_DO_NOT_AUTOWIRE	No production caller found in static ledger; classify as legacy/internal dead declaration pending deletion or explicit redesign, not arbitrary wiring.
951	PipelineTracer	emitted	engine/PipelineTracer.kt	LEGACY_ZERO_CALLER_DO_NOT_AUTOWIRE	No production caller found in static ledger; classify as legacy/internal dead declaration pending deletion or explicit redesign, not arbitrary wiring.
952	PipelineTracer	endLoop	engine/PipelineTracer.kt	LEGACY_ZERO_CALLER_DO_NOT_AUTOWIRE	No production caller found in static ledger; classify as legacy/internal dead declaration pending deletion or explicit redesign, not arbitrary wiring.
953	PipelineTracer	executorSkipped	engine/PipelineTracer.kt	LEGACY_ZERO_CALLER_DO_NOT_AUTOWIRE	No production caller found in static ledger; classify as legacy/internal dead declaration pending deletion or explicit redesign, not arbitrary wiring.
954	PipelineTracer	executorSuccess	engine/PipelineTracer.kt	LEGACY_ZERO_CALLER_DO_NOT_AUTOWIRE	No production caller found in static ledger; classify as legacy/internal dead declaration pending deletion or explicit redesign, not arbitrary wiring.
955	PipelineTracer	fdgStart	engine/PipelineTracer.kt	LEGACY_ZERO_CALLER_DO_NOT_AUTOWIRE	No production caller found in static ledger; classify as legacy/internal dead declaration pending deletion or explicit redesign, not arbitrary wiring.
956	PipelineTracer	filterPassed	engine/PipelineTracer.kt	LEGACY_ZERO_CALLER_DO_NOT_AUTOWIRE	No production caller found in static ledger; classify as legacy/internal dead declaration pending deletion or explicit redesign, not arbitrary wiring.
957	PipelineTracer	filterRejected	engine/PipelineTracer.kt	LEGACY_ZERO_CALLER_DO_NOT_AUTOWIRE	No production caller found in static ledger; classify as legacy/internal dead declaration pending deletion or explicit redesign, not arbitrary wiring.
958	PipelineTracer	getLoopAggression	engine/PipelineTracer.kt	READBACK_PREDICATE_ADVISORY	State/readback/predicate/advisory surface; no independent authority implied by zero callers.
959	PipelineTracer	queued	engine/PipelineTracer.kt	LEGACY_ZERO_CALLER_DO_NOT_AUTOWIRE	No production caller found in static ledger; classify as legacy/internal dead declaration pending deletion or explicit redesign, not arbitrary wiring.
960	PipelineTracer	registryAdded	engine/PipelineTracer.kt	LEGACY_ZERO_CALLER_DO_NOT_AUTOWIRE	No production caller found in static ledger; classify as legacy/internal dead declaration pending deletion or explicit redesign, not arbitrary wiring.
961	PipelineTracer	scannerFound	engine/PipelineTracer.kt	LEGACY_ZERO_CALLER_DO_NOT_AUTOWIRE	No production caller found in static ledger; classify as legacy/internal dead declaration pending deletion or explicit redesign, not arbitrary wiring.
962	PipelineTracer	scannerRejected	engine/PipelineTracer.kt	LEGACY_ZERO_CALLER_DO_NOT_AUTOWIRE	No production caller found in static ledger; classify as legacy/internal dead declaration pending deletion or explicit redesign, not arbitrary wiring.
963	PipelineTracer	strategySkipped	engine/PipelineTracer.kt	READBACK_PREDICATE_ADVISORY	State/readback/predicate/advisory surface; no independent authority implied by zero callers.
964	PipelineTracer	strategyStart	engine/PipelineTracer.kt	READBACK_PREDICATE_ADVISORY	State/readback/predicate/advisory surface; no independent authority implied by zero callers.
965	PortfolioAnalytics	calculateCorrelations	engine/quant/PortfolioAnalytics.kt	RUNTIME_QUANT_LEARNING_UTILITY	Runtime/quant/learning utility surface; no autonomous execution authority.
966	PortfolioAnalytics	generateHeatMap	engine/quant/PortfolioAnalytics.kt	READBACK_PREDICATE_ADVISORY	State/readback/predicate/advisory surface; no independent authority implied by zero callers.
967	PortfolioHeatAI	excess	v4/meta/PortfolioHeatAI.kt	STRATEGY_INTERNAL_ZERO_CALLER	Strategy/perps internal zero-caller declaration; owning subsystem remains authoritative, direct wiring requires distinct non-duplicate evidence.
968	PortfolioHeatAI	isNewEntryAllowed	v4/meta/PortfolioHeatAI.kt	READBACK_PREDICATE_ADVISORY	State/readback/predicate/advisory surface; no independent authority implied by zero callers.
969	PortfolioStore6405	findPosition	engine/truth/PortfolioStore6405.kt	TRUTH_INTERNAL_ZERO_CALLER	Canonical truth-layer zero-caller internal/compatibility declaration; retain unwired or delete, never fabricate a parallel caller.
970	PositionCloseLedger	recordOf	engine/PositionCloseLedger.kt	LEGACY_ZERO_CALLER_DO_NOT_AUTOWIRE	No production caller found in static ledger; classify as legacy/internal dead declaration pending deletion or explicit redesign, not arbitrary wiring.
971	PositionCostBasisRepair6412	repairedPnlPct	engine/truth/PositionCostBasisRepair6412.kt	READBACK_PREDICATE_ADVISORY	State/readback/predicate/advisory surface; no independent authority implied by zero callers.
972	PositionIdentity6395	canonicalId	engine/truth/PositionIdentity6395.kt	READBACK_PREDICATE_ADVISORY	State/readback/predicate/advisory surface; no independent authority implied by zero callers.
973	PositionIdentity6395	laneAliases	engine/truth/PositionIdentity6395.kt	TRUTH_INTERNAL_ZERO_CALLER	Canonical truth-layer zero-caller internal/compatibility declaration; retain unwired or delete, never fabricate a parallel caller.
974	PositionIdentity6395	laneOwner	engine/truth/PositionIdentity6395.kt	TRUTH_INTERNAL_ZERO_CALLER	Canonical truth-layer zero-caller internal/compatibility declaration; retain unwired or delete, never fabricate a parallel caller.
975	PositionIdentity6395	walletFor	engine/truth/PositionIdentity6395.kt	TRUTH_INTERNAL_ZERO_CALLER	Canonical truth-layer zero-caller internal/compatibility declaration; retain unwired or delete, never fabricate a parallel caller.
976	PositionLifecycleFormalization6617	lastDeltas	engine/truth/PositionLifecycleFormalization6617.kt	READBACK_PREDICATE_ADVISORY	State/readback/predicate/advisory surface; no independent authority implied by zero callers.
977	PositionLifecycleFormalization6617	markReentryEligible	engine/truth/PositionLifecycleFormalization6617.kt	EXPLICIT_CONTROL_MAINTENANCE	Explicit mutator/recovery/config/maintenance API; do not auto-call from trading hot path.
978	PositionSizing	calculateGraduatedSize	engine/PositionSizing.kt	READBACK_PREDICATE_ADVISORY	State/readback/predicate/advisory surface; no independent authority implied by zero callers.
979	PositionSizing	calculateKellySize	engine/PositionSizing.kt	READBACK_PREDICATE_ADVISORY	State/readback/predicate/advisory surface; no independent authority implied by zero callers.
980	PositionSizing	calculateLiquidityBasedMax	engine/PositionSizing.kt	LEGACY_ZERO_CALLER_DO_NOT_AUTOWIRE	No production caller found in static ledger; classify as legacy/internal dead declaration pending deletion or explicit redesign, not arbitrary wiring.
981	PositionSizing	calculateScalingAmount	engine/PositionSizing.kt	LEGACY_ZERO_CALLER_DO_NOT_AUTOWIRE	No production caller found in static ledger; classify as legacy/internal dead declaration pending deletion or explicit redesign, not arbitrary wiring.
982	PositionSizing	shouldScale	engine/PositionSizing.kt	READBACK_PREDICATE_ADVISORY	State/readback/predicate/advisory surface; no independent authority implied by zero callers.
983	PositionViewModelStore6395	canShowLockedPercent	engine/truth/PositionViewModelStore6395.kt	READBACK_PREDICATE_ADVISORY	State/readback/predicate/advisory surface; no independent authority implied by zero callers.
984	PositionViewModelStore6395	getByMint	engine/truth/PositionViewModelStore6395.kt	READBACK_PREDICATE_ADVISORY	State/readback/predicate/advisory surface; no independent authority implied by zero callers.
985	PositionWalletReconciler	unregisterSource	engine/execution/PositionWalletReconciler.kt	LEGACY_ZERO_CALLER_DO_NOT_AUTOWIRE	No production caller found in static ledger; classify as legacy/internal dead declaration pending deletion or explicit redesign, not arbitrary wiring.
986	PreEntryDecisionRecord6345	toCompactLine	engine/PreEntryDecisionRecord6345.kt	LEGACY_ZERO_CALLER_DO_NOT_AUTOWIRE	No production caller found in static ledger; classify as legacy/internal dead declaration pending deletion or explicit redesign, not arbitrary wiring.
987	PreSupervisorBudgetGuard6437	canRun	engine/truth/PreSupervisorBudgetGuard6437.kt	READBACK_PREDICATE_ADVISORY	State/readback/predicate/advisory surface; no independent authority implied by zero callers.
988	PreSupervisorBudgetGuard6437	noteElapsed	engine/truth/PreSupervisorBudgetGuard6437.kt	TRUTH_INTERNAL_ZERO_CALLER	Canonical truth-layer zero-caller internal/compatibility declaration; retain unwired or delete, never fabricate a parallel caller.
989	PreSupervisorBudgetGuard6437	noteSkip	engine/truth/PreSupervisorBudgetGuard6437.kt	TRUTH_INTERNAL_ZERO_CALLER	Canonical truth-layer zero-caller internal/compatibility declaration; retain unwired or delete, never fabricate a parallel caller.
990	PreV3ReturnTelemetry6525	stampMint	engine/truth/PreV3ReturnTelemetry6525.kt	TRUTH_INTERNAL_ZERO_CALLER	Canonical truth-layer zero-caller internal/compatibility declaration; retain unwired or delete, never fabricate a parallel caller.
991	PriceAggregator	clearPrune	perps/PriceAggregator.kt	EXPLICIT_CONTROL_MAINTENANCE	Explicit mutator/recovery/config/maintenance API; do not auto-call from trading hot path.
992	PriceAggregator	getSourceStats	perps/PriceAggregator.kt	READBACK_PREDICATE_ADVISORY	State/readback/predicate/advisory surface; no independent authority implied by zero callers.
993	PriceDenomination6387	computeIdentityHash	engine/truth/CanonicalTokenPrice6387.kt	TRUTH_INTERNAL_ZERO_CALLER	Canonical truth-layer zero-caller internal/compatibility declaration; retain unwired or delete, never fabricate a parallel caller.
994	PriceIntegrityAuthority6405	recordPairLiquidity	engine/truth/PriceIntegrityAuthority6405.kt	TRUTH_INTERNAL_ZERO_CALLER	Canonical truth-layer zero-caller internal/compatibility declaration; retain unwired or delete, never fabricate a parallel caller.
995	ProfitabilityLayer	checkScaleOut	engine/ProfitabilityLayer.kt	LEGACY_ZERO_CALLER_DO_NOT_AUTOWIRE	No production caller found in static ledger; classify as legacy/internal dead declaration pending deletion or explicit redesign, not arbitrary wiring.
996	ProfitabilityLayer	confluenceMultiplier	engine/ProfitabilityLayer.kt	LEGACY_ZERO_CALLER_DO_NOT_AUTOWIRE	No production caller found in static ledger; classify as legacy/internal dead declaration pending deletion or explicit redesign, not arbitrary wiring.
997	ProfitabilityLayer	dynamicTargets	engine/ProfitabilityLayer.kt	LEGACY_ZERO_CALLER_DO_NOT_AUTOWIRE	No production caller found in static ledger; classify as legacy/internal dead declaration pending deletion or explicit redesign, not arbitrary wiring.
998	ProfitabilityLayer	isEvicted	engine/ProfitabilityLayer.kt	READBACK_PREDICATE_ADVISORY	State/readback/predicate/advisory surface; no independent authority implied by zero callers.
999	ProfitabilityLayer	notePriceFetch	engine/ProfitabilityLayer.kt	LEGACY_ZERO_CALLER_DO_NOT_AUTOWIRE	No production caller found in static ledger; classify as legacy/internal dead declaration pending deletion or explicit redesign, not arbitrary wiring.
1000	ProfitabilityLayer	streakMultiplier	engine/ProfitabilityLayer.kt	LEGACY_ZERO_CALLER_DO_NOT_AUTOWIRE	No production caller found in static ledger; classify as legacy/internal dead declaration pending deletion or explicit redesign, not arbitrary wiring.
1001	ProjectSniperAI	getActiveMissionCount	v3/scoring/ProjectSniperAI.kt	READBACK_PREDICATE_ADVISORY	State/readback/predicate/advisory surface; no independent authority implied by zero callers.
1002	ProjectSniperAI	updateExtracted	v3/scoring/ProjectSniperAI.kt	STRATEGY_INTERNAL_ZERO_CALLER	Strategy/perps internal zero-caller declaration; owning subsystem remains authoritative, direct wiring requires distinct non-duplicate evidence.
1003	ProjectSniperPhantomGuard6846	allowJournalBuy	engine/truth/ProjectSniperPhantomGuard6846.kt	TRUTH_INTERNAL_ZERO_CALLER	Canonical truth-layer zero-caller internal/compatibility declaration; retain unwired or delete, never fabricate a parallel caller.
1004	ProjectSniperPhantomGuard6846	enforceLane6846	engine/truth/ProjectSniperPhantomGuard6846.kt	TRUTH_INTERNAL_ZERO_CALLER	Canonical truth-layer zero-caller internal/compatibility declaration; retain unwired or delete, never fabricate a parallel caller.
1005	ProjectSniperPhantomGuard6846	stampExecutor	engine/truth/ProjectSniperPhantomGuard6846.kt	TRUTH_INTERNAL_ZERO_CALLER	Canonical truth-layer zero-caller internal/compatibility declaration; retain unwired or delete, never fabricate a parallel caller.
1006	ProjectSniperPhantomGuard6846	stampFdgSealed	engine/truth/ProjectSniperPhantomGuard6846.kt	TRUTH_INTERNAL_ZERO_CALLER	Canonical truth-layer zero-caller internal/compatibility declaration; retain unwired or delete, never fabricate a parallel caller.
1007	ProjectSniperPhantomGuard6846	stampIntent	engine/truth/ProjectSniperPhantomGuard6846.kt	TRUTH_INTERNAL_ZERO_CALLER	Canonical truth-layer zero-caller internal/compatibility declaration; retain unwired or delete, never fabricate a parallel caller.
1008	ProjectSniperPhantomGuard6846	stampMarkAuthoritative	engine/truth/ProjectSniperPhantomGuard6846.kt	TRUTH_INTERNAL_ZERO_CALLER	Canonical truth-layer zero-caller internal/compatibility declaration; retain unwired or delete, never fabricate a parallel caller.
1009	ProjectSniperPhantomGuard6846	stampOpen	engine/truth/ProjectSniperPhantomGuard6846.kt	TRUTH_INTERNAL_ZERO_CALLER	Canonical truth-layer zero-caller internal/compatibility declaration; retain unwired or delete, never fabricate a parallel caller.
1010	ProjectSniperPhantomGuard6846	stampOwnerSelected	engine/truth/ProjectSniperPhantomGuard6846.kt	TRUTH_INTERNAL_ZERO_CALLER	Canonical truth-layer zero-caller internal/compatibility declaration; retain unwired or delete, never fabricate a parallel caller.
1011	ProjectSniperPhantomGuard6846	stampSized	engine/truth/ProjectSniperPhantomGuard6846.kt	READBACK_PREDICATE_ADVISORY	State/readback/predicate/advisory surface; no independent authority implied by zero callers.
1012	ProjectSniperPhantomGuard6846	stampTicket	engine/truth/ProjectSniperPhantomGuard6846.kt	TRUTH_INTERNAL_ZERO_CALLER	Canonical truth-layer zero-caller internal/compatibility declaration; retain unwired or delete, never fabricate a parallel caller.
1013	ProofState6386	contributesToTruth	engine/truth/ProofState6386.kt	TRUTH_INTERNAL_ZERO_CALLER	Canonical truth-layer zero-caller internal/compatibility declaration; retain unwired or delete, never fabricate a parallel caller.
1014	ProofState6386	stateName	engine/truth/ProofState6386.kt	READBACK_PREDICATE_ADVISORY	State/readback/predicate/advisory surface; no independent authority implied by zero callers.
1015	ProtectiveExitScheduler6450	armedCount7027	engine/truth/ProtectiveExitScheduler6450.kt	READBACK_PREDICATE_ADVISORY	State/readback/predicate/advisory surface; no independent authority implied by zero callers.
1016	ProtectiveExitScheduler6450	attemptUntrigger	engine/truth/ProtectiveExitScheduler6450.kt	TRUTH_INTERNAL_ZERO_CALLER	Canonical truth-layer zero-caller internal/compatibility declaration; retain unwired or delete, never fabricate a parallel caller.
1017	ProtectiveExitScheduler6450	latchTrigger	engine/truth/ProtectiveExitScheduler6450.kt	TRUTH_INTERNAL_ZERO_CALLER	Canonical truth-layer zero-caller internal/compatibility declaration; retain unwired or delete, never fabricate a parallel caller.
1018	ProtectiveExitScheduler6450	noMarkCount7027	engine/truth/ProtectiveExitScheduler6450.kt	READBACK_PREDICATE_ADVISORY	State/readback/predicate/advisory surface; no independent authority implied by zero callers.
1019	ProvenanceAuthority6737	excludedEventIds	engine/truth/ProvenanceAuthority6737.kt	TRUTH_INTERNAL_ZERO_CALLER	Canonical truth-layer zero-caller internal/compatibility declaration; retain unwired or delete, never fabricate a parallel caller.
1020	ProvenanceAuthority6737	originOf	engine/truth/ProvenanceAuthority6737.kt	TRUTH_INTERNAL_ZERO_CALLER	Canonical truth-layer zero-caller internal/compatibility declaration; retain unwired or delete, never fabricate a parallel caller.
1021	ProvenanceAuthority6737	quarantineReasonOf	engine/truth/ProvenanceAuthority6737.kt	TRUTH_INTERNAL_ZERO_CALLER	Canonical truth-layer zero-caller internal/compatibility declaration; retain unwired or delete, never fabricate a parallel caller.
1022	ProvenanceAuthority6737	resetForTest6737	engine/truth/ProvenanceAuthority6737.kt	TEST_HOOK_ONLY	Explicit test/reset/probe hook; never production-wire to satisfy static analysis.
1023	ProviderAuthority	allowedRoles	engine/ProviderAuthority.kt	LEGACY_ZERO_CALLER_DO_NOT_AUTOWIRE	No production caller found in static ledger; classify as legacy/internal dead declaration pending deletion or explicit redesign, not arbitrary wiring.
1024	ProviderAuthority	canFulfill	engine/ProviderAuthority.kt	READBACK_PREDICATE_ADVISORY	State/readback/predicate/advisory surface; no independent authority implied by zero callers.
1025	ProviderAuthority	chooseAuthority	engine/ProviderAuthority.kt	LEGACY_ZERO_CALLER_DO_NOT_AUTOWIRE	No production caller found in static ledger; classify as legacy/internal dead declaration pending deletion or explicit redesign, not arbitrary wiring.
1026	ProviderAuthority	deviationPct	engine/ProviderAuthority.kt	LEGACY_ZERO_CALLER_DO_NOT_AUTOWIRE	No production caller found in static ledger; classify as legacy/internal dead declaration pending deletion or explicit redesign, not arbitrary wiring.
1027	ProviderAuthority	isDegraded	engine/ProviderAuthority.kt	READBACK_PREDICATE_ADVISORY	State/readback/predicate/advisory surface; no independent authority implied by zero callers.
1028	ProviderCircuitBreaker6402	resetAuthTerminal	engine/truth/ProviderCircuitBreaker6402.kt	EXPLICIT_CONTROL_MAINTENANCE	Explicit mutator/recovery/config/maintenance API; do not auto-call from trading hot path.
1029	ProviderCircuitBreaker6402	totalSkipEvents	engine/truth/ProviderCircuitBreaker6402.kt	TRUTH_INTERNAL_ZERO_CALLER	Canonical truth-layer zero-caller internal/compatibility declaration; retain unwired or delete, never fabricate a parallel caller.
1030	ProviderInferenceHealth6727	resetForTest6734	engine/truth/ProviderInferenceHealth6727.kt	TEST_HOOK_ONLY	Explicit test/reset/probe hook; never production-wire to satisfy static analysis.
1031	ProviderInferenceHealth6727	shouldReprobe	engine/truth/ProviderInferenceHealth6727.kt	READBACK_PREDICATE_ADVISORY	State/readback/predicate/advisory surface; no independent authority implied by zero callers.
1032	PumpFunPriceUnits7017	wholeSupply	engine/PumpFunPriceUnits7017.kt	LEGACY_ZERO_CALLER_DO_NOT_AUTOWIRE	No production caller found in static ledger; classify as legacy/internal dead declaration pending deletion or explicit redesign, not arbitrary wiring.
1033	PumpPortalKillSwitch	armForSession	engine/sell/PumpPortalKillSwitch.kt	LEGACY_ZERO_CALLER_DO_NOT_AUTOWIRE	No production caller found in static ledger; classify as legacy/internal dead declaration pending deletion or explicit redesign, not arbitrary wiring.
1034	PumpPortalKillSwitch	trippedAtMs	engine/sell/PumpPortalKillSwitch.kt	LEGACY_ZERO_CALLER_DO_NOT_AUTOWIRE	No production caller found in static ledger; classify as legacy/internal dead declaration pending deletion or explicit redesign, not arbitrary wiring.
1035	PythOracle	isPriceFeedHealthy	perps/PythOracle.kt	READBACK_PREDICATE_ADVISORY	State/readback/predicate/advisory surface; no independent authority implied by zero callers.
1036	PythOracle	isTradable	perps/PythOracle.kt	READBACK_PREDICATE_ADVISORY	State/readback/predicate/advisory surface; no independent authority implied by zero callers.
1037	QualityLadder	targetWr	engine/QualityLadder.kt	LEGACY_ZERO_CALLER_DO_NOT_AUTOWIRE	No production caller found in static ledger; classify as legacy/internal dead declaration pending deletion or explicit redesign, not arbitrary wiring.
1038	QuantMetrics	calculateCVaR	engine/quant/QuantMetrics.kt	RUNTIME_QUANT_LEARNING_UTILITY	Runtime/quant/learning utility surface; no autonomous execution authority.
1039	QuantMetrics	calculateCalmarRatio	engine/quant/QuantMetrics.kt	RUNTIME_QUANT_LEARNING_UTILITY	Runtime/quant/learning utility surface; no autonomous execution authority.
1040	QuantMetrics	calculateSharpeRatio	engine/quant/QuantMetrics.kt	RUNTIME_QUANT_LEARNING_UTILITY	Runtime/quant/learning utility surface; no autonomous execution authority.
1041	QuantMetrics	calculateSortinoRatio	engine/quant/QuantMetrics.kt	RUNTIME_QUANT_LEARNING_UTILITY	Runtime/quant/learning utility surface; no autonomous execution authority.
1042	QuantMetrics	calculateVaR	engine/quant/QuantMetrics.kt	RUNTIME_QUANT_LEARNING_UTILITY	Runtime/quant/learning utility surface; no autonomous execution authority.
1043	QuantMetrics	updateEquity	engine/quant/QuantMetrics.kt	RUNTIME_QUANT_LEARNING_UTILITY	Runtime/quant/learning utility surface; no autonomous execution authority.
1044	QuantMindV2	getKellyFraction	engine/quant/QuantMindV2.kt	READBACK_PREDICATE_ADVISORY	State/readback/predicate/advisory surface; no independent authority implied by zero callers.
1045	QuantMindV2	getOptimalLeverage	engine/quant/QuantMindV2.kt	READBACK_PREDICATE_ADVISORY	State/readback/predicate/advisory surface; no independent authority implied by zero callers.
1046	QuantMindV2	getOverallGrade	engine/quant/QuantMindV2.kt	READBACK_PREDICATE_ADVISORY	State/readback/predicate/advisory surface; no independent authority implied by zero callers.
1047	QuantMindV2	getRegimePerformance	engine/quant/QuantMindV2.kt	READBACK_PREDICATE_ADVISORY	State/readback/predicate/advisory surface; no independent authority implied by zero callers.
1048	QuantMindV2	getRegimeSharpe	engine/quant/QuantMindV2.kt	READBACK_PREDICATE_ADVISORY	State/readback/predicate/advisory surface; no independent authority implied by zero callers.
1049	QuantMindV2	getStrategyMetrics	engine/quant/QuantMindV2.kt	READBACK_PREDICATE_ADVISORY	State/readback/predicate/advisory surface; no independent authority implied by zero callers.
1050	QuantityInvariantAuthority6500	validateAndQuarantine	engine/truth/QuantityInvariantAuthority6500.kt	TRUTH_INTERNAL_ZERO_CALLER	Canonical truth-layer zero-caller internal/compatibility declaration; retain unwired or delete, never fabricate a parallel caller.
1051	RateLimiter	getAllUsage	engine/RateLimiter.kt	READBACK_PREDICATE_ADVISORY	State/readback/predicate/advisory surface; no independent authority implied by zero callers.
1052	RateLimiter	getEffectiveLimit	engine/RateLimiter.kt	READBACK_PREDICATE_ADVISORY	State/readback/predicate/advisory surface; no independent authority implied by zero callers.
1053	RateLimiter	getRetryAfterMs	engine/RateLimiter.kt	READBACK_PREDICATE_ADVISORY	State/readback/predicate/advisory surface; no independent authority implied by zero callers.
1054	RateLimiter	getUsage	engine/RateLimiter.kt	READBACK_PREDICATE_ADVISORY	State/readback/predicate/advisory surface; no independent authority implied by zero callers.
1055	RateLimiter	waitForSlot	engine/RateLimiter.kt	LEGACY_ZERO_CALLER_DO_NOT_AUTOWIRE	No production caller found in static ledger; classify as legacy/internal dead declaration pending deletion or explicit redesign, not arbitrary wiring.
1056	ReEntryLockout	lockReason	engine/ReEntryLockout.kt	LEGACY_ZERO_CALLER_DO_NOT_AUTOWIRE	No production caller found in static ledger; classify as legacy/internal dead declaration pending deletion or explicit redesign, not arbitrary wiring.
1057	ReEntryLockout	lockReasonAdaptive	engine/ReEntryLockout.kt	LEGACY_ZERO_CALLER_DO_NOT_AUTOWIRE	No production caller found in static ledger; classify as legacy/internal dead declaration pending deletion or explicit redesign, not arbitrary wiring.
1058	ReconcilerCadenceAuthority6459	noteFullPass	engine/truth/ReconcilerCadenceAuthority6459.kt	TRUTH_INTERNAL_ZERO_CALLER	Canonical truth-layer zero-caller internal/compatibility declaration; retain unwired or delete, never fabricate a parallel caller.
1059	ReconcilerCadenceAuthority6459	noteQuickPass	engine/truth/ReconcilerCadenceAuthority6459.kt	TRUTH_INTERNAL_ZERO_CALLER	Canonical truth-layer zero-caller internal/compatibility declaration; retain unwired or delete, never fabricate a parallel caller.
1060	ReconciliationCoordinator6387	activeJobsCount	engine/truth/ReconciliationCoordinator6387.kt	READBACK_PREDICATE_ADVISORY	State/readback/predicate/advisory surface; no independent authority implied by zero callers.
1061	ReconciliationCoordinator6387	advance	engine/truth/ReconciliationCoordinator6387.kt	TRUTH_INTERNAL_ZERO_CALLER	Canonical truth-layer zero-caller internal/compatibility declaration; retain unwired or delete, never fabricate a parallel caller.
1062	ReconciliationCoordinator6387	tryBegin	engine/truth/ReconciliationCoordinator6387.kt	TRUTH_INTERNAL_ZERO_CALLER	Canonical truth-layer zero-caller internal/compatibility declaration; retain unwired or delete, never fabricate a parallel caller.
1063	RecoveredHoldGuard	graceRemainingMs	engine/RecoveredHoldGuard.kt	LEGACY_ZERO_CALLER_DO_NOT_AUTOWIRE	No production caller found in static ledger; classify as legacy/internal dead declaration pending deletion or explicit redesign, not arbitrary wiring.
1064	RecoveryLockUnlocker	attemptOnce	engine/sell/RecoveryLockUnlocker.kt	LEGACY_ZERO_CALLER_DO_NOT_AUTOWIRE	No production caller found in static ledger; classify as legacy/internal dead declaration pending deletion or explicit redesign, not arbitrary wiring.
1065	ReentryGuard	clearLockout	engine/ReentryGuard.kt	EXPLICIT_CONTROL_MAINTENANCE	Explicit mutator/recovery/config/maintenance API; do not auto-call from trading hot path.
1066	ReentryGuard	getLockoutInfo	engine/ReentryGuard.kt	READBACK_PREDICATE_ADVISORY	State/readback/predicate/advisory surface; no independent authority implied by zero callers.
1067	ReentryGuard	getRemainingMinutes	engine/ReentryGuard.kt	READBACK_PREDICATE_ADVISORY	State/readback/predicate/advisory surface; no independent authority implied by zero callers.
1068	ReentryGuard	isSecondMoonHot	engine/ReentryGuard.kt	READBACK_PREDICATE_ADVISORY	State/readback/predicate/advisory surface; no independent authority implied by zero callers.
1069	ReentryRecoveryMode	recordReentryAttempt	engine/ReentryRecoveryMode.kt	LEGACY_ZERO_CALLER_DO_NOT_AUTOWIRE	No production caller found in static ledger; classify as legacy/internal dead declaration pending deletion or explicit redesign, not arbitrary wiring.
1070	ReentryRecoveryMode	recordReentryOutcome	engine/ReentryRecoveryMode.kt	LEGACY_ZERO_CALLER_DO_NOT_AUTOWIRE	No production caller found in static ledger; classify as legacy/internal dead declaration pending deletion or explicit redesign, not arbitrary wiring.
1071	RejectionTelemetry	topSession	engine/RejectionTelemetry.kt	LEGACY_ZERO_CALLER_DO_NOT_AUTOWIRE	No production caller found in static ledger; classify as legacy/internal dead declaration pending deletion or explicit redesign, not arbitrary wiring.
1072	RejectionTelemetry	topWindow	engine/RejectionTelemetry.kt	LEGACY_ZERO_CALLER_DO_NOT_AUTOWIRE	No production caller found in static ledger; classify as legacy/internal dead declaration pending deletion or explicit redesign, not arbitrary wiring.
1073	RejectionTelemetry	totalSessionCount	engine/RejectionTelemetry.kt	READBACK_PREDICATE_ADVISORY	State/readback/predicate/advisory surface; no independent authority implied by zero callers.
1074	RemoteKillSwitch	clearLocalKill	engine/RemoteKillSwitch.kt	EXPLICIT_CONTROL_MAINTENANCE	Explicit mutator/recovery/config/maintenance API; do not auto-call from trading hot path.
1075	RemoteKillSwitch	getMaxPositionOverride	engine/RemoteKillSwitch.kt	READBACK_PREDICATE_ADVISORY	State/readback/predicate/advisory surface; no independent authority implied by zero callers.
1076	RemoteKillSwitch	isForcePaperMode	engine/RemoteKillSwitch.kt	READBACK_PREDICATE_ADVISORY	State/readback/predicate/advisory surface; no independent authority implied by zero callers.
1077	RemoteKillSwitch	localKill	engine/RemoteKillSwitch.kt	LEGACY_ZERO_CALLER_DO_NOT_AUTOWIRE	No production caller found in static ledger; classify as legacy/internal dead declaration pending deletion or explicit redesign, not arbitrary wiring.
1078	ReportingHub	addBoundedSection	engine/ReportingHub.kt	LEGACY_ZERO_CALLER_DO_NOT_AUTOWIRE	No production caller found in static ledger; classify as legacy/internal dead declaration pending deletion or explicit redesign, not arbitrary wiring.
1079	ResearchScout	latestFindings	engine/ResearchScout.kt	LEGACY_ZERO_CALLER_DO_NOT_AUTOWIRE	No production caller found in static ledger; classify as legacy/internal dead declaration pending deletion or explicit redesign, not arbitrary wiring.
1080	ResearchScout	pendingRequests	engine/ResearchScout.kt	LEGACY_ZERO_CALLER_DO_NOT_AUTOWIRE	No production caller found in static ledger; classify as legacy/internal dead declaration pending deletion or explicit redesign, not arbitrary wiring.
1081	ResearchScout	recordFinding	engine/ResearchScout.kt	LEGACY_ZERO_CALLER_DO_NOT_AUTOWIRE	No production caller found in static ledger; classify as legacy/internal dead declaration pending deletion or explicit redesign, not arbitrary wiring.
1082	RiskExitPriorityDomain6461	laneStatsAgeMs	engine/truth/RiskExitPriorityDomain6461.kt	READBACK_PREDICATE_ADVISORY	State/readback/predicate/advisory surface; no independent authority implied by zero callers.
1083	RiskExitPriorityDomain6461	recordHighLatency	engine/truth/RiskExitPriorityDomain6461.kt	TRUTH_INTERNAL_ZERO_CALLER	Canonical truth-layer zero-caller internal/compatibility declaration; retain unwired or delete, never fabricate a parallel caller.
1084	RiskExitPriorityDomain6461	recordLowLatency	engine/truth/RiskExitPriorityDomain6461.kt	TRUTH_INTERNAL_ZERO_CALLER	Canonical truth-layer zero-caller internal/compatibility declaration; retain unwired or delete, never fabricate a parallel caller.
1085	RootCauseClassifier6471	lastResult	engine/truth/RootCauseClassifier6471.kt	READBACK_PREDICATE_ADVISORY	State/readback/predicate/advisory surface; no independent authority implied by zero callers.
1086	RootCauseFreshnessAuthority6496	isHistoricalOnly	engine/truth/RootCauseFreshnessAuthority6496.kt	READBACK_PREDICATE_ADVISORY	State/readback/predicate/advisory surface; no independent authority implied by zero callers.
1087	RootCauseFreshnessAuthority6496	lifetimeCount	engine/truth/RootCauseFreshnessAuthority6496.kt	READBACK_PREDICATE_ADVISORY	State/readback/predicate/advisory surface; no independent authority implied by zero callers.
1088	RootCauseTelemetry6441	attribute	engine/truth/RootCauseTelemetry6441.kt	TRUTH_INTERNAL_ZERO_CALLER	Canonical truth-layer zero-caller internal/compatibility declaration; retain unwired or delete, never fabricate a parallel caller.
1089	RootCauseTelemetry6441	subsystemBreakdown	engine/truth/RootCauseTelemetry6441.kt	TRUTH_INTERNAL_ZERO_CALLER	Canonical truth-layer zero-caller internal/compatibility declaration; retain unwired or delete, never fabricate a parallel caller.
1090	RouteResolver6411	resolveVenue	engine/truth/RouteResolver6411.kt	TRUTH_INTERNAL_ZERO_CALLER	Canonical truth-layer zero-caller internal/compatibility declaration; retain unwired or delete, never fabricate a parallel caller.
1091	RuggedContracts	getCount	engine/RuggedContracts.kt	READBACK_PREDICATE_ADVISORY	State/readback/predicate/advisory surface; no independent authority implied by zero callers.
1092	RunTracker30D	getFilterStats	engine/RunTracker30D.kt	READBACK_PREDICATE_ADVISORY	State/readback/predicate/advisory surface; no independent authority implied by zero callers.
1093	RunTracker30D	getTradeTrace	engine/RunTracker30D.kt	READBACK_PREDICATE_ADVISORY	State/readback/predicate/advisory surface; no independent authority implied by zero callers.
1094	RunTracker30D	isRunComplete	engine/RunTracker30D.kt	READBACK_PREDICATE_ADVISORY	State/readback/predicate/advisory surface; no independent authority implied by zero callers.
1095	RunTracker30D	recordExecutionFailure	engine/RunTracker30D.kt	LEGACY_ZERO_CALLER_DO_NOT_AUTOWIRE	No production caller found in static ledger; classify as legacy/internal dead declaration pending deletion or explicit redesign, not arbitrary wiring.
1096	RunTracker30D	recordMissedTrade	engine/RunTracker30D.kt	LEGACY_ZERO_CALLER_DO_NOT_AUTOWIRE	No production caller found in static ledger; classify as legacy/internal dead declaration pending deletion or explicit redesign, not arbitrary wiring.
1097	RunTracker30D	updateFromTrade	engine/RunTracker30D.kt	LEGACY_ZERO_CALLER_DO_NOT_AUTOWIRE	No production caller found in static ledger; classify as legacy/internal dead declaration pending deletion or explicit redesign, not arbitrary wiring.
1098	RunnerAutoCompound6422	liveExtendedTierLift	engine/truth/RunnerAutoCompound6422.kt	TRUTH_INTERNAL_ZERO_CALLER	Canonical truth-layer zero-caller internal/compatibility declaration; retain unwired or delete, never fabricate a parallel caller.
1099	RunnerAutoCompound6422	paperExtendedTierLift	engine/truth/RunnerAutoCompound6422.kt	TRUTH_INTERNAL_ZERO_CALLER	Canonical truth-layer zero-caller internal/compatibility declaration; retain unwired or delete, never fabricate a parallel caller.
1100	RunnerCompoundingLadder6440	clampToLadder	engine/truth/RunnerCompoundingLadder6440.kt	TRUTH_INTERNAL_ZERO_CALLER	Canonical truth-layer zero-caller internal/compatibility declaration; retain unwired or delete, never fabricate a parallel caller.
1101	RunnerLedgerHealthGate6450	allowExpansion	engine/truth/RunnerLedgerHealthGate6450.kt	TRUTH_INTERNAL_ZERO_CALLER	Canonical truth-layer zero-caller internal/compatibility declaration; retain unwired or delete, never fabricate a parallel caller.
1102	RunnerQuoteProbe6395	clearProbes	engine/truth/RunnerQuoteProbe6395.kt	EXPLICIT_CONTROL_MAINTENANCE	Explicit mutator/recovery/config/maintenance API; do not auto-call from trading hot path.
1103	RunnerQuoteProbe6395	executableNetLamports	engine/truth/RunnerQuoteProbe6395.kt	TRUTH_INTERNAL_ZERO_CALLER	Canonical truth-layer zero-caller internal/compatibility declaration; retain unwired or delete, never fabricate a parallel caller.
1104	RunnerQuoteProbe6395	recordQuote	engine/truth/RunnerQuoteProbe6395.kt	TRUTH_INTERNAL_ZERO_CALLER	Canonical truth-layer zero-caller internal/compatibility declaration; retain unwired or delete, never fabricate a parallel caller.
1105	RunnerQuoteProbe6395	selectBest	engine/truth/RunnerQuoteProbe6395.kt	TRUTH_INTERNAL_ZERO_CALLER	Canonical truth-layer zero-caller internal/compatibility declaration; retain unwired or delete, never fabricate a parallel caller.
1106	RuntimeDoctor	recentFaults	engine/RuntimeDoctor.kt	LEGACY_ZERO_CALLER_DO_NOT_AUTOWIRE	No production caller found in static ledger; classify as legacy/internal dead declaration pending deletion or explicit redesign, not arbitrary wiring.
1107	RuntimeModeAuthority	publishUiMode	engine/RuntimeModeAuthority.kt	LEGACY_ZERO_CALLER_DO_NOT_AUTOWIRE	No production caller found in static ledger; classify as legacy/internal dead declaration pending deletion or explicit redesign, not arbitrary wiring.
1108	RuntimeProviderAuthority6685	sanitizeRpc	engine/RuntimeProviderAuthority6685.kt	LEGACY_ZERO_CALLER_DO_NOT_AUTOWIRE	No production caller found in static ledger; classify as legacy/internal dead declaration pending deletion or explicit redesign, not arbitrary wiring.
1109	RuntimeRegressionState	bumpBroadcastOnUnconfirmedBalance	engine/RuntimeRegressionState.kt	READBACK_PREDICATE_ADVISORY	State/readback/predicate/advisory surface; no independent authority implied by zero callers.
1110	RuntimeRegressionState	bumpLearningFromUnconfirmedClose	engine/RuntimeRegressionState.kt	LEGACY_ZERO_CALLER_DO_NOT_AUTOWIRE	No production caller found in static ledger; classify as legacy/internal dead declaration pending deletion or explicit redesign, not arbitrary wiring.
1111	RuntimeRegressionState	bumpPumpRouteInvalidNotReResolved	engine/RuntimeRegressionState.kt	LEGACY_ZERO_CALLER_DO_NOT_AUTOWIRE	No production caller found in static ledger; classify as legacy/internal dead declaration pending deletion or explicit redesign, not arbitrary wiring.
1112	RuntimeRepairState	clearPaperModeRequest	engine/RuntimeRepairState.kt	EXPLICIT_CONTROL_MAINTENANCE	Explicit mutator/recovery/config/maintenance API; do not auto-call from trading hot path.
1113	RuntimeRepairState	enableLane	engine/RuntimeRepairState.kt	EXPLICIT_CONTROL_MAINTENANCE	Explicit mutator/recovery/config/maintenance API; do not auto-call from trading hot path.
1114	RuntimeRepairState	enableScannerSource	engine/RuntimeRepairState.kt	EXPLICIT_CONTROL_MAINTENANCE	Explicit mutator/recovery/config/maintenance API; do not auto-call from trading hot path.
1115	RuntimeRepairState	resumeTrading	engine/RuntimeRepairState.kt	EXPLICIT_CONTROL_MAINTENANCE	Explicit mutator/recovery/config/maintenance API; do not auto-call from trading hot path.
1116	RuntimeRepairState	scannerCap	engine/RuntimeRepairState.kt	LEGACY_ZERO_CALLER_DO_NOT_AUTOWIRE	No production caller found in static ledger; classify as legacy/internal dead declaration pending deletion or explicit redesign, not arbitrary wiring.
1117	RuntimeRepairState	setScannerUserDisabled	engine/RuntimeRepairState.kt	EXPLICIT_CONTROL_MAINTENANCE	Explicit mutator/recovery/config/maintenance API; do not auto-call from trading hot path.
1118	RuntimeRepairState	shouldForcePaper	engine/RuntimeRepairState.kt	READBACK_PREDICATE_ADVISORY	State/readback/predicate/advisory surface; no independent authority implied by zero callers.
1119	RuntimeRepairState	staleLocksClearedCount	engine/RuntimeRepairState.kt	READBACK_PREDICATE_ADVISORY	State/readback/predicate/advisory surface; no independent authority implied by zero callers.
1120	RuntimeRepairState	uiRebindGeneration	engine/RuntimeRepairState.kt	LEGACY_ZERO_CALLER_DO_NOT_AUTOWIRE	No production caller found in static ledger; classify as legacy/internal dead declaration pending deletion or explicit redesign, not arbitrary wiring.
1121	RuntimeTune6833	accountingBoundaryViolations6833	engine/truth/RuntimeTune6833.kt	READBACK_PREDICATE_ADVISORY	State/readback/predicate/advisory surface; no independent authority implied by zero callers.
1122	RuntimeTune6833	assertForensicNotInSizingPath6833	engine/truth/RuntimeTune6833.kt	TRUTH_INTERNAL_ZERO_CALLER	Canonical truth-layer zero-caller internal/compatibility declaration; retain unwired or delete, never fabricate a parallel caller.
1123	RuntimeTune6833	evaluateHandoffChoke6833	engine/truth/RuntimeTune6833.kt	TRUTH_INTERNAL_ZERO_CALLER	Canonical truth-layer zero-caller internal/compatibility declaration; retain unwired or delete, never fabricate a parallel caller.
1124	RuntimeTune6833	expressAdmissionVerdict	engine/truth/RuntimeTune6833.kt	TRUTH_INTERNAL_ZERO_CALLER	Canonical truth-layer zero-caller internal/compatibility declaration; retain unwired or delete, never fabricate a parallel caller.
1125	RuntimeTune6833	markContractAllowsSizing6833	engine/truth/RuntimeTune6833.kt	EXPLICIT_CONTROL_MAINTENANCE	Explicit mutator/recovery/config/maintenance API; do not auto-call from trading hot path.
1126	RuntimeTune6833	markContractHonoredCount6833	engine/truth/RuntimeTune6833.kt	EXPLICIT_CONTROL_MAINTENANCE	Explicit mutator/recovery/config/maintenance API; do not auto-call from trading hot path.
1127	RuntimeTune6833	phantomSizedRejectedCount6833	engine/truth/RuntimeTune6833.kt	READBACK_PREDICATE_ADVISORY	State/readback/predicate/advisory surface; no independent authority implied by zero callers.
1128	RuntimeTune6833	recordExec6833	engine/truth/RuntimeTune6833.kt	TRUTH_INTERNAL_ZERO_CALLER	Canonical truth-layer zero-caller internal/compatibility declaration; retain unwired or delete, never fabricate a parallel caller.
1129	RuntimeTune6833	recordSized6833	engine/truth/RuntimeTune6833.kt	READBACK_PREDICATE_ADVISORY	State/readback/predicate/advisory surface; no independent authority implied by zero callers.
1130	RuntimeTune6833	recordTicket6833	engine/truth/RuntimeTune6833.kt	TRUTH_INTERNAL_ZERO_CALLER	Canonical truth-layer zero-caller internal/compatibility declaration; retain unwired or delete, never fabricate a parallel caller.
1131	SafetyProofDegradation6411	advisoryFloorLift	engine/truth/SafetyProofDegradation6411.kt	TRUTH_INTERNAL_ZERO_CALLER	Canonical truth-layer zero-caller internal/compatibility declaration; retain unwired or delete, never fabricate a parallel caller.
1132	SafetyProofDegradation6411	advisorySizeMultiplier	engine/truth/SafetyProofDegradation6411.kt	READBACK_PREDICATE_ADVISORY	State/readback/predicate/advisory surface; no independent authority implied by zero callers.
1133	SafetyProofDegradation6411	cachedProofTtlMs	engine/truth/SafetyProofDegradation6411.kt	TRUTH_INTERNAL_ZERO_CALLER	Canonical truth-layer zero-caller internal/compatibility declaration; retain unwired or delete, never fabricate a parallel caller.
1134	SafetyTier	clearLiquidityHistory	engine/TokenSafetyChecker.kt	EXPLICIT_CONTROL_MAINTENANCE	Explicit mutator/recovery/config/maintenance API; do not auto-call from trading hot path.
1135	SafetyTier	getWhitelistedMints	engine/TokenSafetyChecker.kt	READBACK_PREDICATE_ADVISORY	State/readback/predicate/advisory surface; no independent authority implied by zero callers.
1136	SafetyTier	isWhitelisted	engine/TokenSafetyChecker.kt	READBACK_PREDICATE_ADVISORY	State/readback/predicate/advisory surface; no independent authority implied by zero callers.
1137	SafetyTier	recordLpLockPct	engine/TokenSafetyChecker.kt	LEGACY_ZERO_CALLER_DO_NOT_AUTOWIRE	No production caller found in static ledger; classify as legacy/internal dead declaration pending deletion or explicit redesign, not arbitrary wiring.
1138	SameMintCandidateEpoch6402	trackedMintCount	engine/truth/SameMintCandidateEpoch6402.kt	READBACK_PREDICATE_ADVISORY	State/readback/predicate/advisory surface; no independent authority implied by zero callers.
1139	SameMintDedupAuthority6441	envelopeOf	engine/truth/SameMintDedupAuthority6441.kt	TRUTH_INTERNAL_ZERO_CALLER	Canonical truth-layer zero-caller internal/compatibility declaration; retain unwired or delete, never fabricate a parallel caller.
1140	ScalingMode	activeTiers	engine/ScalingMode.kt	LEGACY_ZERO_CALLER_DO_NOT_AUTOWIRE	No production caller found in static ledger; classify as legacy/internal dead declaration pending deletion or explicit redesign, not arbitrary wiring.
1141	ScalingMode	liquidityInRange	engine/ScalingMode.kt	LEGACY_ZERO_CALLER_DO_NOT_AUTOWIRE	No production caller found in static ledger; classify as legacy/internal dead declaration pending deletion or explicit redesign, not arbitrary wiring.
1142	ScalingMode	mcapInRange	engine/ScalingMode.kt	LEGACY_ZERO_CALLER_DO_NOT_AUTOWIRE	No production caller found in static ledger; classify as legacy/internal dead declaration pending deletion or explicit redesign, not arbitrary wiring.
1143	ScannerCanonicalDedupe6411	shouldEnrich	engine/truth/ScannerCanonicalDedupe6411.kt	READBACK_PREDICATE_ADVISORY	State/readback/predicate/advisory surface; no independent authority implied by zero callers.
1144	ScannerFanoutDedupe6374	admitCount	engine/ScannerFanoutDedupe6374.kt	READBACK_PREDICATE_ADVISORY	State/readback/predicate/advisory surface; no independent authority implied by zero callers.
1145	ScannerFanoutDedupe6374	currentTtlMs	engine/ScannerFanoutDedupe6374.kt	READBACK_PREDICATE_ADVISORY	State/readback/predicate/advisory surface; no independent authority implied by zero callers.
1146	ScannerFanoutDedupe6374	setTtlMs	engine/ScannerFanoutDedupe6374.kt	EXPLICIT_CONTROL_MAINTENANCE	Explicit mutator/recovery/config/maintenance API; do not auto-call from trading hot path.
1147	ScannerFanoutDedupe6374	skipCount	engine/ScannerFanoutDedupe6374.kt	READBACK_PREDICATE_ADVISORY	State/readback/predicate/advisory surface; no independent authority implied by zero callers.
1148	ScannerHydrationQueues6347	rejectWithTtl	engine/ScannerHydrationQueues6347.kt	LEGACY_ZERO_CALLER_DO_NOT_AUTOWIRE	No production caller found in static ledger; classify as legacy/internal dead declaration pending deletion or explicit redesign, not arbitrary wiring.
1149	ScannerSourceBrain	avgPnlPct	engine/ScannerSourceBrain.kt	READBACK_PREDICATE_ADVISORY	State/readback/predicate/advisory surface; no independent authority implied by zero callers.
1150	ScannerSourceBrain	samples	engine/ScannerSourceBrain.kt	LEGACY_ZERO_CALLER_DO_NOT_AUTOWIRE	No production caller found in static ledger; classify as legacy/internal dead declaration pending deletion or explicit redesign, not arbitrary wiring.
1151	ScannerSourceBrain	shouldSkipIntake	engine/ScannerSourceBrain.kt	READBACK_PREDICATE_ADVISORY	State/readback/predicate/advisory surface; no independent authority implied by zero callers.
1152	ScannerSourceBrain	tierCounts	engine/ScannerSourceBrain.kt	READBACK_PREDICATE_ADVISORY	State/readback/predicate/advisory surface; no independent authority implied by zero callers.
1153	ScannerSourceCircuitBreaker6363	skipsTotal	engine/ScannerSourceCircuitBreaker6363.kt	LEGACY_ZERO_CALLER_DO_NOT_AUTOWIRE	No production caller found in static ledger; classify as legacy/internal dead declaration pending deletion or explicit redesign, not arbitrary wiring.
1154	ScannerSourceCircuitBreaker6363	tripsTotal	engine/ScannerSourceCircuitBreaker6363.kt	LEGACY_ZERO_CALLER_DO_NOT_AUTOWIRE	No production caller found in static ledger; classify as legacy/internal dead declaration pending deletion or explicit redesign, not arbitrary wiring.
1155	ScoreComponent	hasFatal	v3/scoring/ScoreCard.kt	READBACK_PREDICATE_ADVISORY	State/readback/predicate/advisory surface; no independent authority implied by zero callers.
1156	SelectionQualityAuthority6829	laneSelectivityMultiplier	engine/truth/SelectionQualityAuthority6829.kt	TRUTH_INTERNAL_ZERO_CALLER	Canonical truth-layer zero-caller internal/compatibility declaration; retain unwired or delete, never fabricate a parallel caller.
1157	SelfHealingAdvisor	markApplied	engine/SelfHealingAdvisor.kt	EXPLICIT_CONTROL_MAINTENANCE	Explicit mutator/recovery/config/maintenance API; do not auto-call from trading hot path.
1158	SelfHealingAdvisor	maybeAutoAdvise	engine/SelfHealingAdvisor.kt	LEGACY_ZERO_CALLER_DO_NOT_AUTOWIRE	No production caller found in static ledger; classify as legacy/internal dead declaration pending deletion or explicit redesign, not arbitrary wiring.
1159	SelfHealingDiagnostics	clearPoisonedMemory	engine/SelfHealingDiagnostics.kt	EXPLICIT_CONTROL_MAINTENANCE	Explicit mutator/recovery/config/maintenance API; do not auto-call from trading hot path.
1160	SelfHealingDiagnostics	manualClearMemory	engine/SelfHealingDiagnostics.kt	LEGACY_ZERO_CALLER_DO_NOT_AUTOWIRE	No production caller found in static ledger; classify as legacy/internal dead declaration pending deletion or explicit redesign, not arbitrary wiring.
1161	SellAmountAuthority	canBroadcastLive	engine/sell/SellAmountAuthority.kt	READBACK_PREDICATE_ADVISORY	State/readback/predicate/advisory surface; no independent authority implied by zero callers.
1162	SellAmountAuthority	txParseCacheSize	engine/sell/SellAmountAuthority.kt	READBACK_PREDICATE_ADVISORY	State/readback/predicate/advisory surface; no independent authority implied by zero callers.
1163	SellExecutionLocks	heldCount	engine/sell/SellExecutionLocks.kt	READBACK_PREDICATE_ADVISORY	State/readback/predicate/advisory surface; no independent authority implied by zero callers.
1164	SellFailureHistory	totalRecorded	engine/sell/SellFailureHistory.kt	LEGACY_ZERO_CALLER_DO_NOT_AUTOWIRE	No production caller found in static ledger; classify as legacy/internal dead declaration pending deletion or explicit redesign, not arbitrary wiring.
1165	SellIntentSeverity	isEmergencyBand	engine/sell/SellIntentSeverity.kt	READBACK_PREDICATE_ADVISORY	State/readback/predicate/advisory surface; no independent authority implied by zero callers.
1166	SellIntentSeverity	isEmergencyBand	engine/sell/SellIntentSeverity.kt	READBACK_PREDICATE_ADVISORY	State/readback/predicate/advisory surface; no independent authority implied by zero callers.
1167	SellOnlySafeMode	workerTimeoutStorm	engine/sell/SellOnlySafeMode.kt	LEGACY_ZERO_CALLER_DO_NOT_AUTOWIRE	No production caller found in static ledger; classify as legacy/internal dead declaration pending deletion or explicit redesign, not arbitrary wiring.
1168	SellQtyBoundaryClamp6427	remainingQty	engine/truth/SellQtyBoundaryClamp6427.kt	TRUTH_INTERNAL_ZERO_CALLER	Canonical truth-layer zero-caller internal/compatibility declaration; retain unwired or delete, never fabricate a parallel caller.
1169	SellReconciler	isLiveAlive	engine/sell/SellReconciler.kt	READBACK_PREDICATE_ADVISORY	State/readback/predicate/advisory surface; no independent authority implied by zero callers.
1170	SellReconciler	reconcilePaperOnce	engine/sell/SellReconciler.kt	LEGACY_ZERO_CALLER_DO_NOT_AUTOWIRE	No production caller found in static ledger; classify as legacy/internal dead declaration pending deletion or explicit redesign, not arbitrary wiring.
1171	SellSlippageProfile	tierForReason	engine/SellSlippageProfile.kt	LEGACY_ZERO_CALLER_DO_NOT_AUTOWIRE	No production caller found in static ledger; classify as legacy/internal dead declaration pending deletion or explicit redesign, not arbitrary wiring.
1172	SemanticPatternGraph	querySimilar	engine/SemanticPatternGraph.kt	LEGACY_ZERO_CALLER_DO_NOT_AUTOWIRE	No production caller found in static ledger; classify as legacy/internal dead declaration pending deletion or explicit redesign, not arbitrary wiring.
1173	SentienceHooks	llmVote	engine/SentienceHooks.kt	LEGACY_ZERO_CALLER_DO_NOT_AUTOWIRE	No production caller found in static ledger; classify as legacy/internal dead declaration pending deletion or explicit redesign, not arbitrary wiring.
1174	SentienceHooks	nominatedPauseList	engine/SentienceHooks.kt	LEGACY_ZERO_CALLER_DO_NOT_AUTOWIRE	No production caller found in static ledger; classify as legacy/internal dead declaration pending deletion or explicit redesign, not arbitrary wiring.
1175	SentienceLabRewardBridge6444	canonicalWLTrio	engine/truth/SentienceLabRewardBridge6444.kt	LAB_BACKTEST_BACKGROUND	Lab/backtest/research surface; promotion requires a separate canonical transfer contract.
1176	SentientPersonality	fmtLayer	engine/SentientPersonality.kt	LEGACY_ZERO_CALLER_DO_NOT_AUTOWIRE	No production caller found in static ledger; classify as legacy/internal dead declaration pending deletion or explicit redesign, not arbitrary wiring.
1177	SentientPersonality	getLatestThought	engine/SentientPersonality.kt	READBACK_PREDICATE_ADVISORY	State/readback/predicate/advisory surface; no independent authority implied by zero callers.
1178	SentientPersonality	onInsiderActivity	engine/SentientPersonality.kt	LEGACY_ZERO_CALLER_DO_NOT_AUTOWIRE	No production caller found in static ledger; classify as legacy/internal dead declaration pending deletion or explicit redesign, not arbitrary wiring.
1179	SentientPersonality	onLearningMilestone	engine/SentientPersonality.kt	LEGACY_ZERO_CALLER_DO_NOT_AUTOWIRE	No production caller found in static ledger; classify as legacy/internal dead declaration pending deletion or explicit redesign, not arbitrary wiring.
1180	SentientPersonality	onRegimeShift	engine/SentientPersonality.kt	LEGACY_ZERO_CALLER_DO_NOT_AUTOWIRE	No production caller found in static ledger; classify as legacy/internal dead declaration pending deletion or explicit redesign, not arbitrary wiring.
1181	SentientPersonality	onWhaleActivity	engine/SentientPersonality.kt	LEGACY_ZERO_CALLER_DO_NOT_AUTOWIRE	No production caller found in static ledger; classify as legacy/internal dead declaration pending deletion or explicit redesign, not arbitrary wiring.
1182	SentientPersonality	quoteForPersona	engine/SentientPersonality.kt	LEGACY_ZERO_CALLER_DO_NOT_AUTOWIRE	No production caller found in static ledger; classify as legacy/internal dead declaration pending deletion or explicit redesign, not arbitrary wiring.
1183	SentimentEngine	getSentiment	engine/SentimentEngine.kt	READBACK_PREDICATE_ADVISORY	State/readback/predicate/advisory surface; no independent authority implied by zero callers.
1184	ServiceWatchdog	cancelAlarm	engine/ServiceWatchdog.kt	READBACK_PREDICATE_ADVISORY	State/readback/predicate/advisory surface; no independent authority implied by zero callers.
1185	ServiceWatchdog	recoveryAction6487	engine/ServiceWatchdog.kt	LEGACY_ZERO_CALLER_DO_NOT_AUTOWIRE	No production caller found in static ledger; classify as legacy/internal dead declaration pending deletion or explicit redesign, not arbitrary wiring.
1186	ShadowLearningEngine	addVariant	engine/ShadowLearningEngine.kt	LEGACY_ZERO_CALLER_DO_NOT_AUTOWIRE	No production caller found in static ledger; classify as legacy/internal dead declaration pending deletion or explicit redesign, not arbitrary wiring.
1187	ShadowLearningEngine	getBestVariant	engine/ShadowLearningEngine.kt	READBACK_PREDICATE_ADVISORY	State/readback/predicate/advisory surface; no independent authority implied by zero callers.
1188	ShadowLearningEngine	getTopShadowMode	v3/learning/ShadowLearningEngine.kt	READBACK_PREDICATE_ADVISORY	State/readback/predicate/advisory surface; no independent authority implied by zero callers.
1189	ShadowLearningEngine	getTrackedTradesCount	v3/learning/ShadowLearningEngine.kt	READBACK_PREDICATE_ADVISORY	State/readback/predicate/advisory surface; no independent authority implied by zero callers.
1190	ShadowLearningEngine	getVolatilityPlayStats	v3/learning/ShadowLearningEngine.kt	READBACK_PREDICATE_ADVISORY	State/readback/predicate/advisory surface; no independent authority implied by zero callers.
1191	ShadowLearningEngine	openShadowShort	v3/learning/ShadowLearningEngine.kt	STRATEGY_INTERNAL_ZERO_CALLER	Strategy/perps internal zero-caller declaration; owning subsystem remains authoritative, direct wiring requires distinct non-duplicate evidence.
1192	ShadowLearningEngine	openShadowStraddle	v3/learning/ShadowLearningEngine.kt	STRATEGY_INTERNAL_ZERO_CALLER	Strategy/perps internal zero-caller declaration; owning subsystem remains authoritative, direct wiring requires distinct non-duplicate evidence.
1193	ShadowLearningEngine	openShadowStrangle	v3/learning/ShadowLearningEngine.kt	STRATEGY_INTERNAL_ZERO_CALLER	Strategy/perps internal zero-caller declaration; owning subsystem remains authoritative, direct wiring requires distinct non-duplicate evidence.
1194	ShadowOutcome	isTracked	v3/shadow/ShadowTracker.kt	READBACK_PREDICATE_ADVISORY	State/readback/predicate/advisory surface; no independent authority implied by zero callers.
1195	SherpaTtsBridge	writeIntLE	engine/SherpaTtsBridge.kt	LEGACY_ZERO_CALLER_DO_NOT_AUTOWIRE	No production caller found in static ledger; classify as legacy/internal dead declaration pending deletion or explicit redesign, not arbitrary wiring.
1196	SherpaTtsBridge	writeShortLE	engine/SherpaTtsBridge.kt	LEGACY_ZERO_CALLER_DO_NOT_AUTOWIRE	No production caller found in static ledger; classify as legacy/internal dead declaration pending deletion or explicit redesign, not arbitrary wiring.
1197	SizingAuthorityReconciler6829	preferredAuthority	engine/truth/SizingAuthorityReconciler6829.kt	TRUTH_INTERNAL_ZERO_CALLER	Canonical truth-layer zero-caller internal/compatibility declaration; retain unwired or delete, never fabricate a parallel caller.
1198	SmartChartScanner	clearAllCaches	engine/SmartChartScanner.kt	EXPLICIT_CONTROL_MAINTENANCE	Explicit mutator/recovery/config/maintenance API; do not auto-call from trading hot path.
1199	SmartMoneyDivergenceAI	hasBearishDivergence	v3/scoring/SmartMoneyDivergenceAI.kt	READBACK_PREDICATE_ADVISORY	State/readback/predicate/advisory surface; no independent authority implied by zero callers.
1200	SmartMoneyDivergenceAI	hasBullishDivergence	v3/scoring/SmartMoneyDivergenceAI.kt	READBACK_PREDICATE_ADVISORY	State/readback/predicate/advisory surface; no independent authority implied by zero callers.
1201	SmartSystemRuntimeRegistry	allSystems	engine/SmartSystemRuntimeRegistry.kt	LEGACY_ZERO_CALLER_DO_NOT_AUTOWIRE	No production caller found in static ledger; classify as legacy/internal dead declaration pending deletion or explicit redesign, not arbitrary wiring.
1202	SnipeAgeGate	shuntToBackground	engine/SnipeAgeGate.kt	LEGACY_ZERO_CALLER_DO_NOT_AUTOWIRE	No production caller found in static ledger; classify as legacy/internal dead declaration pending deletion or explicit redesign, not arbitrary wiring.
1203	SoftScoreShaping6400	lastShaping	engine/truth/SoftScoreShaping6400.kt	READBACK_PREDICATE_ADVISORY	State/readback/predicate/advisory surface; no independent authority implied by zero callers.
1204	SoftScoreShaping6400	sizeMultiplierFor	engine/truth/SoftScoreShaping6400.kt	READBACK_PREDICATE_ADVISORY	State/readback/predicate/advisory surface; no independent authority implied by zero callers.
1205	SolanaArbAI	checkTimeout	v3/scoring/SolanaArbAI.kt	STRATEGY_INTERNAL_ZERO_CALLER	Strategy/perps internal zero-caller declaration; owning subsystem remains authoritative, direct wiring requires distinct non-duplicate evidence.
1206	SolanaArbAI	closeArb	v3/scoring/SolanaArbAI.kt	STRATEGY_INTERNAL_ZERO_CALLER	Strategy/perps internal zero-caller declaration; owning subsystem remains authoritative, direct wiring requires distinct non-duplicate evidence.
1207	SolanaArbAI	executeArb	v3/scoring/SolanaArbAI.kt	STRATEGY_INTERNAL_ZERO_CALLER	Strategy/perps internal zero-caller declaration; owning subsystem remains authoritative, direct wiring requires distinct non-duplicate evidence.
1208	SolanaArbAI	scanForOpportunity	v3/scoring/SolanaArbAI.kt	STRATEGY_INTERNAL_ZERO_CALLER	Strategy/perps internal zero-caller declaration; owning subsystem remains authoritative, direct wiring requires distinct non-duplicate evidence.
1209	SolanaArbAI	updatePriceFeed	v3/scoring/SolanaArbAI.kt	STRATEGY_INTERNAL_ZERO_CALLER	Strategy/perps internal zero-caller declaration; owning subsystem remains authoritative, direct wiring requires distinct non-duplicate evidence.
1210	SolanaBlueChipWatchlist	infoFor	engine/SolanaBlueChipWatchlist.kt	LEGACY_ZERO_CALLER_DO_NOT_AUTOWIRE	No production caller found in static ledger; classify as legacy/internal dead declaration pending deletion or explicit redesign, not arbitrary wiring.
1211	SolanaBlueChipWatchlist	isBlueChip	engine/SolanaBlueChipWatchlist.kt	READBACK_PREDICATE_ADVISORY	State/readback/predicate/advisory surface; no independent authority implied by zero callers.
1212	SolanaWallet	applyRoundRobin	network/SolanaWallet.kt	BACKGROUND_IO_PROVIDER_HELPER	Network/database/provider surface; keep bounded/background or behind provider authority.
1213	SolanaWallet	awaitConfirmation	network/SolanaWallet.kt	BACKGROUND_IO_PROVIDER_HELPER	Network/database/provider surface; keep bounded/background or behind provider authority.
1214	SolanaWallet	compactU16	network/SolanaWallet.kt	BACKGROUND_IO_PROVIDER_HELPER	Network/database/provider surface; keep bounded/background or behind provider authority.
1215	SolanaWallet	finalized	network/SolanaWallet.kt	BACKGROUND_IO_PROVIDER_HELPER	Network/database/provider surface; keep bounded/background or behind provider authority.
1216	SolanaWallet	getTokenAccountsChecked	network/SolanaWallet.kt	BACKGROUND_IO_PROVIDER_HELPER	Network/database/provider surface; keep bounded/background or behind provider authority.
1217	SolanaWallet	getTokenAccountsWithDecimals	network/SolanaWallet.kt	BACKGROUND_IO_PROVIDER_HELPER	Network/database/provider surface; keep bounded/background or behind provider authority.
1218	SolanaWallet	getTokenAccountsWithDecimalsStrict	network/SolanaWallet.kt	BACKGROUND_IO_PROVIDER_HELPER	Network/database/provider surface; keep bounded/background or behind provider authority.
1219	SolanaWallet	markEndpointUnhealthy	network/SolanaWallet.kt	BACKGROUND_IO_PROVIDER_HELPER	Network/database/provider surface; keep bounded/background or behind provider authority.
1220	SolanaWallet	mergeFrom	network/SolanaWallet.kt	BACKGROUND_IO_PROVIDER_HELPER	Network/database/provider surface; keep bounded/background or behind provider authority.
1221	SolscanDevTracker	getRecentTransactions	network/SolscanDevTracker.kt	BACKGROUND_IO_PROVIDER_HELPER	Network/database/provider surface; keep bounded/background or behind provider authority.
1222	SoundManager	playCircuitBreaker	engine/SoundManager.kt	LEGACY_ZERO_CALLER_DO_NOT_AUTOWIRE	No production caller found in static ledger; classify as legacy/internal dead declaration pending deletion or explicit redesign, not arbitrary wiring.
1223	SoundManager	reloadCustomSounds	engine/SoundManager.kt	EXPLICIT_CONTROL_MAINTENANCE	Explicit mutator/recovery/config/maintenance API; do not auto-call from trading hot path.
1224	SourceCohortAdvisory6727	advisory	engine/truth/SourceCohortAdvisory6727.kt	TRUTH_INTERNAL_ZERO_CALLER	Canonical truth-layer zero-caller internal/compatibility declaration; retain unwired or delete, never fabricate a parallel caller.
1225	SourceCohortAdvisory6727	recordWin	engine/truth/SourceCohortAdvisory6727.kt	TRUTH_INTERNAL_ZERO_CALLER	Canonical truth-layer zero-caller internal/compatibility declaration; retain unwired or delete, never fabricate a parallel caller.
1226	SourceCohortAdvisory6727	resetForTest6727	engine/truth/SourceCohortAdvisory6727.kt	TEST_HOOK_ONLY	Explicit test/reset/probe hook; never production-wire to satisfy static analysis.
1227	SourceCohortAdvisory6727	shouldThrottle	engine/truth/SourceCohortAdvisory6727.kt	READBACK_PREDICATE_ADVISORY	State/readback/predicate/advisory surface; no independent authority implied by zero callers.
1228	SourceCohortAdvisory6727	throttleMultiplier	engine/truth/SourceCohortAdvisory6727.kt	TRUTH_INTERNAL_ZERO_CALLER	Canonical truth-layer zero-caller internal/compatibility declaration; retain unwired or delete, never fabricate a parallel caller.
1229	SourceTimingRegistry	getFirstSeen	v3/arb/SourceTimingRegistry.kt	READBACK_PREDICATE_ADVISORY	State/readback/predicate/advisory surface; no independent authority implied by zero callers.
1230	SourceTimingRegistry	getLatestSeen	v3/arb/SourceTimingRegistry.kt	READBACK_PREDICATE_ADVISORY	State/readback/predicate/advisory surface; no independent authority implied by zero callers.
1231	SourceTimingRegistry	getSourceCount	v3/arb/SourceTimingRegistry.kt	READBACK_PREDICATE_ADVISORY	State/readback/predicate/advisory surface; no independent authority implied by zero callers.
1232	SourceTimingRegistry	getVenueLagMs	v3/arb/SourceTimingRegistry.kt	READBACK_PREDICATE_ADVISORY	State/readback/predicate/advisory surface; no independent authority implied by zero callers.
1233	SpecialistContributorMerge6612	mergeCount	engine/truth/SpecialistContributorMerge6612.kt	READBACK_PREDICATE_ADVISORY	State/readback/predicate/advisory surface; no independent authority implied by zero callers.
1234	SpecialistContributorMerge6612	trackedMints	engine/truth/SpecialistContributorMerge6612.kt	TRUTH_INTERNAL_ZERO_CALLER	Canonical truth-layer zero-caller internal/compatibility declaration; retain unwired or delete, never fabricate a parallel caller.
1235	SpecialistProposalArbiter6629	currentDecision6629	engine/truth/SpecialistProposalArbiter6629.kt	READBACK_PREDICATE_ADVISORY	State/readback/predicate/advisory surface; no independent authority implied by zero callers.
1236	SpecialistProposalArbiter6629	elect6629	engine/truth/SpecialistProposalArbiter6629.kt	TRUTH_INTERNAL_ZERO_CALLER	Canonical truth-layer zero-caller internal/compatibility declaration; retain unwired or delete, never fabricate a parallel caller.
1237	SpecialistProposalArbiter6629	retireContest6629	engine/truth/SpecialistProposalArbiter6629.kt	TRUTH_INTERNAL_ZERO_CALLER	Canonical truth-layer zero-caller internal/compatibility declaration; retain unwired or delete, never fabricate a parallel caller.
1238	SsiPilotCouncil	pilotNote	engine/SsiPilotCouncil.kt	LEGACY_ZERO_CALLER_DO_NOT_AUTOWIRE	No production caller found in static ledger; classify as legacy/internal dead declaration pending deletion or explicit redesign, not arbitrary wiring.
1239	StablecoinFlowAI	getRegimeBias	v3/scoring/StablecoinFlowAI.kt	READBACK_PREDICATE_ADVISORY	State/readback/predicate/advisory surface; no independent authority implied by zero callers.
1240	StaleMarkRunnerProtection6829	clearRefreshAttempts	engine/truth/StaleMarkRunnerProtection6829.kt	EXPLICIT_CONTROL_MAINTENANCE	Explicit mutator/recovery/config/maintenance API; do not auto-call from trading hot path.
1241	StartupExitOnlyLatch6401	allMet	engine/truth/StartupExitOnlyLatch6401.kt	TRUTH_INTERNAL_ZERO_CALLER	Canonical truth-layer zero-caller internal/compatibility declaration; retain unwired or delete, never fabricate a parallel caller.
1242	StartupExitOnlyLatch6401	evaluateAndMaybeClear	engine/truth/StartupExitOnlyLatch6401.kt	TRUTH_INTERNAL_ZERO_CALLER	Canonical truth-layer zero-caller internal/compatibility declaration; retain unwired or delete, never fabricate a parallel caller.
1243	StartupExitOnlyLatch6401	resetForNewGeneration	engine/truth/StartupExitOnlyLatch6401.kt	EXPLICIT_CONTROL_MAINTENANCE	Explicit mutator/recovery/config/maintenance API; do not auto-call from trading hot path.
1244	StartupInvariantGate6441	gateOpen	engine/truth/StartupInvariantGate6441.kt	TRUTH_INTERNAL_ZERO_CALLER	Canonical truth-layer zero-caller internal/compatibility declaration; retain unwired or delete, never fabricate a parallel caller.
1245	StartupReconciliation6635	beginRun6635	engine/truth/StartupReconciliation6635.kt	TRUTH_INTERNAL_ZERO_CALLER	Canonical truth-layer zero-caller internal/compatibility declaration; retain unwired or delete, never fabricate a parallel caller.
1246	StartupReconciliation6635	classify6635	engine/truth/StartupReconciliation6635.kt	TRUTH_INTERNAL_ZERO_CALLER	Canonical truth-layer zero-caller internal/compatibility declaration; retain unwired or delete, never fabricate a parallel caller.
1247	StartupReconciliation6635	endRun6635	engine/truth/StartupReconciliation6635.kt	TRUTH_INTERNAL_ZERO_CALLER	Canonical truth-layer zero-caller internal/compatibility declaration; retain unwired or delete, never fabricate a parallel caller.
1248	StartupReconciliation6635	isQuarantined6635	engine/truth/StartupReconciliation6635.kt	READBACK_PREDICATE_ADVISORY	State/readback/predicate/advisory surface; no independent authority implied by zero callers.
1249	StrategyHypothesisEngine	seedControlArmsFromHistory	engine/StrategyHypothesisEngine.kt	LEGACY_ZERO_CALLER_DO_NOT_AUTOWIRE	No production caller found in static ledger; classify as legacy/internal dead declaration pending deletion or explicit redesign, not arbitrary wiring.
1250	StrategyTelemetry	bleeders	engine/StrategyTelemetry.kt	LEGACY_ZERO_CALLER_DO_NOT_AUTOWIRE	No production caller found in static ledger; classify as legacy/internal dead declaration pending deletion or explicit redesign, not arbitrary wiring.
1251	StrategyTelemetry	clearDisabledIfInsufficient	engine/StrategyTelemetry.kt	EXPLICIT_CONTROL_MAINTENANCE	Explicit mutator/recovery/config/maintenance API; do not auto-call from trading hot path.
1252	StrategyTelemetry	computePaperTerminalLeaderboard	engine/StrategyTelemetry.kt	LEGACY_ZERO_CALLER_DO_NOT_AUTOWIRE	No production caller found in static ledger; classify as legacy/internal dead declaration pending deletion or explicit redesign, not arbitrary wiring.
1253	StrategyTelemetry	getDisabled	engine/StrategyTelemetry.kt	READBACK_PREDICATE_ADVISORY	State/readback/predicate/advisory surface; no independent authority implied by zero callers.
1254	StrategyTrainingGate	shouldTrainRouteLayer	engine/execution/StrategyTrainingGate.kt	READBACK_PREDICATE_ADVISORY	State/readback/predicate/advisory surface; no independent authority implied by zero callers.
1255	StrategyTrustAI	getQuarantineUntil	v4/meta/StrategyTrustAI.kt	READBACK_PREDICATE_ADVISORY	State/readback/predicate/advisory surface; no independent authority implied by zero callers.
1256	StrategyTrustAI	getTrustRecord	v4/meta/StrategyTrustAI.kt	READBACK_PREDICATE_ADVISORY	State/readback/predicate/advisory surface; no independent authority implied by zero callers.
1257	StrategyTrustAI	setQuarantine	v4/meta/StrategyTrustAI.kt	EXPLICIT_CONTROL_MAINTENANCE	Explicit mutator/recovery/config/maintenance API; do not auto-call from trading hot path.
1258	StrategyTruthLedger	auditLine	engine/StrategyTruthLedger.kt	LEGACY_ZERO_CALLER_DO_NOT_AUTOWIRE	No production caller found in static ledger; classify as legacy/internal dead declaration pending deletion or explicit redesign, not arbitrary wiring.
1259	StrategyTruthLedger	strategyLaneFor	engine/StrategyTruthLedger.kt	READBACK_PREDICATE_ADVISORY	State/readback/predicate/advisory surface; no independent authority implied by zero callers.
1260	StrategyVariantStore	promoteChild	engine/learning/StrategyVariantStore.kt	LEGACY_ZERO_CALLER_DO_NOT_AUTOWIRE	No production caller found in static ledger; classify as legacy/internal dead declaration pending deletion or explicit redesign, not arbitrary wiring.
1261	StrategyVariantStore	variantsFor	engine/learning/StrategyVariantStore.kt	LEGACY_ZERO_CALLER_DO_NOT_AUTOWIRE	No production caller found in static ledger; classify as legacy/internal dead declaration pending deletion or explicit redesign, not arbitrary wiring.
1262	SuperBrainEnhancements	getBreadthTrend	engine/SuperBrainEnhancements.kt	READBACK_PREDICATE_ADVISORY	State/readback/predicate/advisory surface; no independent authority implied by zero callers.
1263	SuperBrainEnhancements	recordBreadth	engine/SuperBrainEnhancements.kt	LEGACY_ZERO_CALLER_DO_NOT_AUTOWIRE	No production caller found in static ledger; classify as legacy/internal dead declaration pending deletion or explicit redesign, not arbitrary wiring.
1264	SwapQuote	isTransient	network/JupiterApi.kt	BACKGROUND_IO_PROVIDER_HELPER	Network/database/provider surface; keep bounded/background or behind provider authority.
1265	SwitchboardOracle	isSupported	perps/AlternativeOracles.kt	READBACK_PREDICATE_ADVISORY	State/readback/predicate/advisory surface; no independent authority implied by zero callers.
1266	SwitchboardOracle	isSupported	perps/AlternativeOracles.kt	READBACK_PREDICATE_ADVISORY	State/readback/predicate/advisory surface; no independent authority implied by zero callers.
1267	SymbolicContext	getAge	engine/SymbolicContext.kt	READBACK_PREDICATE_ADVISORY	State/readback/predicate/advisory surface; no independent authority implied by zero callers.
1268	SymbolicContext	isFundingUnfavourable	engine/SymbolicContext.kt	READBACK_PREDICATE_ADVISORY	State/readback/predicate/advisory surface; no independent authority implied by zero callers.
1269	SymbolicExitReasoner	canHardEscalate	engine/SymbolicExitReasoner.kt	READBACK_PREDICATE_ADVISORY	State/readback/predicate/advisory surface; no independent authority implied by zero callers.
1270	SymbolicExitReasoner	gradeOnClose	engine/SymbolicExitReasoner.kt	LEGACY_ZERO_CALLER_DO_NOT_AUTOWIRE	No production caller found in static ledger; classify as legacy/internal dead declaration pending deletion or explicit redesign, not arbitrary wiring.
1271	SymbolicExitReasoner	gradeOnUpdate	engine/SymbolicExitReasoner.kt	LEGACY_ZERO_CALLER_DO_NOT_AUTOWIRE	No production caller found in static ledger; classify as legacy/internal dead declaration pending deletion or explicit redesign, not arbitrary wiring.
1272	SymbolicExitReasoner	noteFire	engine/SymbolicExitReasoner.kt	LEGACY_ZERO_CALLER_DO_NOT_AUTOWIRE	No production caller found in static ledger; classify as legacy/internal dead declaration pending deletion or explicit redesign, not arbitrary wiring.
1273	SymbolicInvariantProver	allPassed	engine/SymbolicInvariantProver.kt	LEGACY_ZERO_CALLER_DO_NOT_AUTOWIRE	No production caller found in static ledger; classify as legacy/internal dead declaration pending deletion or explicit redesign, not arbitrary wiring.
1274	SymbolicInvariantProver	firstSrc	engine/SymbolicInvariantProver.kt	LEGACY_ZERO_CALLER_DO_NOT_AUTOWIRE	No production caller found in static ledger; classify as legacy/internal dead declaration pending deletion or explicit redesign, not arbitrary wiring.
1275	SymbolicInvariantProver	proveSourceContracts	engine/SymbolicInvariantProver.kt	LEGACY_ZERO_CALLER_DO_NOT_AUTOWIRE	No production caller found in static ledger; classify as legacy/internal dead declaration pending deletion or explicit redesign, not arbitrary wiring.
1276	SymbolicVerdictRegistry	activeVerdictCount	engine/SymbolicVerdictRegistry.kt	READBACK_PREDICATE_ADVISORY	State/readback/predicate/advisory surface; no independent authority implied by zero callers.
1277	TacticSwitcher	historicalOutcomeCount6486	engine/learning/TacticSwitcher.kt	READBACK_PREDICATE_ADVISORY	State/readback/predicate/advisory surface; no independent authority implied by zero callers.
1278	TacticSwitcher	maybeRotateFromMemory	engine/learning/TacticSwitcher.kt	LEGACY_ZERO_CALLER_DO_NOT_AUTOWIRE	No production caller found in static ledger; classify as legacy/internal dead declaration pending deletion or explicit redesign, not arbitrary wiring.
1279	TelegramBot	alertEntry	engine/TelegramBot.kt	LEGACY_ZERO_CALLER_DO_NOT_AUTOWIRE	No production caller found in static ledger; classify as legacy/internal dead declaration pending deletion or explicit redesign, not arbitrary wiring.
1280	TelegramBot	alertLearningInsight	engine/TelegramBot.kt	LEGACY_ZERO_CALLER_DO_NOT_AUTOWIRE	No production caller found in static ledger; classify as legacy/internal dead declaration pending deletion or explicit redesign, not arbitrary wiring.
1281	TelegramBot	alertTreasuryMilestone	engine/TelegramBot.kt	LEGACY_ZERO_CALLER_DO_NOT_AUTOWIRE	No production caller found in static ledger; classify as legacy/internal dead declaration pending deletion or explicit redesign, not arbitrary wiring.
1282	TelegramScraper	scrapePublicChannel	network/TelegramScraper.kt	BACKGROUND_IO_PROVIDER_HELPER	Network/database/provider surface; keep bounded/background or behind provider authority.
1283	TerminalFinalityAuthority6405	clearGeneration	engine/truth/TerminalFinalityAuthority6405.kt	EXPLICIT_CONTROL_MAINTENANCE	Explicit mutator/recovery/config/maintenance API; do not auto-call from trading hot path.
1284	TicketAuthorityContinuity6624	materiallyEqualTo	engine/truth/TicketAuthorityContinuity6624.kt	TRUTH_INTERNAL_ZERO_CALLER	Canonical truth-layer zero-caller internal/compatibility declaration; retain unwired or delete, never fabricate a parallel caller.
1285	TicketAuthorityContinuity6624	recordOriginalBasis6624	engine/truth/TicketAuthorityContinuity6624.kt	TRUTH_INTERNAL_ZERO_CALLER	Canonical truth-layer zero-caller internal/compatibility declaration; retain unwired or delete, never fabricate a parallel caller.
1286	TicketAuthorityContinuity6624	shouldResealOrReject6624	engine/truth/TicketAuthorityContinuity6624.kt	READBACK_PREDICATE_ADVISORY	State/readback/predicate/advisory surface; no independent authority implied by zero callers.
1287	TimeModeScheduler	clearSchedule	engine/TimeModeScheduler.kt	EXPLICIT_CONTROL_MAINTENANCE	Explicit mutator/recovery/config/maintenance API; do not auto-call from trading hot path.
1288	TimeModeScheduler	getBestHoursForMode	engine/TimeModeScheduler.kt	READBACK_PREDICATE_ADVISORY	State/readback/predicate/advisory surface; no independent authority implied by zero callers.
1289	TimeModeScheduler	getSchedule	engine/TimeModeScheduler.kt	READBACK_PREDICATE_ADVISORY	State/readback/predicate/advisory surface; no independent authority implied by zero callers.
1290	TimeModeScheduler	getWorstHoursForMode	engine/TimeModeScheduler.kt	READBACK_PREDICATE_ADVISORY	State/readback/predicate/advisory surface; no independent authority implied by zero callers.
1291	TimeModeScheduler	setAutoSwitchEnabled	engine/TimeModeScheduler.kt	EXPLICIT_CONTROL_MAINTENANCE	Explicit mutator/recovery/config/maintenance API; do not auto-call from trading hot path.
1292	TimeModeScheduler	setScheduleOverride	engine/TimeModeScheduler.kt	EXPLICIT_CONTROL_MAINTENANCE	Explicit mutator/recovery/config/maintenance API; do not auto-call from trading hot path.
1293	TimeOptimizationAI	getCurrentDayOfWeek	engine/TimeOptimizationAI.kt	READBACK_PREDICATE_ADVISORY	State/readback/predicate/advisory surface; no independent authority implied by zero callers.
1294	TimeOptimizationAI	getCurrentSession	engine/TimeOptimizationAI.kt	READBACK_PREDICATE_ADVISORY	State/readback/predicate/advisory surface; no independent authority implied by zero callers.
1295	TimeOptimizationAI	isWeekend	engine/TimeOptimizationAI.kt	READBACK_PREDICATE_ADVISORY	State/readback/predicate/advisory surface; no independent authority implied by zero callers.
1296	TokenLifecycleTracker	markReconcileFailed	engine/TokenLifecycleTracker.kt	EXPLICIT_CONTROL_MAINTENANCE	Explicit mutator/recovery/config/maintenance API; do not auto-call from trading hot path.
1297	TokenLifecycleTracker	purgeTerminalRecord	engine/TokenLifecycleTracker.kt	LEGACY_ZERO_CALLER_DO_NOT_AUTOWIRE	No production caller found in static ledger; classify as legacy/internal dead declaration pending deletion or explicit redesign, not arbitrary wiring.
1298	TokenMapAuthority	buyAttemptId	engine/TokenMapAuthority.kt	LEGACY_ZERO_CALLER_DO_NOT_AUTOWIRE	No production caller found in static ledger; classify as legacy/internal dead declaration pending deletion or explicit redesign, not arbitrary wiring.
1299	TokenMapVersionGuard6411	bumpLaneRoutingVersion	engine/truth/TokenMapVersionGuard6411.kt	READBACK_PREDICATE_ADVISORY	State/readback/predicate/advisory surface; no independent authority implied by zero callers.
1300	TokenMapVersionGuard6411	bumpMappingVersion	engine/truth/TokenMapVersionGuard6411.kt	READBACK_PREDICATE_ADVISORY	State/readback/predicate/advisory surface; no independent authority implied by zero callers.
1301	TokenMapVersionGuard6411	currentLaneRoutingVersion	engine/truth/TokenMapVersionGuard6411.kt	READBACK_PREDICATE_ADVISORY	State/readback/predicate/advisory surface; no independent authority implied by zero callers.
1302	TokenMapVersionGuard6411	currentMappingVersion	engine/truth/TokenMapVersionGuard6411.kt	READBACK_PREDICATE_ADVISORY	State/readback/predicate/advisory surface; no independent authority implied by zero callers.
1303	TokenMergeQueue	agePressure6877	engine/TokenMergeQueue.kt	READBACK_PREDICATE_ADVISORY	State/readback/predicate/advisory surface; no independent authority implied by zero callers.
1304	TokenMergeQueue	flushAll	engine/TokenMergeQueue.kt	LEGACY_ZERO_CALLER_DO_NOT_AUTOWIRE	No production caller found in static ledger; classify as legacy/internal dead declaration pending deletion or explicit redesign, not arbitrary wiring.
1305	TokenMetaCache	pruneStale	engine/TokenMetaCache.kt	EXPLICIT_CONTROL_MAINTENANCE	Explicit mutator/recovery/config/maintenance API; do not auto-call from trading hot path.
1306	TokenMetricStageRouter	reasonFor	engine/TokenMetricStageRouter.kt	LEGACY_ZERO_CALLER_DO_NOT_AUTOWIRE	No production caller found in static ledger; classify as legacy/internal dead declaration pending deletion or explicit redesign, not arbitrary wiring.
1307	TokenRefreshPolicy	forget	engine/TokenRefreshPolicy.kt	LEGACY_ZERO_CALLER_DO_NOT_AUTOWIRE	No production caller found in static ledger; classify as legacy/internal dead declaration pending deletion or explicit redesign, not arbitrary wiring.
1308	TokenWinMemory	logDetailedStats	engine/TokenWinMemory.kt	READBACK_PREDICATE_ADVISORY	State/readback/predicate/advisory surface; no independent authority implied by zero callers.
1309	TokenizedAssetRegistry	knownSymbols	perps/TokenizedAssetRegistry.kt	READBACK_PREDICATE_ADVISORY	State/readback/predicate/advisory surface; no independent authority implied by zero callers.
1310	TokenizedStockTrader	isRegularTradingHours	perps/TokenizedStockTrader.kt	READBACK_PREDICATE_ADVISORY	State/readback/predicate/advisory surface; no independent authority implied by zero callers.
1311	ToxicModeCircuitBreaker	forceTripForTests	engine/ToxicModeCircuitBreaker.kt	TEST_HOOK_ONLY	Explicit test/reset/probe hook; never production-wire to satisfy static analysis.
1312	ToxicModeCircuitBreaker	freezeMode	engine/ToxicModeCircuitBreaker.kt	LEGACY_ZERO_CALLER_DO_NOT_AUTOWIRE	No production caller found in static ledger; classify as legacy/internal dead declaration pending deletion or explicit redesign, not arbitrary wiring.
1313	ToxicModeCircuitBreaker	getLiquidityFloor	engine/ToxicModeCircuitBreaker.kt	READBACK_PREDICATE_ADVISORY	State/readback/predicate/advisory surface; no independent authority implied by zero callers.
1314	ToxicModeCircuitBreaker	isModeDisabled	engine/ToxicModeCircuitBreaker.kt	READBACK_PREDICATE_ADVISORY	State/readback/predicate/advisory surface; no independent authority implied by zero callers.
1315	ToxicModeCircuitBreaker	unfreezeMode	engine/ToxicModeCircuitBreaker.kt	LEGACY_ZERO_CALLER_DO_NOT_AUTOWIRE	No production caller found in static ledger; classify as legacy/internal dead declaration pending deletion or explicit redesign, not arbitrary wiring.
1316	TradeAlerts	custom	engine/TradeAlerts.kt	LEGACY_ZERO_CALLER_DO_NOT_AUTOWIRE	No production caller found in static ledger; classify as legacy/internal dead declaration pending deletion or explicit redesign, not arbitrary wiring.
1317	TradeAlerts	onCircuitBreaker	engine/TradeAlerts.kt	LEGACY_ZERO_CALLER_DO_NOT_AUTOWIRE	No production caller found in static ledger; classify as legacy/internal dead declaration pending deletion or explicit redesign, not arbitrary wiring.
1318	TradeAlerts	onTreasuryMilestone	engine/TradeAlerts.kt	LEGACY_ZERO_CALLER_DO_NOT_AUTOWIRE	No production caller found in static ledger; classify as legacy/internal dead declaration pending deletion or explicit redesign, not arbitrary wiring.
1319	TradeAuthorizer	forceAgeOpenLockForTests	engine/TradeAuthorizer.kt	TEST_HOOK_ONLY	Explicit test/reset/probe hook; never production-wire to satisfy static analysis.
1320	TradeAuthorizer	forceOpenLockForTests	engine/TradeAuthorizer.kt	TEST_HOOK_ONLY	Explicit test/reset/probe hook; never production-wire to satisfy static analysis.
1321	TradeAuthorizer	getShadowTracking	engine/TradeAuthorizer.kt	READBACK_PREDICATE_ADVISORY	State/readback/predicate/advisory surface; no independent authority implied by zero callers.
1322	TradeAuthorizer	getTokenBooks	engine/TradeAuthorizer.kt	READBACK_PREDICATE_ADVISORY	State/readback/predicate/advisory surface; no independent authority implied by zero callers.
1323	TradeAuthorizer	getTokenState	engine/TradeAuthorizer.kt	READBACK_PREDICATE_ADVISORY	State/readback/predicate/advisory surface; no independent authority implied by zero callers.
1324	TradeAuthorizer	getTokensInBook	engine/TradeAuthorizer.kt	READBACK_PREDICATE_ADVISORY	State/readback/predicate/advisory surface; no independent authority implied by zero callers.
1325	TradeAuthorizer	hasOpenPositionInBook	engine/TradeAuthorizer.kt	READBACK_PREDICATE_ADVISORY	State/readback/predicate/advisory surface; no independent authority implied by zero callers.
1326	TradeAuthorizer	rejectAuth4424	engine/TradeAuthorizer.kt	LEGACY_ZERO_CALLER_DO_NOT_AUTOWIRE	No production caller found in static ledger; classify as legacy/internal dead declaration pending deletion or explicit redesign, not arbitrary wiring.
1327	TradeAuthorizer	releasePrimaryAfterAuthFailure	engine/TradeAuthorizer.kt	EXPLICIT_CONTROL_MAINTENANCE	Explicit mutator/recovery/config/maintenance API; do not auto-call from trading hot path.
1328	TradeDatabase	getTradesByPhase	engine/TradeDatabase.kt	READBACK_PREDICATE_ADVISORY	State/readback/predicate/advisory surface; no independent authority implied by zero callers.
1329	TradeHistoryStore	getAllTradesIncludingInvalidForensics	engine/TradeHistoryStore.kt	READBACK_PREDICATE_ADVISORY	State/readback/predicate/advisory surface; no independent authority implied by zero callers.
1330	TradeHistoryStore	invalidateStatsCache	engine/TradeHistoryStore.kt	EXPLICIT_CONTROL_MAINTENANCE	Explicit mutator/recovery/config/maintenance API; do not auto-call from trading hot path.
1331	TradeHistoryStore	openMintSetFromJournal	engine/TradeHistoryStore.kt	LEGACY_ZERO_CALLER_DO_NOT_AUTOWIRE	No production caller found in static ledger; classify as legacy/internal dead declaration pending deletion or explicit redesign, not arbitrary wiring.
1332	TradeHistoryStore	pnlSol	engine/TradeHistoryStore.kt	READBACK_PREDICATE_ADVISORY	State/readback/predicate/advisory surface; no independent authority implied by zero callers.
1333	TradeHistoryStore	recordTrades	engine/TradeHistoryStore.kt	LEGACY_ZERO_CALLER_DO_NOT_AUTOWIRE	No production caller found in static ledger; classify as legacy/internal dead declaration pending deletion or explicit redesign, not arbitrary wiring.
1334	TradeIdentityManager	shortId	engine/TradeIdentity.kt	LEGACY_ZERO_CALLER_DO_NOT_AUTOWIRE	No production caller found in static ledger; classify as legacy/internal dead declaration pending deletion or explicit redesign, not arbitrary wiring.
1335	TradeLessonRecorder	getLeverageLessons	v4/meta/TradeLessonRecorder.kt	READBACK_PREDICATE_ADVISORY	State/readback/predicate/advisory surface; no independent authority implied by zero callers.
1336	TradeLessonRecorder	getNarrativeLessons	v4/meta/TradeLessonRecorder.kt	READBACK_PREDICATE_ADVISORY	State/readback/predicate/advisory surface; no independent authority implied by zero callers.
1337	TradeLessonRecorder	getRegimeLessons	v4/meta/TradeLessonRecorder.kt	READBACK_PREDICATE_ADVISORY	State/readback/predicate/advisory surface; no independent authority implied by zero callers.
1338	TradeLifecycle	canApprove	engine/TradeLifecycle.kt	READBACK_PREDICATE_ADVISORY	State/readback/predicate/advisory surface; no independent authority implied by zero callers.
1339	TradeLifecycle	durationMs	engine/TradeLifecycle.kt	LEGACY_ZERO_CALLER_DO_NOT_AUTOWIRE	No production caller found in static ledger; classify as legacy/internal dead declaration pending deletion or explicit redesign, not arbitrary wiring.
1340	TradeLifecycle	filtered	engine/TradeLifecycle.kt	LEGACY_ZERO_CALLER_DO_NOT_AUTOWIRE	No production caller found in static ledger; classify as legacy/internal dead declaration pending deletion or explicit redesign, not arbitrary wiring.
1341	TradeLifecycle	fullHistory	engine/TradeLifecycle.kt	LEGACY_ZERO_CALLER_DO_NOT_AUTOWIRE	No production caller found in static ledger; classify as legacy/internal dead declaration pending deletion or explicit redesign, not arbitrary wiring.
1342	TradeLifecycle	getCompleted	engine/TradeLifecycle.kt	READBACK_PREDICATE_ADVISORY	State/readback/predicate/advisory surface; no independent authority implied by zero callers.
1343	TradeLifecycle	resetForRetry	engine/TradeLifecycle.kt	EXPLICIT_CONTROL_MAINTENANCE	Explicit mutator/recovery/config/maintenance API; do not auto-call from trading hot path.
1344	TradeRowSanityCheck	totalAdmitted	engine/learning/TradeRowSanityCheck.kt	LEGACY_ZERO_CALLER_DO_NOT_AUTOWIRE	No production caller found in static ledger; classify as legacy/internal dead declaration pending deletion or explicit redesign, not arbitrary wiring.
1345	TradeState	clearState	engine/TradeStateMachine.kt	EXPLICIT_CONTROL_MAINTENANCE	Explicit mutator/recovery/config/maintenance API; do not auto-call from trading hot path.
1346	TradeState	getCooldownRemaining	engine/TradeStateMachine.kt	READBACK_PREDICATE_ADVISORY	State/readback/predicate/advisory surface; no independent authority implied by zero callers.
1347	TraderSizingBridge6444	declaredCaps	engine/truth/TraderSizingBridge6444.kt	TRUTH_INTERNAL_ZERO_CALLER	Canonical truth-layer zero-caller internal/compatibility declaration; retain unwired or delete, never fabricate a parallel caller.
1348	TradingCopilot	getAssetWindow	engine/TradingCopilot.kt	READBACK_PREDICATE_ADVISORY	State/readback/predicate/advisory surface; no independent authority implied by zero callers.
1349	TradingCopilot	isAggressiveHunt	engine/TradingCopilot.kt	READBACK_PREDICATE_ADVISORY	State/readback/predicate/advisory surface; no independent authority implied by zero callers.
1350	TradingCopilot	isEmergencyBrake	engine/TradingCopilot.kt	READBACK_PREDICATE_ADVISORY	State/readback/predicate/advisory surface; no independent authority implied by zero callers.
1351	TradingCopilot	layerWeight	engine/TradingCopilot.kt	LEGACY_ZERO_CALLER_DO_NOT_AUTOWIRE	No production caller found in static ledger; classify as legacy/internal dead declaration pending deletion or explicit redesign, not arbitrary wiring.
1352	TreasuryManager	defaultWithdrawal	engine/TreasuryManager.kt	LEGACY_ZERO_CALLER_DO_NOT_AUTOWIRE	No production caller found in static ledger; classify as legacy/internal dead declaration pending deletion or explicit redesign, not arbitrary wiring.
1353	TreasuryManager	maxWithdrawable	engine/TreasuryManager.kt	LEGACY_ZERO_CALLER_DO_NOT_AUTOWIRE	No production caller found in static ledger; classify as legacy/internal dead declaration pending deletion or explicit redesign, not arbitrary wiring.
1354	TreasuryManager	requestWithdrawal	engine/TreasuryManager.kt	LEGACY_ZERO_CALLER_DO_NOT_AUTOWIRE	No production caller found in static ledger; classify as legacy/internal dead declaration pending deletion or explicit redesign, not arbitrary wiring.
1355	TreasuryManager	tradeableBalance	engine/TreasuryManager.kt	READBACK_PREDICATE_ADVISORY	State/readback/predicate/advisory surface; no independent authority implied by zero callers.
1356	TreasuryOpportunityEngine	getActiveDeployments	engine/TreasuryOpportunityEngine.kt	READBACK_PREDICATE_ADVISORY	State/readback/predicate/advisory surface; no independent authority implied by zero callers.
1357	TreasuryOpportunityEngine	shouldDeploy	engine/TreasuryOpportunityEngine.kt	READBACK_PREDICATE_ADVISORY	State/readback/predicate/advisory surface; no independent authority implied by zero callers.
1358	TreasuryWalletManager	destinationAddress	engine/TreasuryWalletManager.kt	LEGACY_ZERO_CALLER_DO_NOT_AUTOWIRE	No production caller found in static ledger; classify as legacy/internal dead declaration pending deletion or explicit redesign, not arbitrary wiring.
1359	TursoClient	getMarketsTradesForReplay	collective/TursoClient.kt	BACKGROUND_IO_PROVIDER_HELPER	Network/database/provider surface; keep bounded/background or behind provider authority.
1360	TursoClient	nukeBadData	collective/TursoClient.kt	BACKGROUND_IO_PROVIDER_HELPER	Network/database/provider surface; keep bounded/background or behind provider authority.
1361	TursoClient	saveLeadLagPair	collective/TursoClient.kt	BACKGROUND_IO_PROVIDER_HELPER	Network/database/provider surface; keep bounded/background or behind provider authority.
1362	TursoClient	testConnection	collective/TursoClient.kt	BACKGROUND_IO_PROVIDER_HELPER	Network/database/provider surface; keep bounded/background or behind provider authority.
1363	TursoDefaults	validOrDefaultToken	data/BotConfig.kt	LEGACY_ZERO_CALLER_DO_NOT_AUTOWIRE	No production caller found in static ledger; classify as legacy/internal dead declaration pending deletion or explicit redesign, not arbitrary wiring.
1364	TursoDefaults	validOrDefaultUrl	data/BotConfig.kt	LEGACY_ZERO_CALLER_DO_NOT_AUTOWIRE	No production caller found in static ledger; classify as legacy/internal dead declaration pending deletion or explicit redesign, not arbitrary wiring.
1365	UiState	toggleBot	ui/BotViewModel.kt	PRODUCT_UI_VOICE_DEAD	Product/UI/voice surface; zero-caller does not imply trading wiring.
1366	UltraFastRugDetectorAI	getMonitoredCount	v3/scoring/UltraFastRugDetectorAI.kt	READBACK_PREDICATE_ADVISORY	State/readback/predicate/advisory surface; no independent authority implied by zero callers.
1367	UnifiedModeOrchestrator	deactivateMode	engine/UnifiedModeOrchestrator.kt	LEGACY_ZERO_CALLER_DO_NOT_AUTOWIRE	No production caller found in static ledger; classify as legacy/internal dead declaration pending deletion or explicit redesign, not arbitrary wiring.
1368	UnifiedModeOrchestrator	evaluateMarket	engine/UnifiedModeOrchestrator.kt	LEGACY_ZERO_CALLER_DO_NOT_AUTOWIRE	No production caller found in static ledger; classify as legacy/internal dead declaration pending deletion or explicit redesign, not arbitrary wiring.
1369	UnifiedModeOrchestrator	recordTradeByTag	engine/UnifiedModeOrchestrator.kt	LEGACY_ZERO_CALLER_DO_NOT_AUTOWIRE	No production caller found in static ledger; classify as legacy/internal dead declaration pending deletion or explicit redesign, not arbitrary wiring.
1370	UnifiedPolicyHead	advisoryUsageHits	engine/UnifiedPolicyHead.kt	READBACK_PREDICATE_ADVISORY	State/readback/predicate/advisory surface; no independent authority implied by zero callers.
1371	UnifiedPolicyHead	authoritativeOverrideHits	engine/UnifiedPolicyHead.kt	LEGACY_ZERO_CALLER_DO_NOT_AUTOWIRE	No production caller found in static ledger; classify as legacy/internal dead declaration pending deletion or explicit redesign, not arbitrary wiring.
1372	UnifiedPolicyHead	calibrationDemoteHits	engine/UnifiedPolicyHead.kt	LEGACY_ZERO_CALLER_DO_NOT_AUTOWIRE	No production caller found in static ledger; classify as legacy/internal dead declaration pending deletion or explicit redesign, not arbitrary wiring.
1373	UnifiedPolicyHead	causalBoundCount6681	engine/UnifiedPolicyHead.kt	READBACK_PREDICATE_ADVISORY	State/readback/predicate/advisory surface; no independent authority implied by zero callers.
1374	UnifiedPolicyHead	causalMissCount6681	engine/UnifiedPolicyHead.kt	READBACK_PREDICATE_ADVISORY	State/readback/predicate/advisory surface; no independent authority implied by zero callers.
1375	UnifiedPolicyHead	causalOutcomeCount6681	engine/UnifiedPolicyHead.kt	READBACK_PREDICATE_ADVISORY	State/readback/predicate/advisory surface; no independent authority implied by zero callers.
1376	UnifiedPolicyHead	laneOwnHeadTrainedCount6605	engine/UnifiedPolicyHead.kt	READBACK_PREDICATE_ADVISORY	State/readback/predicate/advisory surface; no independent authority implied by zero callers.
1377	UnifiedScorer	fluidScale	v3/scoring/UnifiedScorer.kt	STRATEGY_INTERNAL_ZERO_CALLER	Strategy/perps internal zero-caller declaration; owning subsystem remains authoritative, direct wiring requires distinct non-duplicate evidence.
1378	UnifiedScorer	genEqScale	v3/scoring/UnifiedScorer.kt	STRATEGY_INTERNAL_ZERO_CALLER	Strategy/perps internal zero-caller declaration; owning subsystem remains authoritative, direct wiring requires distinct non-duplicate evidence.
1379	UnifiedScorer	moduleNames	v3/scoring/UnifiedScorer.kt	STRATEGY_INTERNAL_ZERO_CALLER	Strategy/perps internal zero-caller declaration; owning subsystem remains authoritative, direct wiring requires distinct non-duplicate evidence.
1380	UnifiedScorer	polarityFlip	v3/scoring/UnifiedScorer.kt	STRATEGY_INTERNAL_ZERO_CALLER	Strategy/perps internal zero-caller declaration; owning subsystem remains authoritative, direct wiring requires distinct non-duplicate evidence.
1381	UnifiedScorer	symmetricTrust	v3/scoring/UnifiedScorer.kt	STRATEGY_INTERNAL_ZERO_CALLER	Strategy/perps internal zero-caller declaration; owning subsystem remains authoritative, direct wiring requires distinct non-duplicate evidence.
1382	UnitTypes6344	costOf	engine/UnitTypes6344.kt	LEGACY_ZERO_CALLER_DO_NOT_AUTOWIRE	No production caller found in static ledger; classify as legacy/internal dead declaration pending deletion or explicit redesign, not arbitrary wiring.
1383	UnitTypes6344	toSolPrice	engine/UnitTypes6344.kt	LEGACY_ZERO_CALLER_DO_NOT_AUTOWIRE	No production caller found in static ledger; classify as legacy/internal dead declaration pending deletion or explicit redesign, not arbitrary wiring.
1384	UnitTypes6344	toUsdPrice	engine/UnitTypes6344.kt	LEGACY_ZERO_CALLER_DO_NOT_AUTOWIRE	No production caller found in static ledger; classify as legacy/internal dead declaration pending deletion or explicit redesign, not arbitrary wiring.
1385	UniversalBridgeEngine	getBridgeStats	engine/UniversalBridgeEngine.kt	READBACK_PREDICATE_ADVISORY	State/readback/predicate/advisory surface; no independent authority implied by zero callers.
1386	UniversalBridgeEngine	releaseCapital	engine/UniversalBridgeEngine.kt	EXPLICIT_CONTROL_MAINTENANCE	Explicit mutator/recovery/config/maintenance API; do not auto-call from trading hot path.
1387	UniversalRouteEngine	buildBuyRoute	engine/execution/UniversalRouteEngine.kt	LEGACY_ZERO_CALLER_DO_NOT_AUTOWIRE	No production caller found in static ledger; classify as legacy/internal dead declaration pending deletion or explicit redesign, not arbitrary wiring.
1388	UniversalRouteEngine	isPumpFamilyMint	engine/execution/UniversalRouteEngine.kt	READBACK_PREDICATE_ADVISORY	State/readback/predicate/advisory surface; no independent authority implied by zero callers.
1389	UniversalRouteEngine	newBuyIntent	engine/execution/UniversalRouteEngine.kt	LEGACY_ZERO_CALLER_DO_NOT_AUTOWIRE	No production caller found in static ledger; classify as legacy/internal dead declaration pending deletion or explicit redesign, not arbitrary wiring.
1390	UniversalSlLeaseRegistry6402	oldestLeaseAgeMs	engine/truth/UniversalSlLeaseRegistry6402.kt	READBACK_PREDICATE_ADVISORY	State/readback/predicate/advisory surface; no independent authority implied by zero callers.
1391	UniversalSlSentinel6504	noteDone	engine/truth/UniversalSlSentinel6504.kt	TRUTH_INTERNAL_ZERO_CALLER	Canonical truth-layer zero-caller internal/compatibility declaration; retain unwired or delete, never fabricate a parallel caller.
1392	UniversalSlSentinel6504	noteReset	engine/truth/UniversalSlSentinel6504.kt	TRUTH_INTERNAL_ZERO_CALLER	Canonical truth-layer zero-caller internal/compatibility declaration; retain unwired or delete, never fabricate a parallel caller.
1393	UniversalSlSentinel6504	noteStart	engine/truth/UniversalSlSentinel6504.kt	TRUTH_INTERNAL_ZERO_CALLER	Canonical truth-layer zero-caller internal/compatibility declaration; retain unwired or delete, never fabricate a parallel caller.
1394	UniverseHealthActivity	navBtn	ui/UniverseHealthActivity.kt	PRODUCT_UI_VOICE_DEAD	Product/UI/voice surface; zero-caller does not imply trading wiring.
1395	V3Adapter	getLearningStore	v3/bridge/V3Adapter.kt	READBACK_PREDICATE_ADVISORY	State/readback/predicate/advisory surface; no independent authority implied by zero callers.
1396	V3Adapter	getOrchestrator	v3/bridge/V3Adapter.kt	READBACK_PREDICATE_ADVISORY	State/readback/predicate/advisory surface; no independent authority implied by zero callers.
1397	V3Adapter	processV3	v3/bridge/V3Adapter.kt	STRATEGY_INTERNAL_ZERO_CALLER	Strategy/perps internal zero-caller declaration; owning subsystem remains authoritative, direct wiring requires distinct non-duplicate evidence.
1398	V3Adapter	toLearningMetrics	v3/bridge/V3Adapter.kt	STRATEGY_INTERNAL_ZERO_CALLER	Strategy/perps internal zero-caller declaration; owning subsystem remains authoritative, direct wiring requires distinct non-duplicate evidence.
1399	V3Adapter	toOpsMetrics	v3/bridge/V3Adapter.kt	STRATEGY_INTERNAL_ZERO_CALLER	Strategy/perps internal zero-caller declaration; owning subsystem remains authoritative, direct wiring requires distinct non-duplicate evidence.
1400	V3Adapter	toWallet	v3/bridge/V3Adapter.kt	STRATEGY_INTERNAL_ZERO_CALLER	Strategy/perps internal zero-caller declaration; owning subsystem remains authoritative, direct wiring requires distinct non-duplicate evidence.
1401	V3Adapter	updateExposure	v3/bridge/V3Adapter.kt	STRATEGY_INTERNAL_ZERO_CALLER	Strategy/perps internal zero-caller declaration; owning subsystem remains authoritative, direct wiring requires distinct non-duplicate evidence.
1402	V3ConfidenceConfig	clearCustomOverrides	engine/V3ConfidenceConfig.kt	EXPLICIT_CONTROL_MAINTENANCE	Explicit mutator/recovery/config/maintenance API; do not auto-call from trading hot path.
1403	V3ConfidenceConfig	getAllModes	engine/V3ConfidenceConfig.kt	READBACK_PREDICATE_ADVISORY	State/readback/predicate/advisory surface; no independent authority implied by zero callers.
1404	V3ConfidenceConfig	getModeDescription	engine/V3ConfidenceConfig.kt	READBACK_PREDICATE_ADVISORY	State/readback/predicate/advisory surface; no independent authority implied by zero callers.
1405	V3ConfidenceConfig	hasCustomOverrides	engine/V3ConfidenceConfig.kt	READBACK_PREDICATE_ADVISORY	State/readback/predicate/advisory surface; no independent authority implied by zero callers.
1406	V3ConfidenceConfig	setCustomOverrides	engine/V3ConfidenceConfig.kt	EXPLICIT_CONTROL_MAINTENANCE	Explicit mutator/recovery/config/maintenance API; do not auto-call from trading hot path.
1407	V3ConfidenceConfig	setMode	engine/V3ConfidenceConfig.kt	EXPLICIT_CONTROL_MAINTENANCE	Explicit mutator/recovery/config/maintenance API; do not auto-call from trading hot path.
1408	V3EngineManager	executeV3Trade	v3/V3EngineManager.kt	STRATEGY_INTERNAL_ZERO_CALLER	Strategy/perps internal zero-caller declaration; owning subsystem remains authoritative, direct wiring requires distinct non-duplicate evidence.
1409	V3EngineManager	getMode	v3/V3EngineManager.kt	READBACK_PREDICATE_ADVISORY	State/readback/predicate/advisory surface; no independent authority implied by zero callers.
1410	V3EngineManager	isSuccess	v3/V3EngineManager.kt	READBACK_PREDICATE_ADVISORY	State/readback/predicate/advisory surface; no independent authority implied by zero callers.
1411	V3EngineManager	notReady	v3/V3EngineManager.kt	STRATEGY_INTERNAL_ZERO_CALLER	Strategy/perps internal zero-caller declaration; owning subsystem remains authoritative, direct wiring requires distinct non-duplicate evidence.
1412	V3EngineManager	recordV3OutcomeVsFdg	v3/V3EngineManager.kt	STRATEGY_INTERNAL_ZERO_CALLER	Strategy/perps internal zero-caller declaration; owning subsystem remains authoritative, direct wiring requires distinct non-duplicate evidence.
1413	V3EngineManager	shadowOnly	v3/V3EngineManager.kt	STRATEGY_INTERNAL_ZERO_CALLER	Strategy/perps internal zero-caller declaration; owning subsystem remains authoritative, direct wiring requires distinct non-duplicate evidence.
1414	V3EngineManager	shouldExecute	v3/V3EngineManager.kt	READBACK_PREDICATE_ADVISORY	State/readback/predicate/advisory surface; no independent authority implied by zero callers.
1415	V3VerdictContract6622	detect6622	engine/truth/V3VerdictContract6622.kt	TRUTH_INTERNAL_ZERO_CALLER	Canonical truth-layer zero-caller internal/compatibility declaration; retain unwired or delete, never fabricate a parallel caller.
1416	V3VerdictContract6622	isFatal6622	engine/truth/V3VerdictContract6622.kt	READBACK_PREDICATE_ADVISORY	State/readback/predicate/advisory surface; no independent authority implied by zero callers.
1417	V3VerdictContract6622	parse6622	engine/truth/V3VerdictContract6622.kt	TRUTH_INTERNAL_ZERO_CALLER	Canonical truth-layer zero-caller internal/compatibility declaration; retain unwired or delete, never fabricate a parallel caller.
1418	V3VerdictContract6622	recordSpecialistOverride6622	engine/truth/V3VerdictContract6622.kt	TRUTH_INTERNAL_ZERO_CALLER	Canonical truth-layer zero-caller internal/compatibility declaration; retain unwired or delete, never fabricate a parallel caller.
1419	VoiceDiagnostics	cacheHitRate	engine/voice/VoiceDiagnostics.kt	PRODUCT_UI_VOICE_DEAD	Product/UI/voice surface; zero-caller does not imply trading wiring.
1420	VoiceManager	getBackend	engine/VoiceManager.kt	PRODUCT_UI_VOICE_DEAD	Product/UI/voice surface; zero-caller does not imply trading wiring.
1421	VoiceManager	setBackend	engine/VoiceManager.kt	PRODUCT_UI_VOICE_DEAD	Product/UI/voice surface; zero-caller does not imply trading wiring.
1422	VoiceSfxLibrary	cacheDir	engine/voice/VoiceSfxLibrary.kt	PRODUCT_UI_VOICE_DEAD	Product/UI/voice surface; zero-caller does not imply trading wiring.
1423	WalletActivity	applyWithdrawPct	ui/WalletActivity.kt	PRODUCT_UI_VOICE_DEAD	Product/UI/voice surface; zero-caller does not imply trading wiring.
1424	WalletActivity	currentTreasury	ui/WalletActivity.kt	PRODUCT_UI_VOICE_DEAD	Product/UI/voice surface; zero-caller does not imply trading wiring.
1425	WalletAssetClass6387	classifyFrozen	engine/truth/WalletAssetClassification6387.kt	TRUTH_INTERNAL_ZERO_CALLER	Canonical truth-layer zero-caller internal/compatibility declaration; retain unwired or delete, never fabricate a parallel caller.
1426	WalletAssetClass6387	countsAsFreeEntrySlot	engine/truth/WalletAssetClassification6387.kt	READBACK_PREDICATE_ADVISORY	State/readback/predicate/advisory surface; no independent authority implied by zero callers.
1427	WalletAssetClass6387	isDeletedMint	engine/truth/WalletAssetClassification6387.kt	READBACK_PREDICATE_ADVISORY	State/readback/predicate/advisory surface; no independent authority implied by zero callers.
1428	WalletAssetClass6387	isLearningEligible	engine/truth/WalletAssetClassification6387.kt	READBACK_PREDICATE_ADVISORY	State/readback/predicate/advisory surface; no independent authority implied by zero callers.
1429	WalletConnectionState	getCurrentRpcUrl	engine/WalletManager.kt	READBACK_PREDICATE_ADVISORY	State/readback/predicate/advisory surface; no independent authority implied by zero callers.
1430	WalletConnectionState	loadMultiChainWallet	engine/WalletManager.kt	LEGACY_ZERO_CALLER_DO_NOT_AUTOWIRE	No production caller found in static ledger; classify as legacy/internal dead declaration pending deletion or explicit redesign, not arbitrary wiring.
1431	WalletConnectionState	noteObservedSolPrice7042	engine/WalletManager.kt	LEGACY_ZERO_CALLER_DO_NOT_AUTOWIRE	No production caller found in static ledger; classify as legacy/internal dead declaration pending deletion or explicit redesign, not arbitrary wiring.
1432	WalletConnectionState	restoreObservedSolPrice7042	engine/WalletManager.kt	LEGACY_ZERO_CALLER_DO_NOT_AUTOWIRE	No production caller found in static ledger; classify as legacy/internal dead declaration pending deletion or explicit redesign, not arbitrary wiring.
1433	WalletPositionLock	getBreakdown	engine/WalletPositionLock.kt	READBACK_PREDICATE_ADVISORY	State/readback/predicate/advisory surface; no independent authority implied by zero callers.
1434	WalletPositionLock	getExposurePct	engine/WalletPositionLock.kt	READBACK_PREDICATE_ADVISORY	State/readback/predicate/advisory surface; no independent authority implied by zero callers.
1435	WalletPositionLock	getTotalDeployed	engine/WalletPositionLock.kt	READBACK_PREDICATE_ADVISORY	State/readback/predicate/advisory surface; no independent authority implied by zero callers.
1436	WalletReconciler	isHeldOrOpen	engine/WalletReconciler.kt	READBACK_PREDICATE_ADVISORY	State/readback/predicate/advisory surface; no independent authority implied by zero callers.
1437	WalletReconciler	knownMintContains	engine/WalletReconciler.kt	READBACK_PREDICATE_ADVISORY	State/readback/predicate/advisory surface; no independent authority implied by zero callers.
1438	WalletTokenMemory	getAllEntries	engine/WalletTokenMemory.kt	READBACK_PREDICATE_ADVISORY	State/readback/predicate/advisory surface; no independent authority implied by zero callers.
1439	WalletTokenMemory	isKnownOpenPosition	engine/WalletTokenMemory.kt	READBACK_PREDICATE_ADVISORY	State/readback/predicate/advisory surface; no independent authority implied by zero callers.
1440	WatchlistEngine	addCategoryToWatchlist	perps/WatchlistEngine.kt	STRATEGY_INTERNAL_ZERO_CALLER	Strategy/perps internal zero-caller declaration; owning subsystem remains authoritative, direct wiring requires distinct non-duplicate evidence.
1441	WatchlistEngine	isOnWatchlist	perps/WatchlistEngine.kt	READBACK_PREDICATE_ADVISORY	State/readback/predicate/advisory surface; no independent authority implied by zero callers.
1442	WatchlistEngine	setAlertCallback	perps/WatchlistEngine.kt	EXPLICIT_CONTROL_MAINTENANCE	Explicit mutator/recovery/config/maintenance API; do not auto-call from trading hot path.
1443	WatchlistRebalanceThrottle6433	markMaterialChange	engine/truth/WatchlistRebalanceThrottle6433.kt	EXPLICIT_CONTROL_MAINTENANCE	Explicit mutator/recovery/config/maintenance API; do not auto-call from trading hot path.
1444	WatchlistRebalanceThrottle6433	maybeRun	engine/truth/WatchlistRebalanceThrottle6433.kt	TRUTH_INTERNAL_ZERO_CALLER	Canonical truth-layer zero-caller internal/compatibility declaration; retain unwired or delete, never fabricate a parallel caller.
1445	WatchlistRebalanceThrottle6433	maybeRunInternal	engine/truth/WatchlistRebalanceThrottle6433.kt	TRUTH_INTERNAL_ZERO_CALLER	Canonical truth-layer zero-caller internal/compatibility declaration; retain unwired or delete, never fabricate a parallel caller.
1446	WatchlistTtlPolicy	dedupeByMint	engine/WatchlistTtlPolicy.kt	LEGACY_ZERO_CALLER_DO_NOT_AUTOWIRE	No production caller found in static ledger; classify as legacy/internal dead declaration pending deletion or explicit redesign, not arbitrary wiring.
1447	WaveEntryQualityGate6382	evaluateForTests	engine/WaveEntryQualityGate6382.kt	TEST_HOOK_ONLY	Explicit test/reset/probe hook; never production-wire to satisfy static analysis.
1448	WhaleDetector	clearToken	engine/WhaleDetector.kt	EXPLICIT_CONTROL_MAINTENANCE	Explicit mutator/recovery/config/maintenance API; do not auto-call from trading hot path.
1449	WhaleWalletTracker	getWatchedWhaleMovements	engine/WhaleWalletTracker.kt	READBACK_PREDICATE_ADVISORY	State/readback/predicate/advisory surface; no independent authority implied by zero callers.
1450	WhaleWalletTracker	getWatchedWhales	engine/WhaleWalletTracker.kt	READBACK_PREDICATE_ADVISORY	State/readback/predicate/advisory surface; no independent authority implied by zero callers.
1451	WhaleWalletTracker	recordFollowOutcome	engine/WhaleWalletTracker.kt	LEGACY_ZERO_CALLER_DO_NOT_AUTOWIRE	No production caller found in static ledger; classify as legacy/internal dead declaration pending deletion or explicit redesign, not arbitrary wiring.
1452	WhaleWalletTracker	setOnMovementCallback	engine/WhaleWalletTracker.kt	EXPLICIT_CONTROL_MAINTENANCE	Explicit mutator/recovery/config/maintenance API; do not auto-call from trading hot path.
1453	WhaleWalletTracker	unwatchWhale	engine/WhaleWalletTracker.kt	EXPLICIT_CONTROL_MAINTENANCE	Explicit mutator/recovery/config/maintenance API; do not auto-call from trading hot path.
1454	WhaleWalletTracker	watchWhale	engine/WhaleWalletTracker.kt	LEGACY_ZERO_CALLER_DO_NOT_AUTOWIRE	No production caller found in static ledger; classify as legacy/internal dead declaration pending deletion or explicit redesign, not arbitrary wiring.
1455	WorkerPoolDomainRegistry6411	canDegradedEntry	engine/truth/WorkerPoolDomainRegistry6411.kt	READBACK_PREDICATE_ADVISORY	State/readback/predicate/advisory surface; no independent authority implied by zero callers.
1456	WorkerPoolDomainRegistry6411	markDisabled	engine/truth/WorkerPoolDomainRegistry6411.kt	EXPLICIT_CONTROL_MAINTENANCE	Explicit mutator/recovery/config/maintenance API; do not auto-call from trading hot path.
1457	WorkerPoolDomainRegistry6411	markHealthy	engine/truth/WorkerPoolDomainRegistry6411.kt	EXPLICIT_CONTROL_MAINTENANCE	Explicit mutator/recovery/config/maintenance API; do not auto-call from trading hot path.
1458	XScraper	checkSolanaAccounts	network/XScraper.kt	BACKGROUND_IO_PROVIDER_HELPER	Network/database/provider surface; keep bounded/background or behind provider authority.
